Key,Transcription
s3://label-studio-in/STT_Audio_Datasets/Cult_Source/2604500_2025_01_17_12_23_GMT_384_segment_001.mp3,at least 3-4 months के बाद मैंने फिर से कल्पवालों को call किया था
s3://label-studio-in/STT_Audio_Datasets/Cult_Source/2604500_2025_01_17_12_23_GMT_384_segment_002.mp3,"और मैंको वहीं से online से ये मुझे offer price मिला था 12,600 का."
s3://label-studio-in/STT_Audio_Datasets/Cult_Source/2604500_2025_01_17_12_23_GMT_384_segment_003.mp3,ही होता है जैसे कि आप भी आप समझ लीजिए आपका membership expire होके एक week हो गया तब अगर आप
s3://label-studio-in/STT_Audio_Datasets/Cult_Source/2604500_2025_01_17_12_23_GMT_384_segment_004.mp3,तब purchase कर लेते हो तो आपको मिल जाता है
s3://label-studio-in/STT_Audio_Datasets/Cult_Source/2604500_2025_01_17_12_23_GMT_384_segment_007.mp3,"meanwhile I was checking with my friends के मेरे friends का हो गया था, I'll get an extension of 1111 month करके,"
s3://label-studio-in/STT_Audio_Datasets/Cult_Source/2604500_2025_01_17_12_23_GMT_384_segment_008.mp3,So we were checking with the pricing तो बहुत ज्यादा costly जा रहा था अगर कुछ आप help कर सकते हैं दो जनों का
s3://label-studio-in/STT_Audio_Datasets/Cult_Source/2604500_2025_01_17_12_23_GMT_384_segment_009.mp3,देखिया अगर इसमें retention plan आ गया तो he will make the payment
s3://label-studio-in/STT_Audio_Datasets/Cult_Source/2604500_2025_01_17_12_23_GMT_384_segment_011.mp3,आप ऐसे भी कर सकते हो सर का और एक number available है जहां पर आप
s3://label-studio-in/STT_Audio_Datasets/Cult_Source/2604500_2025_01_17_12_23_GMT_384_segment_014.mp3,जैसे कि समझ लीजिए कभी-कभी आपको membership के साथ cashback आता है
s3://label-studio-in/STT_Audio_Datasets/Cult_Source/2604500_2025_01_17_12_23_GMT_384_segment_016.mp3,जब आपको cashback आएगा तो आप उन्हें refer करके 500 का discount भी मिल जाएगा और 1200 या 1500 का amazon voucher का cashback भी मिल जाएगा उनको
s3://label-studio-in/STT_Audio_Datasets/Cult_Source/2604500_2025_01_17_12_23_GMT_384_segment_017.mp3,अगर उसके लिए भी आपको call करके update करवाना हो तो जब भी वो offer आएगा मैं आपको call करके update करा दूँगा
s3://label-studio-in/STT_Audio_Datasets/Cult_Source/2604500_2025_01_17_12_23_GMT_384_segment_019.mp3,बता रहा हूँ एक minute अगर आप आज proceed करते हो membership के लिए आपका
s3://label-studio-in/STT_Audio_Datasets/Cult_Source/2604500_2025_01_17_12_23_GMT_384_segment_025.mp3,अगर ये pay करेंगे तो मुझे कुछ इसका benefit मिलेंगा
s3://label-studio-in/STT_Audio_Datasets/Cult_Source/2604500_2025_01_17_12_23_GMT_384_segment_026.mp3,"तो अगर आप सर पर्सेस करेंगे तो ये membership उनके लिए 13,997 पड़ेगा."
s3://label-studio-in/STT_Audio_Datasets/Cult_Source/2604500_2025_01_17_12_23_GMT_384_segment_027.mp3,क्योंकि 500 का ही discount apply होता है ना उजर का
s3://label-studio-in/STT_Audio_Datasets/Cult_Source/2604500_2025_01_17_12_23_GMT_384_segment_031.mp3,क्योंकि अगर मैंने discount activate कर दिया और sir ने purchase कर लिया
s3://label-studio-in/STT_Audio_Datasets/Cult_Source/2604500_2025_01_17_12_23_GMT_384_segment_032.mp3,"तो आपको 1 month extension नहीं मिलेगा, अगर आप रफ्सर करते हो, उनको 500 का discount मिलेगा, और 1 month का extension आपको मिलेगा."
s3://label-studio-in/STT_Audio_Datasets/Cult_Source/2604500_2025_01_17_12_23_GMT_384_segment_033.mp3,एक friend को purchase करवाना चाहते हैं अगर आप अपने application में available हैं
s3://label-studio-in/STT_Audio_Datasets/Cult_Source/2604500_2025_01_17_12_23_GMT_384_segment_034.mp3,"तो आप अपने top left corner में profile icon रहेगा,"
s3://label-studio-in/STT_Audio_Datasets/Cult_Source/2604500_2025_01_17_12_23_GMT_384_segment_035.mp3,क्लिक करने के बाद आपको यूजर पे एक option आएगा refer a friend
s3://label-studio-in/STT_Audio_Datasets/Cult_Source/2604500_2025_01_17_12_23_GMT_384_segment_039.mp3,अगर if in case by end of the day अगर mind change करते हो
s3://label-studio-in/STT_Audio_Datasets/Cult_Source/2451171_2025_02_01_07_00_GMT_384_segment_001.mp3,तो दो नंबर से membership लेनी मुझे वाला इंडियार थी
s3://label-studio-in/STT_Audio_Datasets/Cult_Source/2451171_2025_02_01_07_00_GMT_384_segment_002.mp3,आप इसी number से plan करें right जिस number से अभी मैं call कर रहा हूँ आपको
s3://label-studio-in/STT_Audio_Datasets/Cult_Source/2451171_2025_02_01_07_00_GMT_384_segment_004.mp3,"अगर आप लक्नो के लिए All India Park देख रहे हैं तो अभी इसका cost शो है,"
s3://label-studio-in/STT_Audio_Datasets/Cult_Source/2451171_2025_02_01_07_00_GMT_384_segment_005.mp3,"sorry, 25,500 रुपीज के करीब में था अच्छा ठीक है"
s3://label-studio-in/STT_Audio_Datasets/Cult_Source/2451171_2025_02_01_07_00_GMT_384_segment_006.mp3,offer चल रहा है तो prices जो है आज आपको
s3://label-studio-in/STT_Audio_Datasets/Cult_Source/2451171_2025_02_01_07_00_GMT_384_segment_009.mp3,क्योंकि मैंने यहां पे capture किया हुआ था इसलिए मैं आपको बता रहा था
s3://label-studio-in/STT_Audio_Datasets/Cult_Source/2451171_2025_02_01_07_00_GMT_384_segment_010.mp3,"anyways तो अभी ये जो आपको 25,000 रुपेस cost पढ़ रहा है इसमें जो है आपको"
s3://label-studio-in/STT_Audio_Datasets/Cult_Source/2451171_2025_02_01_07_00_GMT_384_segment_014.mp3,"अभी जो इसका price जो है 25,000 मैं आपको discount होने के बाद 24,250 रुपीज तक करवा सकता हूँ sir."
s3://label-studio-in/STT_Audio_Datasets/Cult_Source/2451171_2025_02_01_07_00_GMT_384_segment_015.mp3,यहां पे एक और option मैं आपको दे रहा हूँ लेकिन जैसे ही आप membership लोगे
s3://label-studio-in/STT_Audio_Datasets/Cult_Source/2451171_2025_02_01_07_00_GMT_384_segment_016.mp3,"आप इस number पे refer कर सकते हो सो, that is like"
s3://label-studio-in/STT_Audio_Datasets/Cult_Source/2451171_2025_02_01_07_00_GMT_384_segment_018.mp3,"तो आपको one month का extension मिलेगा sir, या फिर उनको भी similar discount ही मिलेगा sir, 17,"
s3://label-studio-in/STT_Audio_Datasets/Cult_Source/2451171_2025_02_01_07_00_GMT_384_segment_020.mp3,eligible नहीं रहेगा तो मैं मेरे तरफ से 750 रुपीज का discount दे सकता हूँ सुनने को भी
s3://label-studio-in/STT_Audio_Datasets/Cult_Source/2451171_2025_02_01_07_00_GMT_384_segment_021.mp3,कोई terms and conditions तो नहीं है न all india मतलब all india
s3://label-studio-in/STT_Audio_Datasets/Cult_Source/2451171_2025_02_01_07_00_GMT_384_segment_022.mp3,कुछ वो नहीं है कि limited number of days है कि मैं
s3://label-studio-in/STT_Audio_Datasets/Cult_Source/2451171_2025_02_01_07_00_GMT_384_segment_023.mp3,इतने ही days यहाँ कर सकता हूँ उतने days यहाँ कर सकता हूँ
s3://label-studio-in/STT_Audio_Datasets/Cult_Source/2451171_2025_02_01_07_00_GMT_384_segment_028.mp3,और 2 times आगर आप आज gym को जा रहे हैं तो ये भी possible है साथ।
s3://label-studio-in/STT_Audio_Datasets/Cult_Source/2451171_2025_02_01_07_00_GMT_384_segment_029.mp3,सिर्फ group classes का मैं आपको एक बार procedure explain कर देता हूँ sir किस तरह आपको group classes book करना होता है ठीक है
s3://label-studio-in/STT_Audio_Datasets/Cult_Source/2451171_2025_02_01_07_00_GMT_384_segment_032.mp3,"एफ ओर डिस्क आपको विजिबिलिटी मिलेगा कि Shorts Cup Cup अवेलेबल है, ठीक है?"
s3://label-studio-in/STT_Audio_Datasets/Cult_Source/2451171_2025_02_01_07_00_GMT_384_segment_033.mp3,"Today, अगर आप आज morning पे एक class ले रहे हो और evening पे एक class ले रहे हो,"
s3://label-studio-in/STT_Audio_Datasets/Cult_Source/2451171_2025_02_01_07_00_GMT_384_segment_034.mp3,आज ही आप अच्छे time 4 slots आप block कर सकते हो साओ
s3://label-studio-in/STT_Audio_Datasets/Cult_Source/2451171_2025_02_01_07_00_GMT_384_segment_035.mp3,"2 for today and 2 for tomorrow, 2 आज के लिए और 2 कल के लिए."
s3://label-studio-in/STT_Audio_Datasets/Cult_Source/2451171_2025_02_01_07_00_GMT_384_segment_036.mp3,"likewise, जैसे ही आप एक clause, एक slot जैसे आप utilize करगे,"
s3://label-studio-in/STT_Audio_Datasets/Cult_Source/2451171_2025_02_01_07_00_GMT_384_segment_037.mp3,तो कृष्ट्र से आपको option मिलेगा additional one more slot book करने के लिए साथ
s3://label-studio-in/STT_Audio_Datasets/Cult_Source/2451171_2025_02_01_07_00_GMT_384_segment_038.mp3,likewise आप unlimited slots book कर सकते हो अटे time आप 4 slots book कर सकते हो साओ
s3://label-studio-in/STT_Audio_Datasets/Cult_Source/2451171_2025_02_01_07_00_GMT_384_segment_039.mp3,तो in case अगर आप आज काम पे एक slot book किया है लेकिन कुछ reason के वड़े से आपने नहीं किया है slot I mean आप busy हो
s3://label-studio-in/STT_Audio_Datasets/Cult_Source/2451171_2025_02_01_07_00_GMT_384_segment_040.mp3,तो आप 1 hour schedule timing से पहले आपको class slot जो वो cancel करना होता है।
s3://label-studio-in/STT_Audio_Datasets/Cult_Source/2451171_2025_02_01_07_00_GMT_384_segment_043.mp3,जो class अगर miss करने से एक जे का penalty रहेगा है।
s3://label-studio-in/STT_Audio_Datasets/Cult_Source/2451171_2025_02_01_07_00_GMT_384_segment_044.mp3,एक दिन का penalty रहेगा या three time same रहेगा like three days का penalty
s3://label-studio-in/STT_Audio_Datasets/Cult_Source/2451171_2025_02_01_07_00_GMT_384_segment_045.mp3,"तो आप एक काम कर सकते हो, before 1 hour आपको option मिलेगा cancel करने के लिए, आप cancel कर सकते हो slot,"
s3://label-studio-in/STT_Audio_Datasets/Cult_Source/2451171_2025_02_01_07_00_GMT_384_segment_047.mp3,"next available startup चक करके आप वो कर सकते होता हूँ,"
s3://label-studio-in/STT_Audio_Datasets/Cult_Source/2451171_2025_02_01_07_00_GMT_384_segment_049.mp3,"जिम के लिए कुछ slots book करने के लिए requirement नहीं है, directly जिम को चाहके,"
s3://label-studio-in/STT_Audio_Datasets/Cult_Source/2451171_2025_02_01_07_00_GMT_384_segment_050.mp3,लिफ्ट QR कोड स्कान करके आप वर कोड परफॉर्म कर सकते हो सब
s3://label-studio-in/STT_Audio_Datasets/Cult_Source/2451171_2025_02_01_07_00_GMT_384_segment_052.mp3,GSS Classes के लिए और जो है आपको Unlimited Access Online में भी मिल रहा है तो आपको
s3://label-studio-in/STT_Audio_Datasets/Cult_Source/2451171_2025_02_01_07_00_GMT_384_segment_055.mp3,हाँ online तो नहीं होगा वैसे offline ही करना होगा
s3://label-studio-in/STT_Audio_Datasets/Cult_Source/2451171_2025_02_01_07_00_GMT_384_segment_058.mp3,"आपकी जो membership है, आपको stop कर सकते हो, I mean आप pause कर सकते हो,"
s3://label-studio-in/STT_Audio_Datasets/Cult_Source/2451171_2025_02_01_07_00_GMT_384_segment_059.mp3,तो कोई restriction नहीं है कि मुझे हफ्ते बार की करनी पड़ेगी
s3://label-studio-in/STT_Audio_Datasets/Cult_Source/2451171_2025_02_01_07_00_GMT_384_segment_060.mp3,"हाँ, overall up to 60 days का, आपको 60 days मिलेंगे सो."
s3://label-studio-in/STT_Audio_Datasets/Cult_Source/2451171_2025_02_01_07_00_GMT_384_segment_061.mp3,"60 days के अंदर, I mean 60 days जब तक आप utilize नहीं करोगे तब तक आप pause कर सकते हो."
s3://label-studio-in/STT_Audio_Datasets/Cult_Source/2451171_2025_02_01_07_00_GMT_384_segment_063.mp3,2000 and above रहेगे तो आपको 15% रुपसे इसका डिस्कॉर्ण में मिलेगा
s3://label-studio-in/STT_Audio_Datasets/Cult_Source/2451171_2025_02_01_07_00_GMT_384_segment_064.mp3,application open करके मुझे एक बार prices बता दीजिए मैंने आपके number पे changes किया हुआ है
s3://label-studio-in/STT_Audio_Datasets/Cult_Source/2451171_2025_02_01_07_00_GMT_384_segment_066.mp3,मैं line पे रहता हूँ sir जैसे होने के बद बताइए मैं आप conditional switches अभी add कर देता हूँ sir
s3://label-studio-in/STT_Audio_Datasets/Cult_Source/2451171_2025_02_01_07_00_GMT_384_segment_069.mp3,यहाँ पर मैं आपको features आट कर देता हूँ addition.
s3://label-studio-in/STT_Audio_Datasets/Cult_Source/2451171_2025_02_01_07_00_GMT_384_segment_071.mp3,और बाद में भी आपको option लगा यह update करने के लिए जैसे आप start करोगे fitness
s3://label-studio-in/STT_Audio_Datasets/Cult_Source/2451171_2025_02_01_07_00_GMT_384_segment_073.mp3,तो अभी top left hand से profile account पे tap कीजिए
s3://label-studio-in/STT_Audio_Datasets/Cult_Source/2451171_2025_02_01_07_00_GMT_384_segment_074.mp3,"tap करने के बाद, जैसे आप scroll down करेंगे, वहाँ पर आपको आपकी membership का"
s3://label-studio-in/STT_Audio_Datasets/Cult_Source/2451171_2025_02_01_07_00_GMT_384_segment_078.mp3,membership पर upcoming membership पर जैसे ही आप टाप करेंगे
s3://label-studio-in/STT_Audio_Datasets/Cult_Source/2451171_2025_02_01_07_00_GMT_384_segment_079.mp3,वहाँ पे आपको edit का option शो कर रहा है
s3://label-studio-in/STT_Audio_Datasets/Cult_Source/2451171_2025_02_01_07_00_GMT_384_segment_080.mp3,वो जो edit का जो option है जैसे ही example अगर आप Feb 6 से start
s3://label-studio-in/STT_Audio_Datasets/Cult_Source/2451171_2025_02_01_07_00_GMT_384_segment_081.mp3,"अगर आपको next month start करना हो या next week,"
s3://label-studio-in/STT_Audio_Datasets/Cult_Source/2451171_2025_02_01_07_00_GMT_384_segment_083.mp3,तो आप फिर से one month का deferred study date आपको मैं दिया हूँ था ठीक है।
s3://label-studio-in/STT_Audio_Datasets/Cult_Source/2451171_2025_02_01_07_00_GMT_384_segment_084.mp3,back करने के बाद जैसे same page पे अगर आप
s3://label-studio-in/STT_Audio_Datasets/Cult_Source/2451171_2025_02_01_07_00_GMT_384_segment_087.mp3,"नहीं से नहीं से, उनको उस number पे share करना होता है।"
s3://label-studio-in/STT_Audio_Datasets/Cult_Source/2451171_2025_02_01_07_00_GMT_384_segment_088.mp3,तो एक बार ma'am को application open करने के लिए
s3://label-studio-in/STT_Audio_Datasets/Cult_Source/2451171_2025_02_01_07_00_GMT_384_segment_089.mp3,करके date select करने के बाद और वहां पर आपको show करेगा
s3://label-studio-in/STT_Audio_Datasets/Cult_Source/2451171_2025_02_01_07_00_GMT_384_segment_092.mp3,आपकी membership पर मैं one month का extension मेरी तरफ से provide करूँगा तो.
s3://label-studio-in/STT_Audio_Datasets/Cult_Source/2451171_2025_02_01_07_00_GMT_384_segment_093.mp3,"सर, I am online, जैसे होएगा मुझे एक बार बता दीजी सर, ठीक है।"
s3://label-studio-in/STT_Audio_Datasets/Cult_Source/2451171_2025_02_01_07_00_GMT_384_segment_094.mp3,एक second अभी मैं इस बार चर्क कर लेता हूँ
s3://label-studio-in/STT_Audio_Datasets/Cult_Source/2451171_2025_02_01_07_00_GMT_384_segment_095.mp3,तो इसमें one or two minutes लगेगा extension और आपका भी extension आट करने के लिए
s3://label-studio-in/STT_Audio_Datasets/Cult_Source/2451171_2025_02_01_07_00_GMT_384_segment_096.mp3,मैं आपको mute पर place कर रहा हूँ सा ठीक है
s3://label-studio-in/STT_Audio_Datasets/Cult_Source/2451171_2025_02_01_07_00_GMT_384_segment_099.mp3,चक कर रहे हैं तो May 21 आपको शो करेगा तो ठीक है
s3://label-studio-in/STT_Audio_Datasets/Cult_Source/2451171_2025_02_01_07_00_GMT_384_segment_100.mp3,make sure 24 hours to 48 hours से पहले आप change करते हैं
s3://label-studio-in/STT_Audio_Datasets/Cult_Source/2451171_2025_02_01_07_00_GMT_384_segment_101.mp3,क्योंकि जैसे membership activate हो जाएगी आपको option नहीं मिलेगा सौ
s3://label-studio-in/STT_Audio_Datasets/Cult_Source/2451171_2025_02_01_07_00_GMT_384_segment_102.mp3,"in case अगर आप future में भी कुछ doubt तक कुछ जान करें हैं तो,"
s3://label-studio-in/STT_Audio_Datasets/Cult_Source/2451171_2025_02_01_07_00_GMT_384_segment_103.mp3,"आप इसी number पे call कर सकते होंगे, ठीक है?"
s3://label-studio-in/STT_Audio_Datasets/Cult_Source/2451171_2025_02_01_07_00_GMT_384_segment_104.mp3,"thank you sir, अगर future में अगर आप किसी को refer करना चाहिए हो, तो आप refer कर सकते हो sir, ठीक है, मेरे तरह से"
s3://label-studio-in/STT_Audio_Datasets/Cult_Source/2451171_2025_02_01_07_00_GMT_384_segment_106.mp3,ये group classes के लिए try करें या gym के लिए तो हैं?
s3://label-studio-in/STT_Audio_Datasets/Cult_Source/2451171_2025_02_01_07_00_GMT_384_segment_107.mp3,इनसे कही है कि direct gym को visit करने के लिए
s3://label-studio-in/STT_Audio_Datasets/Cult_Source/2451171_2025_02_01_07_00_GMT_384_segment_108.mp3,वहां पे हम लोग के Central Managers अविलेबल होते हैं
s3://label-studio-in/STT_Audio_Datasets/Cult_Source/2660348_2025_01_30_05_14_GMT_384_segment_002.mp3,और we can help them with a similar discount of the DEMA
s3://label-studio-in/STT_Audio_Datasets/Cult_Source/2666372_2025_02_04_13_23_GMT_384_segment_001.mp3,दिनवाद से confirm करने के लिए क्या यह सी समय आप से बात करने के लिए सब?
s3://label-studio-in/STT_Audio_Datasets/Cult_Source/2666372_2025_02_04_13_23_GMT_384_segment_002.mp3,"जो 7 o'clock था, मैंने जो reason आपको call के, हम लोग एक अच्छे offer से जा रहे थे, और plus आपको retention package भी मिल रहे थी, इसलिए."
s3://label-studio-in/STT_Audio_Datasets/Cult_Source/2637533_2025_01_25_09_51_GMT_384_segment_002.mp3,चार बजे आप call back कर सकते हैं। एक दो questions भी थे मेरे
s3://label-studio-in/STT_Audio_Datasets/Cult_Source/2637533_2025_01_25_09_51_GMT_384_segment_003.mp3,अगर अपने को fat loss एक particular part पर करना है
s3://label-studio-in/STT_Audio_Datasets/Cult_Source/2637533_2025_01_25_09_51_GMT_384_segment_004.mp3,तो वो कैसे रहेगा मतलब वो 5 तो usually overall होता है ना
s3://label-studio-in/STT_Audio_Datasets/Cult_Source/2637533_2025_01_25_09_51_GMT_384_segment_005.mp3,"फिर overall fight loss नहीं आएगा न वही, जो ही वो मैं इसको बोला न कि शायद कुछ strategic fight loss भी हो जाएगा,"
s3://label-studio-in/STT_Audio_Datasets/Cult_Source/2637533_2025_01_25_09_51_GMT_384_segment_008.mp3,तो अगर समझो आपने कुछ plan मना के दिया है वो सब दिया है वो लिए नहीं बन पाई तो कैसे होगा
s3://label-studio-in/STT_Audio_Datasets/Cult_Source/2637533_2025_01_25_09_51_GMT_384_segment_009.mp3,हमारे यहाँ पे क्या होता है सर यह कल्ट में 9mm का एक ball concept होती है सर
s3://label-studio-in/STT_Audio_Datasets/Cult_Source/2637533_2025_01_25_09_51_GMT_384_segment_010.mp3,तो ये कोई fancy diet नहीं होता है कोई strict diet नहीं होता है जो भी खाना खा रहे हो
s3://label-studio-in/STT_Audio_Datasets/Cult_Source/2637533_2025_01_25_09_51_GMT_384_segment_011.mp3,"एक ball contact पे आपको दिया जाता है, तो एक ball में कितने carbs, proteins, fibers आप इंटेक्टर सकते हैं?"
s3://label-studio-in/STT_Audio_Datasets/Cult_Source/2637533_2025_01_25_09_51_GMT_384_segment_013.mp3,यहाँ पे first of all मैं बता देता हूँ कोई भी supplement
s3://label-studio-in/STT_Audio_Datasets/Cult_Source/2637533_2025_01_25_09_51_GMT_384_segment_014.mp3,तो भी आपको बोला जाएगे कि जो go and consult with your doctor.
s3://label-studio-in/STT_Audio_Datasets/Cult_Source/2637533_2025_01_25_09_51_GMT_384_segment_017.mp3,maintenance चीज के लिए दिया जाता है वहाँ पे maintenance में कुछ
s3://label-studio-in/STT_Audio_Datasets/Cult_Source/2637533_2025_01_25_09_51_GMT_384_segment_018.mp3,"कि overall well-being का करना है, तो बीए में इतना हाई नहीं है,"
s3://label-studio-in/STT_Audio_Datasets/Cult_Source/2637533_2025_01_25_09_51_GMT_384_segment_023.mp3,जो अभी अभी enroll करेंगे तो पूरा आपका application का interface जो है change हो जाएगा ठीक है बहुत सारे options आपको मिल जाएगे
s3://label-studio-in/STT_Audio_Datasets/Cult_Source/2637533_2025_01_25_09_51_GMT_384_segment_025.mp3,"आपको link को click करना है और join करनी है, simple है."
s3://label-studio-in/STT_Audio_Datasets/Cult_Source/2637533_2025_01_25_09_51_GMT_384_segment_028.mp3,meditation करना है तो वो सब भी access करेगा क्या?
s3://label-studio-in/STT_Audio_Datasets/Cult_Source/2637533_2025_01_25_09_51_GMT_384_segment_029.mp3,"dance fitness, boxing, बहुत आरे formats हैं, आपको video sessions दिया जाता है,"
s3://label-studio-in/STT_Audio_Datasets/Cult_Source/2637533_2025_01_25_09_51_GMT_384_segment_032.mp3,"ये transform plus weight loss के लिए ठीक है, वो जिसका"
s3://label-studio-in/STT_Audio_Datasets/Cult_Source/2637533_2025_01_25_09_51_GMT_384_segment_033.mp3,बताया था आपको कि transform plus में तीन options हैं वाम
s3://label-studio-in/STT_Audio_Datasets/Cult_Source/2637533_2025_01_25_09_51_GMT_384_segment_035.mp3,मान लीजिए अगर आप muscle gain कर रहे हो तो
s3://label-studio-in/STT_Audio_Datasets/Cult_Source/2637533_2025_01_25_09_51_GMT_384_segment_036.mp3,नॉर्मल वेट अगर आप हिंदी लाइस्टाल रूटीन फॉलो करना है तो आप वेट मैनेज्मेंट में ही चले जाएगे कल Transform Plus के लिए
s3://label-studio-in/STT_Audio_Datasets/Cult_Source/2637533_2025_01_25_09_51_GMT_384_segment_037.mp3,कोई trial pack ऐसा कुछ नहीं है क्या मतलब हम लोग सोच रहे थे नो करने का
s3://label-studio-in/STT_Audio_Datasets/Cult_Source/2637533_2025_01_25_09_51_GMT_384_segment_040.mp3,पर वो दो तीन महिने के बाद stagnant हो गया
s3://label-studio-in/STT_Audio_Datasets/Cult_Source/2637533_2025_01_25_09_51_GMT_384_segment_042.mp3,तो फिर ऐसा mislead नहीं होना चाहिए बस उसके लिए
s3://label-studio-in/STT_Audio_Datasets/Cult_Source/2637533_2025_01_25_09_51_GMT_384_segment_044.mp3,"तू का सोच रहे है, maybe third one में may join,"
s3://label-studio-in/STT_Audio_Datasets/Cult_Source/2637533_2025_01_25_09_51_GMT_384_segment_045.mp3,"करेंगे, मतलब उसके लिए मैं आपको confidence call पर लेता हूँ"
s3://label-studio-in/STT_Audio_Datasets/Cult_Source/2637533_2025_01_25_09_51_GMT_384_segment_046.mp3,"उसके बाद हम आपको go ahead, no go ahead जो भी आपको बताएंगे"
s3://label-studio-in/STT_Audio_Datasets/Cult_Source/2637533_2025_01_25_09_51_GMT_384_segment_047.mp3,"तब तक आप मुझे कुछ एक अंदा तो दे सकते हो क्या, जो आप जो discount बोल रहे थे, दो लोगों उनका लेंगे साथ में,"
s3://label-studio-in/STT_Audio_Datasets/Cult_Source/2637533_2025_01_25_09_51_GMT_384_segment_048.mp3,but later on लगा कि हम लोग को की result अच्छा मिला and we would like to extend.
s3://label-studio-in/STT_Audio_Datasets/Cult_Source/2637533_2025_01_25_09_51_GMT_384_segment_050.mp3,"तो इसलिए आप देख रहे होंगे कि 3 मेने और 6 मेने में ज़्यादा difference नहीं है, क्यों नहीं है?"
s3://label-studio-in/STT_Audio_Datasets/Cult_Source/2637533_2025_01_25_09_51_GMT_384_segment_052.mp3,किसी का कोई decision नहीं है पर हमारा एके बीच
s3://label-studio-in/STT_Audio_Datasets/Cult_Source/2637533_2025_01_25_09_51_GMT_384_segment_054.mp3,वो तो हमारा के pre-emptive है कि भाई चलो कुछ चालू करते है चल इसके लिए
s3://label-studio-in/STT_Audio_Datasets/Cult_Source/2637533_2025_01_25_09_51_GMT_384_segment_056.mp3,"5 o'clock कर लिया, मैं बात कर लिया, मैं बोला कि वो 5 बज़े free हो जाएंगे, तो 5 बज़े आप call कीजिये ना,"
s3://label-studio-in/STT_Audio_Datasets/Cult_Source/2637533_2025_01_25_09_51_GMT_384_segment_057.mp3,तो उनका भी interest पता चल जाएगा अगर वो नहीं कर रहा है तो फिर
s3://label-studio-in/STT_Audio_Datasets/Cult_Source/2637533_2025_01_25_09_51_GMT_384_segment_058.mp3,इतना है फिर जो भी जितने available है उतने हाँ best होगा वो करके
s3://label-studio-in/STT_Audio_Datasets/Cult_Source/2637533_2025_01_25_09_51_GMT_384_segment_061.mp3,"कोई बात नहीं सर, कोई बात मैं कर लूँगा, कोई बात नहीं, क्योंकि मेरा working hour सर 7 बजे तक है, मैं कर लूँगा कोई बात."
s3://label-studio-in/STT_Audio_Datasets/Cult_Source/2637533_2025_01_25_09_51_GMT_384_segment_062.mp3,"ठीक है, आप पाँच बढ़े करिए, मैं उसके contrast पर लेता हूँ,"
s3://label-studio-in/STT_Audio_Datasets/Cult_Source/2637533_2025_01_25_09_51_GMT_384_segment_066.mp3,26 जानवरी के बाद अगर 11.59 at midnight आप चक करेंगे सर
s3://label-studio-in/STT_Audio_Datasets/Cult_Source/2637533_2025_01_25_09_51_GMT_384_segment_067.mp3,"लेने के बाद आपको प्राइस पदा चल जाएगा, जो भी current prices है,"
s3://label-studio-in/STT_Audio_Datasets/Cult_Source/2637533_2025_01_25_09_51_GMT_384_segment_068.mp3,"इसलिए आपने बोला कि दो या तीन लोग जाएंगे, तो मैंने सोचा कि मैं तोड़ा help कर देता हूँ."
s3://label-studio-in/STT_Audio_Datasets/Cult_Source/2637533_2025_01_25_09_51_GMT_384_segment_071.mp3,नहीं तो फिर आप बोलेंगे आप Monday reply आएगा तो बोलें बई अभी तो खतम हो गये
s3://label-studio-in/STT_Audio_Datasets/Cult_Source/2637533_2025_01_25_09_51_GMT_384_segment_072.mp3,package का details आप बता देंगे तो immediately मैं पूछ लूँगा sir
s3://label-studio-in/STT_Audio_Datasets/Cult_Source/2637533_2025_01_25_09_51_GMT_384_segment_073.mp3,तो ये payments दोनों का app में individually करना पड़ेगा कि
s3://label-studio-in/STT_Audio_Datasets/Cult_Source/2637533_2025_01_25_09_51_GMT_384_segment_074.mp3,application तो ही करना होगा sir जी individual करना होगा two different account होना चाहिए sir इसके लिए
s3://label-studio-in/STT_Audio_Datasets/Cult_Source/2018225_2024_08_22_08_37_GMT_384_segment_004.mp3,"एलाइट जो है वो प्रेमियम मेंबर्शिप होता है सिर्फ जिसमें आपको unlimited access मलता है across the city सारे कल सेंटर्स के लिए जैसे के जिसमें हम कल सेंटर्स में group classes contact करते हैं जैसे के boxing, yoga, dancing, fitness, athletics"
s3://label-studio-in/STT_Audio_Datasets/Cult_Source/2018225_2024_08_22_08_37_GMT_384_segment_005.mp3,और इसके अलावा आपको unlimited access रहेगा सारे gyms के लिए across the city में.
s3://label-studio-in/STT_Audio_Datasets/Cult_Source/2018225_2024_08_22_08_37_GMT_384_segment_007.mp3,इसमें आपको city to city transfer option भी रहेगा pro में जो है आपको unlimited access रहेगा सिर्फ pro gyms के लिए across the city
s3://label-studio-in/STT_Audio_Datasets/Cult_Source/2018225_2024_08_22_08_37_GMT_384_segment_009.mp3,और इसमें city to city transfer option नहीं रहता है और इसमें inter city access भी नहीं रहता है
s3://label-studio-in/STT_Audio_Datasets/Cult_Source/2018225_2024_08_22_08_37_GMT_384_segment_010.mp3,"जो है थर्ड पार्टिक जिम्स है, franchise है, जिसे हम, मतलब, run कर रहे हैं हमारी तरफ से."
s3://label-studio-in/STT_Audio_Datasets/Cult_Source/2018225_2024_08_22_08_37_GMT_384_segment_012.mp3,"दोनों में trainers होता है, general trainers on the floor होता है,"
s3://label-studio-in/STT_Audio_Datasets/Cult_Source/2018225_2024_08_22_08_37_GMT_384_segment_016.mp3,देखिए वो जो आप वो एक बार purchase करने के बाद में आपको पता चलेगा sir वो एक बार आप
s3://label-studio-in/STT_Audio_Datasets/Cult_Source/2018225_2024_08_22_08_37_GMT_384_segment_017.mp3,"मतलब इनसे बात करनी पड़ेगी आपको, वहां की जो trainer होता है, उनसे बात करनी पड़ेगी आपको."
s3://label-studio-in/STT_Audio_Datasets/Cult_Source/2018225_2024_08_22_08_37_GMT_384_segment_018.mp3,because every centre में every trainer के ऊपर depend होता है वो
s3://label-studio-in/STT_Audio_Datasets/Cult_Source/2018225_2024_08_22_08_37_GMT_384_segment_019.mp3,"तो उसमें मेरा जो gym रहेगा वो तो रहेगा ही रहेगा, वो जो special classes होते हैं, वो क्या होते हैं?"
s3://label-studio-in/STT_Audio_Datasets/Cult_Source/2018225_2024_08_22_08_37_GMT_384_segment_022.mp3,"मतलब ये formats होते हैं, five formats होते हैं, जिसमें हम आपको"
s3://label-studio-in/STT_Audio_Datasets/Cult_Source/2018225_2024_08_22_08_37_GMT_384_segment_023.mp3,"unlimited access जो है, elite के लिए रहेगा, pro के लिए आपको two sessions रहेंगे every month"
s3://label-studio-in/STT_Audio_Datasets/Cult_Source/2018225_2024_08_22_08_37_GMT_384_segment_024.mp3,आइदर आप ये format में जा सकते हैं या फिर आप allied gym में जा सकते हैं.
s3://label-studio-in/STT_Audio_Datasets/Cult_Source/2018225_2024_08_22_08_37_GMT_384_segment_025.mp3,मान के चलो मैंने यह light लिया तो मान के चलो अगर
s3://label-studio-in/STT_Audio_Datasets/Cult_Source/2018225_2024_08_22_08_37_GMT_384_segment_027.mp3,उसके लिए आपको in advance में book करना पड़ेगा slots book करने के लिए क्योंकि limited slots होता है
s3://label-studio-in/STT_Audio_Datasets/Cult_Source/2018225_2024_08_22_08_37_GMT_384_segment_030.mp3,तो इसलिए क्योंकि फिर membership कोई काम का नहीं रहेगा क्योंकि आपने बता है कि transfer हो ही नहीं सकता
s3://label-studio-in/STT_Audio_Datasets/Cult_Source/2018225_2024_08_22_08_37_GMT_384_segment_031.mp3,आज के लिए आपको 45 days membership pause days मिल रहे हैं
s3://label-studio-in/STT_Audio_Datasets/Cult_Source/2018225_2024_08_22_08_37_GMT_384_segment_032.mp3,"तब आज के लिए आपको 2 months extension मिल रहा है इसमें, 1750 off भी मिल रहा है"
s3://label-studio-in/STT_Audio_Datasets/Cult_Source/2018225_2024_08_22_08_37_GMT_384_segment_033.mp3,और 45 days membership pause days भी मिल रहे हैं
s3://label-studio-in/STT_Audio_Datasets/Cult_Source/2018225_2024_08_22_08_37_GMT_384_segment_034.mp3,"और इसके अनावा सर अगर आज जब आप ये purchase करते हैं, तो by end of the day तक आप अगर purchase करने हैं, इसमें आपको 400 का discount मिलेगा."
s3://label-studio-in/STT_Audio_Datasets/Cult_Source/2018225_2024_08_22_08_37_GMT_384_segment_039.mp3,"members को उतना वहाँ पे रहेगा, इसलिए बोलता है, cult group classes, जो भी आपको attend करना पड़े, पड़ कर रहे हैं,"
s3://label-studio-in/STT_Audio_Datasets/Cult_Source/2018225_2024_08_22_08_37_GMT_384_segment_040.mp3,तो आप उसे advance में book करने के लिए इसलिए बोलते हैं.
s3://label-studio-in/STT_Audio_Datasets/Cult_Source/2018225_2024_08_22_08_37_GMT_384_segment_044.mp3,"और ये भी Allied Gym और Classes भी हैता है, Hybrid Gym है ये."
s3://label-studio-in/STT_Audio_Datasets/Cult_Source/2018225_2024_08_22_08_37_GMT_384_segment_046.mp3,group class चार दिन पहले वो schedule करना होता है और वो कभी भी जब करेंगे
s3://label-studio-in/STT_Audio_Datasets/Cult_Source/2018225_2024_08_22_08_37_GMT_384_segment_047.mp3,मतलब जब मैं करूँगा तब उसी के according time डी trainer आ जाएगा है न
s3://label-studio-in/STT_Audio_Datasets/Cult_Source/2018225_2024_08_22_08_37_GMT_384_segment_051.mp3,classes book कर सकते हैं एक ही दिन के लिए ठीक है
s3://label-studio-in/STT_Audio_Datasets/Cult_Source/2018225_2024_08_22_08_37_GMT_384_segment_052.mp3,"जैसे ही आप पहला session जो होता है वो attend कर लेंगे,"
s3://label-studio-in/STT_Audio_Datasets/Cult_Source/2018225_2024_08_22_08_37_GMT_384_segment_053.mp3,तो उसके बाद में फिर से आप एक फिर से book कर सकते हैं
s3://label-studio-in/STT_Audio_Datasets/Cult_Source/2018225_2024_08_22_08_37_GMT_384_segment_054.mp3,और उसमें क्या क्या होते हैं एक आपने बताया dance और एक दूसरा बताया आपने
s3://label-studio-in/STT_Audio_Datasets/Cult_Source/2018225_2024_08_22_08_37_GMT_384_segment_059.mp3,और इसमें आपको जो है bone density होता है improve करता है
s3://label-studio-in/STT_Audio_Datasets/Cult_Source/2018225_2024_08_22_08_37_GMT_384_segment_060.mp3,मैं यह कह रहा था कि मैं आपको dance का example दे रहा हूँ जैसे कि वहाँ
s3://label-studio-in/STT_Audio_Datasets/Cult_Source/2018225_2024_08_22_08_37_GMT_384_segment_061.mp3,special class जो है group class वो schedule कर लिया
s3://label-studio-in/STT_Audio_Datasets/Cult_Source/2018225_2024_08_22_08_37_GMT_384_segment_062.mp3,या उसका हमेशा class रहता है कि step से वो manage करेगा उस level को
s3://label-studio-in/STT_Audio_Datasets/Cult_Source/2018225_2024_08_22_08_37_GMT_384_segment_063.mp3,जैसे कि आपको dancing को लेकर चलेंगे तो dancing की different होता है
s3://label-studio-in/STT_Audio_Datasets/Cult_Source/2018225_2024_08_22_08_37_GMT_384_segment_064.mp3,swimming का और badminton का अगर आपको चाहिए तो आपको different membership लेनी पड़ेगी आपको
s3://label-studio-in/STT_Audio_Datasets/Cult_Source/2018225_2024_08_22_08_37_GMT_384_segment_066.mp3,"अगर ये आप स्विमिंग का देख रहे होंगे, फिर 12 months का जो है, आपको इसमें 15,290 का पड़ेगा स्विमिंग."
s3://label-studio-in/STT_Audio_Datasets/Cult_Source/2018225_2024_08_22_08_37_GMT_384_segment_067.mp3,और per month आपको 1256 रहेगा और 1.5 month extension मिलेगा इसमें
s3://label-studio-in/STT_Audio_Datasets/Cult_Source/2018225_2024_08_22_08_37_GMT_384_segment_068.mp3,"3,500 off apply किया गया है और 30 days membership process भी दिया जा रहा है"
s3://label-studio-in/STT_Audio_Datasets/Cult_Source/2018225_2024_08_22_08_37_GMT_384_segment_071.mp3,ऐसे नहीं है कि आप exact जो है ये training मतलब जो आपको perfection में मिलेगी
s3://label-studio-in/STT_Audio_Datasets/Cult_Source/2018225_2024_08_22_08_37_GMT_384_segment_072.mp3,"यह आपको वैसे नहीं होता है, perfection में नहीं होता है training."
s3://label-studio-in/STT_Audio_Datasets/Cult_Source/2018225_2024_08_22_08_37_GMT_384_segment_073.mp3,वही तो basic आपको सिखाएंगी कि कैसे करना है क्या करना है
s3://label-studio-in/STT_Audio_Datasets/Cult_Source/2018225_2024_08_22_08_37_GMT_384_segment_080.mp3,मैं सुबह में जाऊंगा 6 बजे कितने बजे morning में खुल जाते है सारे 5 और 6
s3://label-studio-in/STT_Audio_Datasets/Cult_Source/2018225_2024_08_22_08_37_GMT_384_segment_081.mp3,group class Sunday को भी schedule कर सकता हूँ group class
s3://label-studio-in/STT_Audio_Datasets/Cult_Source/2018225_2024_08_22_08_37_GMT_384_segment_084.mp3,यह hybrid gym है तो मतलब gym और group classes दोनों hybrid मतलब एक होता है
s3://label-studio-in/STT_Audio_Datasets/Cult_Source/2018225_2024_08_22_08_37_GMT_384_segment_087.mp3,तो एक बार आप उनसे भी चेक कर सकते हैं कि यह gym ही बंद होता है या फिर group classes भी बंद होता है
s3://label-studio-in/STT_Audio_Datasets/Cult_Source/2018225_2024_08_22_08_37_GMT_384_segment_088.mp3,पहले पूछी लूँगा मैंने डाउट कीर हो जाएगा न तभी admission लूँगा है कि नहीं
s3://label-studio-in/STT_Audio_Datasets/Cult_Source/2018225_2024_08_22_08_37_GMT_384_segment_089.mp3,"तो आपके कोई friends में, family members में या social circle में ऐसा कोई है जिसको आप prefer करना चाहते हैं."
s3://label-studio-in/STT_Audio_Datasets/Cult_Source/2018225_2024_08_22_08_37_GMT_384_segment_091.mp3,अगर आप 10-15 दिन के लिए जा रहे हैं तो आप तो membership transfer नहीं करेंगे
s3://label-studio-in/STT_Audio_Datasets/Cult_Source/2018225_2024_08_22_08_37_GMT_384_segment_094.mp3,इसमें extension नहीं मिल रहा है क्यूंकि आपको already 90 days का membership policies मिल रहा है तो इसमें extension नहीं मिल रहा है
s3://label-studio-in/STT_Audio_Datasets/Cult_Source/2018225_2024_08_22_08_37_GMT_384_segment_095.mp3,जिस दिन नहीं गए उस दिन आप pause कर देंगे
s3://label-studio-in/STT_Audio_Datasets/Cult_Source/2018225_2024_08_22_08_37_GMT_384_segment_101.mp3,देखिए as of now तो prices कम ही चल रहे हैं sir
s3://label-studio-in/STT_Audio_Datasets/Cult_Source/2018225_2024_08_22_08_37_GMT_384_segment_104.mp3,उसमें आपको online access भी रहेगा जैसे कि आपको बता देंगे format
s3://label-studio-in/STT_Audio_Datasets/Cult_Source/2018225_2024_08_22_08_37_GMT_384_segment_106.mp3,आप purchase अभी कर सकते हैं और आपको तीस दिन के अंदर आप
s3://label-studio-in/STT_Audio_Datasets/Cult_Source/2018225_2024_08_22_08_37_GMT_384_segment_107.mp3,काट भी कर सकते हैं यह option रहेगा pause disk का भी बता दिया मैंने
s3://label-studio-in/STT_Audio_Datasets/Cult_Source/2018225_2024_08_22_08_37_GMT_384_segment_110.mp3,वो जो भी है मतलब आपको fitness goals पर जानके आपको
s3://label-studio-in/STT_Audio_Datasets/Cult_Source/2018225_2024_08_22_08_37_GMT_384_segment_113.mp3,"नहीं, credit card से आप जरा pay कर रहे हैं, तो आपको no cost TMI होगा ना,"
s3://label-studio-in/STT_Audio_Datasets/Cult_Source/2018225_2024_08_22_08_37_GMT_384_segment_118.mp3,उसमें limit उतना बचा ही नहीं होगा उतना भी नहीं बचा होगा
s3://label-studio-in/STT_Audio_Datasets/Cult_Source/2018225_2024_08_22_08_37_GMT_384_segment_120.mp3,जो एक one card आता है आपने सुना होगा YouTube पे
s3://label-studio-in/STT_Audio_Datasets/Cult_Source/2018225_2024_08_22_08_37_GMT_384_segment_121.mp3,तो उसी में उतना ही में no cost है बाकि सारे में तो cost तो देना ही पड़ेगा न है कि नहीं
s3://label-studio-in/STT_Audio_Datasets/Cult_Source/2018225_2024_08_22_08_37_GMT_384_segment_123.mp3,तो यही best discount होता है अगर कोई भी बात करेंगे
s3://label-studio-in/STT_Audio_Datasets/Cult_Source/2018225_2024_08_22_08_37_GMT_384_segment_124.mp3,"मैं क्या करती हूँ, अभी आपको मैं 24 months के लिए"
s3://label-studio-in/STT_Audio_Datasets/Cult_Source/2018225_2024_08_22_08_37_GMT_384_segment_128.mp3,12 months का है तो आप Delhi NCR से हैं तो मैं इसके लिए आपको best discount दूँगी क्योंकि आप two memberships ले रहे हैं एक तो elite ले रहे हैं और एक तो ये
s3://label-studio-in/STT_Audio_Datasets/Cult_Source/2018225_2024_08_22_08_37_GMT_384_segment_129.mp3,"तो इसका discount जो है, आपको मैं 1000 तक करूँगी, ठीक है?"
s3://label-studio-in/STT_Audio_Datasets/Cult_Source/2018225_2024_08_22_08_37_GMT_384_segment_131.mp3,जो है depending on the city some cities में squash नहीं रहता लेकिन फिर भी आप एक बाद check कर लीजिगा अगर आप जा रहे हैं तो
s3://label-studio-in/STT_Audio_Datasets/Cult_Source/2018225_2024_08_22_08_37_GMT_384_segment_133.mp3,"चेक कर सकते हैं, कौन सा वाला आप location डालते हैं, app में चेक कर सकते हैं, आपको nearby दिखाई देगा."
s3://label-studio-in/STT_Audio_Datasets/Cult_Source/2018225_2024_08_22_08_37_GMT_384_segment_136.mp3,"हाँ, ठीक है, तो आप Monday का date select कर लीजेगा."
s3://label-studio-in/STT_Audio_Datasets/Cult_Source/2018225_2024_08_22_08_37_GMT_384_segment_137.mp3,"और अगर आप पहले दिन में जिम में जा रहे हैं, तो आप direct जा सकते हैं, आपको जैसे ही आप membership purchase करते हैं, उस दिन आप जिस दिन start कर रहे हैं,"
s3://label-studio-in/STT_Audio_Datasets/Cult_Source/2018225_2024_08_22_08_37_GMT_384_segment_139.mp3,"और group classes के लिए जैसे मैंने आपको बोला है,"
s3://label-studio-in/STT_Audio_Datasets/Cult_Source/2018225_2024_08_22_08_37_GMT_384_segment_141.mp3,उस अब option आप में ही रहेंगे sir आपको कोई चिंता करने की बात नहीं है
s3://label-studio-in/STT_Audio_Datasets/Cult_Source/2018225_2024_08_22_08_37_GMT_384_segment_142.mp3,"कौन सा QR code कहां से scan करना है, मैं जिसे मान को तो लो पेमेंट कर दिया, तो मुझे QR code मिलेगा,"
s3://label-studio-in/STT_Audio_Datasets/Cult_Source/2018225_2024_08_22_08_37_GMT_384_segment_143.mp3,फिर वह QR Code को कहा पर जाकर स्किन करने है वहाँ पे
s3://label-studio-in/STT_Audio_Datasets/Cult_Source/2018225_2024_08_22_08_37_GMT_384_segment_144.mp3,"जिम का access चाहिए न आपको, तो जिम में आपको करना है।"
s3://label-studio-in/STT_Audio_Datasets/Cult_Source/2018225_2024_08_22_08_37_GMT_384_segment_145.mp3,group classes के लिए आपको 4 दिन पहले book करना पड़ेगा
s3://label-studio-in/STT_Audio_Datasets/Cult_Source/2018225_2024_08_22_08_37_GMT_384_segment_146.mp3,ठीक है मैम मैं एक बार देखता हूँ दो बार करता हूँ credit card का
s3://label-studio-in/STT_Audio_Datasets/Cult_Source/2640818_2025_01_26_05_26_GMT_384_segment_004.mp3,कहीं भी कल के चिम्स में जाकर access कर सकते हो विस्तिन हर तरह बास में
s3://label-studio-in/STT_Audio_Datasets/Cult_Source/2640818_2025_01_26_05_26_GMT_384_segment_007.mp3,आप offerable की call करें उन्हों की offerable call करें same price दे रहे हो अब
s3://label-studio-in/STT_Audio_Datasets/Cult_Source/2640818_2025_01_26_05_26_GMT_384_segment_010.mp3,मिलेगा उधर पर सिर्फ आपको एक particular member के एक center के लिए रहेगा
s3://label-studio-in/STT_Audio_Datasets/Cult_Source/2640818_2025_01_26_05_26_GMT_384_segment_012.mp3,होगा तो पर्टिकुलर जिम के लिए मैं direct contact करके चक्कर सकता हूँ इली जिम या प्रो जिम में बोलकर
s3://label-studio-in/STT_Audio_Datasets/Cult_Source/2640818_2025_01_26_05_26_GMT_384_segment_022.mp3,"आप दुसरे number पे login करेंगे ना, तो दुसरे mobile पे login करेंगे,"
s3://label-studio-in/STT_Audio_Datasets/Cult_Source/2640818_2025_01_26_05_26_GMT_384_segment_028.mp3,"चाहिए तो एक काम करता हूँ, आपके particular number पे discount advocate कर देता हूँ,"
s3://label-studio-in/STT_Audio_Datasets/Cult_Source/2640818_2025_01_26_05_26_GMT_384_segment_033.mp3,जैसे ही purchase करेंगे तो आपको एक QR code आए जाएगा
s3://label-studio-in/STT_Audio_Datasets/Cult_Source/2640818_2025_01_26_05_26_GMT_384_segment_038.mp3,7.5 months के लिए रहेगा 6 months के लिए ने 7.5 months के लिए रहेगा
s3://label-studio-in/STT_Audio_Datasets/Cult_Source/2640818_2025_01_26_05_26_GMT_384_segment_041.mp3,मैंने का 6 months का EMR जा ले गया तो तो 1900 हैगा
s3://label-studio-in/STT_Audio_Datasets/Cult_Source/2640818_2025_01_26_05_26_GMT_384_segment_042.mp3,7-8 months का दिलेंगे तो वैसा वो कितना tenure के ऊपर आप EMI
s3://label-studio-in/STT_Audio_Datasets/Cult_Source/2640818_2025_01_26_05_26_GMT_384_segment_047.mp3,call back करके आपको सारे other benefits features जो भी
s3://label-studio-in/STT_Audio_Datasets/Cult_Source/2153191_2024_09_29_06_14_GMT_384_segment_001.mp3,first column में आपको दिखा रहा होगा 1790 आपकी EMI है
s3://label-studio-in/STT_Audio_Datasets/Cult_Source/2153191_2024_09_29_06_14_GMT_384_segment_002.mp3,second column पे आपको दिखा रहा होगा 14% SBI bank चार्ज कर रहा है जो की आपकी interest बनती है 158
s3://label-studio-in/STT_Audio_Datasets/Cult_Source/2153191_2024_09_29_06_14_GMT_384_segment_003.mp3,"and जो third column पे दिखा रहा है, वो दिखा रहा है कि आपको offer and discount as a bank through मिलेगा,"
s3://label-studio-in/STT_Audio_Datasets/Cult_Source/2153191_2024_09_29_06_14_GMT_384_segment_006.mp3,"अगर आप भी लेके जाएंगे, तो मुझे जो company upfront discount प्रोवाइड कर रही है, वो कितना प्रोवाइड कर रही है?"
s3://label-studio-in/STT_Audio_Datasets/Cult_Source/2153191_2024_09_29_06_14_GMT_384_segment_008.mp3,fee one time होगी and 18% GST भी calculate होगा लेकिन
s3://label-studio-in/STT_Audio_Datasets/Cult_Source/2153191_2024_09_29_06_14_GMT_384_segment_009.mp3,सब्सक्राइब जो EMI होगी वो कितनी होगी वो क्लियरली मेंशन नहीं है ना
s3://label-studio-in/STT_Audio_Datasets/Cult_Source/2153191_2024_09_29_06_14_GMT_384_segment_010.mp3,अगर मैं actually मैं purchase कर लेता हूँ तो मेरे पास कोई option नहीं ना back out करने का मतलब
s3://label-studio-in/STT_Audio_Datasets/Cult_Source/2153191_2024_09_29_06_14_GMT_384_segment_011.mp3,इसकी तो payment deduct हुई है वो 2000 something deduct हुई है
s3://label-studio-in/STT_Audio_Datasets/Cult_Source/2153191_2024_09_29_06_14_GMT_384_segment_013.mp3,शो कर रहा है वो आपका as an upfront discount शो कर रहा है
s3://label-studio-in/STT_Audio_Datasets/Cult_Source/2153191_2024_09_29_06_14_GMT_384_segment_014.mp3,बट उसकी भी major query यही थी जो उसको EMI दिखाई गई है वो तो उससे charge ही नहीं हुई
s3://label-studio-in/STT_Audio_Datasets/Cult_Source/2153191_2024_09_29_06_14_GMT_384_segment_017.mp3,1749 दिखा रही थी उतना नहीं कटा उनका पहला EMI उनका पहला first EMI जो कटा है उनका something जो उन्होंने मेको inform कर रहा था
s3://label-studio-in/STT_Audio_Datasets/Cult_Source/2153191_2024_09_29_06_14_GMT_384_segment_019.mp3,और वही कल्ट वालों से उन्होंने ask करा है कि वो इतना amount क्यों कटा है
s3://label-studio-in/STT_Audio_Datasets/Cult_Source/2153191_2024_09_29_06_14_GMT_384_segment_020.mp3,"रिजूम करते चल रहा हूँ कि might be शायद आपका processing charge होगा, bank वालों का"
s3://label-studio-in/STT_Audio_Datasets/Cult_Source/2153191_2024_09_29_06_14_GMT_384_segment_022.mp3,जो subordinate जो subsequent payment जानी है months की वो कितनी charge होगी और actually
s3://label-studio-in/STT_Audio_Datasets/Cult_Source/2153191_2024_09_29_06_14_GMT_384_segment_026.mp3,"मेरे को जो friend ने बताया है, obvious है, obvious है, obvious है, just a minute, just a minute,"
s3://label-studio-in/STT_Audio_Datasets/Cult_Source/2153191_2024_09_29_06_14_GMT_384_segment_027.mp3,कंपनी को डिबिरेट थोड़ी ना करना है उससे subscription तो ले लिए है
s3://label-studio-in/STT_Audio_Datasets/Cult_Source/2153191_2024_09_29_06_14_GMT_384_segment_028.mp3,नहीं है तो वो ही तो कहा रहा हूँ तो company तो company kind of अपनी अपना अपना
s3://label-studio-in/STT_Audio_Datasets/Cult_Source/2153191_2024_09_29_06_14_GMT_384_segment_029.mp3,अगर customer ने कोई purchase कर लिया अगर customer को query है वो तो पहले call पर dissolve होईगी ना
s3://label-studio-in/STT_Audio_Datasets/Cult_Source/2153191_2024_09_29_06_14_GMT_384_segment_031.mp3,"certain amount block हुई हुईगी, मैं यह नहीं कह रहा हूँ, certain amount block हुई हुईगी,"
s3://label-studio-in/STT_Audio_Datasets/Cult_Source/2153191_2024_09_29_06_14_GMT_384_segment_032.mp3,"आप सर मेरी में क्वारी पर resolve करें, मेरी में क्वारी यही नहीं थी,"
s3://label-studio-in/STT_Audio_Datasets/Cult_Source/2153191_2024_09_29_06_14_GMT_384_segment_033.mp3,तो 14% जो बन रहा है चल amount पे वो ज़्यादा बन रहा है और जो upfront discount मुझे company provide कर रही है वो कम provide कर रही है that is my the main query
s3://label-studio-in/STT_Audio_Datasets/Cult_Source/2153191_2024_09_29_06_14_GMT_384_segment_035.mp3,"एक में रूप ये सब कीजिए, आप मेरा answer दे दीजिए, मैं clear हूँ, मेरे को कोई doubt नहीं रहेगा company से."
s3://label-studio-in/STT_Audio_Datasets/Cult_Source/2153191_2024_09_29_06_14_GMT_384_segment_041.mp3,"company मेरे को refund or return policy provide नहीं कर दी in future terms में, ठीक हैं?"
s3://label-studio-in/STT_Audio_Datasets/Cult_Source/2153191_2024_09_29_06_14_GMT_384_segment_042.mp3,subscription लेने से पहले मेरे doubts अगर clear होएंगे तो ही तो मैं अपनी payment को block करूँगा न फिर
s3://label-studio-in/STT_Audio_Datasets/Cult_Source/2153191_2024_09_29_06_14_GMT_384_segment_043.mp3,"अगर मैंने payment stop करती, मैं तो follow भी लेता रहता हूँ वहाँ."
s3://label-studio-in/STT_Audio_Datasets/Cult_Source/2153191_2024_09_29_06_14_GMT_384_segment_045.mp3,वो अगर मैं किसी की services purchase कर रहा हूँ
s3://label-studio-in/STT_Audio_Datasets/Cult_Source/2153191_2024_09_29_06_14_GMT_384_segment_046.mp3,जो parent company है वो में doubt clear करेगे ना being a customer
s3://label-studio-in/STT_Audio_Datasets/Cult_Source/2153191_2024_09_29_06_14_GMT_384_segment_047.mp3,मैंने doubt clear किया आपको I am telling you that
s3://label-studio-in/STT_Audio_Datasets/Cult_Source/2153191_2024_09_29_06_14_GMT_384_segment_048.mp3,अगर कोई भी customer and company के बीच में कोई भी resolutions होते हैं
s3://label-studio-in/STT_Audio_Datasets/Cult_Source/2153191_2024_09_29_06_14_GMT_384_segment_049.mp3,वो अगर company answer नहीं कर पाए तो वो कहाँ पर जाएगा matter consumer forum में जाएगा न वही resolution होगा तो मेरा point main concern यह है
s3://label-studio-in/STT_Audio_Datasets/Cult_Source/2153191_2024_09_29_06_14_GMT_384_segment_050.mp3,अगर आपने नौक और CMI की facility अपने app में provide करी हैं
s3://label-studio-in/STT_Audio_Datasets/Cult_Source/2153191_2024_09_29_06_14_GMT_384_segment_051.mp3,"तो वो clear भी तो आपी को करनी पड़ेगी न, वो bank तो नहीं न clear करेगा आगे,"
s3://label-studio-in/STT_Audio_Datasets/Cult_Source/2153191_2024_09_29_06_14_GMT_384_segment_053.mp3,"तो actual जो month में को जो 12 months के यह में pay करनी है मतलब जो full amount मेरी जो जाएगी क्या monthly जाए जाए जो जस्ती जाए वो मेरी 21,490 दिखे जाएगी जो मुझे cult के app में show कर रहा है"
s3://label-studio-in/STT_Audio_Datasets/Cult_Source/2153191_2024_09_29_06_14_GMT_384_segment_055.mp3,किसी friend के साथ तो उसका जो amount है वो ज़्यादा charge कर रहा है ना processing fee
s3://label-studio-in/STT_Audio_Datasets/Cult_Source/2153191_2024_09_29_06_14_GMT_384_segment_056.mp3,"1790 की उधारे, पर एंग्जांपल आप जैसे आपने calculate कराओगा,"
s3://label-studio-in/STT_Audio_Datasets/Cult_Source/2153191_2024_09_29_06_14_GMT_384_segment_060.mp3,"अब आप ये confirm कर सकते हैं कि जो अगला subordinate, जो subsequent month होएंगे,"
s3://label-studio-in/STT_Audio_Datasets/Cult_Source/2153191_2024_09_29_06_14_GMT_384_segment_062.mp3,not possible not possible not possible not possible जब bill amount generate होगा तभी वो payment deduct होगी
s3://label-studio-in/STT_Audio_Datasets/Cult_Source/2153191_2024_09_29_06_14_GMT_384_segment_063.mp3,"I don't know ना, I don't know background history, internal, internal, internal, internal का चलता है था और"
s3://label-studio-in/STT_Audio_Datasets/Cult_Source/2153191_2024_09_29_06_14_GMT_384_segment_064.mp3,हर company के साथ किसने किसी customer को issues होता ही है और वो एक अलग platform से dissolve हो रहा होता है
s3://label-studio-in/STT_Audio_Datasets/Cult_Source/2153191_2024_09_29_06_14_GMT_384_segment_065.mp3,मेरा जो concern था जैसे अभी आप payment page पे गए हो उससे पहले जो आपको दिखा रहा था जो मुझे दिखा रहा था वो 14% दिखा रहा था मेरा main concern था
s3://label-studio-in/STT_Audio_Datasets/Cult_Source/2153191_2024_09_29_06_14_GMT_384_segment_066.mp3,उसके बाद जब आप जब payment page में मैं गया हूँ तो जो मैं 21490 की जो payment थी उस पे मुझे company जो upfront discount provide करा रही थी वो 1780 something दिखा रही थी
s3://label-studio-in/STT_Audio_Datasets/Cult_Source/2153191_2024_09_29_06_14_GMT_384_segment_067.mp3,वो upfront करके जो मुझे payment करनी है वो amount में certain block हो जाएगा
s3://label-studio-in/STT_Audio_Datasets/Cult_Source/2153191_2024_09_29_06_14_GMT_384_segment_068.mp3,मेरा concern यह है कि actual at the end of 12 months
s3://label-studio-in/STT_Audio_Datasets/Cult_Source/2153191_2024_09_29_06_14_GMT_384_segment_069.mp3,जो processing charge है जो 18th and GST है वो
s3://label-studio-in/STT_Audio_Datasets/Cult_Source/2153191_2024_09_29_06_14_GMT_384_segment_071.mp3,और जो ये processing charge और ये 18% GST ये including है जो EMI में calculate होके आई है।
s3://label-studio-in/STT_Audio_Datasets/Cult_Source/2153191_2024_09_29_06_14_GMT_384_segment_073.mp3,मतलब क्या बोलते है वो तो फिर ज्यादा expect होगा न customer के pocket पे मतलब वो 1790 से exactly उपर ही आगे न मोट
s3://label-studio-in/STT_Audio_Datasets/Cult_Source/2153191_2024_09_29_06_14_GMT_384_segment_075.mp3,"और वो processing fuse के अंदर charge कर रहे हैं,"
s3://label-studio-in/STT_Audio_Datasets/Cult_Source/2153191_2024_09_29_06_14_GMT_384_segment_076.mp3,"करते होंगे, करते होंगे, definitely करते होंगे, sir, file making, kajis, वो भी definitely करते होंगे."
s3://label-studio-in/STT_Audio_Datasets/Cult_Source/2646365_2025_01_27_06_29_GMT_384_segment_001.mp3,"आपने सर हमारे application पे call back request किया था न, तो किसके regarding था, वो जाने के लिए मैंने call किया था."
s3://label-studio-in/STT_Audio_Datasets/Cult_Source/2646365_2025_01_27_06_29_GMT_384_segment_002.mp3,"मैं हम आगे चली नहीं, इसलिए मैंने बोला कि shoes, मैं कहा shoes उसे check कर लो, साफ हैं,"
s3://label-studio-in/STT_Audio_Datasets/Cult_Source/2646365_2025_01_27_06_29_GMT_384_segment_003.mp3,आपका वो जो cleaning का लड़का है वहाँ पे वो आ गया है कि तक इस पे lady बैठी थी
s3://label-studio-in/STT_Audio_Datasets/Cult_Source/2646365_2025_01_27_06_29_GMT_384_segment_004.mp3,"तो जो क्या फर्क पड़ता है वो दिन बढ़ साफ करें नहीं करें, how am I concerned about this?"
s3://label-studio-in/STT_Audio_Datasets/Cult_Source/2646365_2025_01_27_06_29_GMT_384_segment_010.mp3,ये मेरा nature of business ऐसा ही है जहाँ पे front end application है या
s3://label-studio-in/STT_Audio_Datasets/Cult_Source/2646365_2025_01_27_06_29_GMT_384_segment_013.mp3,"उसके लिए, और एक carpet, हमने carpet cleaning रखती थी,"
s3://label-studio-in/STT_Audio_Datasets/Cult_Source/2646365_2025_01_27_06_29_GMT_384_segment_015.mp3,हम customer तो थोड़े ही बोल रहे हैं कि बॉस तुम बाहर शुरूतार के अंदर आओ
s3://label-studio-in/STT_Audio_Datasets/Cult_Source/2646365_2025_01_27_06_29_GMT_384_segment_018.mp3,"मैंने कहा यार क्या कर रहे हो, धरावी से थोड़े ही लोग आ रहे हैं, people are not coming here from slums."
s3://label-studio-in/STT_Audio_Datasets/Cult_Source/2646365_2025_01_27_06_29_GMT_384_segment_019.mp3,ने organization का reputation तो maintain करके चलो ना है
s3://label-studio-in/STT_Audio_Datasets/Cult_Source/2627118_2025_01_22_11_16_GMT_384_segment_008.mp3,"तो आपको select preferred center बोलके आएगा, कोई भी center select कर लीजे, कोई बात नहीं है."
s3://label-studio-in/STT_Audio_Datasets/Cult_Source/2627118_2025_01_22_11_16_GMT_384_segment_009.mp3,तो लक्नो क्यों सो नहीं कर रहा है बोले तो आप उदर दिल्ली NCR या दिल्ली बोलके
s3://label-studio-in/STT_Audio_Datasets/Cult_Source/2627118_2025_01_22_11_16_GMT_384_segment_012.mp3,"या अगर Monday से जाना चाहिए, तो Monday से ही करिए."
s3://label-studio-in/STT_Audio_Datasets/Cult_Source/2627118_2025_01_22_11_16_GMT_384_segment_015.mp3,"और इसी तरह बताइए एक date बताइए कब लेना चाहते हैं, मैं उस date पर आपको call करके discount apply कर दूँगा दुबार."
s3://label-studio-in/STT_Audio_Datasets/Cult_Source/2627118_2025_01_22_11_16_GMT_384_segment_016.mp3,और आपके और मैम के एलवा आपके family और friends से और भी कोई है के जितनी पर.
s3://label-studio-in/STT_Audio_Datasets/Cult_Source/2382658_2024_11_24_11_08_GMT_384_segment_001.mp3,"एक महिने में दस क्लास आप लोग नहीं दे सकते, आप लोगों के portal capability नहीं है."
s3://label-studio-in/STT_Audio_Datasets/Cult_Source/2382658_2024_11_24_11_08_GMT_384_segment_005.mp3,लिंक दे दो जहाँ पर ये सारे sessions by month लिखे हैं वो वाला link please दे ना मुझे
s3://label-studio-in/STT_Audio_Datasets/Cult_Source/2672568_2025_02_05_08_26_GMT_384_segment_012.mp3,यहां पे आपको अगर आप आज purchase करेंगे तो आपको 1200 रुपीस का Amazon
s3://label-studio-in/STT_Audio_Datasets/Cult_Source/2672568_2025_02_05_08_26_GMT_384_segment_017.mp3,लेकर आप अभी purchase कर सकते हैं क्योंकि ये offer अभी Amazon वाउट
s3://label-studio-in/STT_Audio_Datasets/Cult_Source/2672568_2025_02_05_08_26_GMT_384_segment_018.mp3,"तो आप इस number पे call back नहीं कर पाएंगे, आप मुझे timing रखा सकते हैं, ताकि मैं आपको call कर सकूं,"
s3://label-studio-in/STT_Audio_Datasets/Cult_Source/2672568_2025_02_05_08_26_GMT_384_segment_022.mp3,और आपको यहां पर 2.5 months का जो extension मिल रहा है यह भी सिर्फ आज के लिए ही है और वो भी कुछ ही
s3://label-studio-in/STT_Audio_Datasets/Cult_Source/2672568_2025_02_05_08_26_GMT_384_segment_023.mp3,अगर आपको आज ही purchase करना है अगर आपको Amazon voucher आज के लिए चाहिए ना सिर्फ आज के लिए है ये अगर आपको purchase करेंगे तो miss कर देंगे ठीक है extension भी इतना नहीं मिलेगा आपको
s3://label-studio-in/STT_Audio_Datasets/Cult_Source/2672568_2025_02_05_08_26_GMT_384_segment_025.mp3,इसी month में आपको आज के लिए ही best offers दिये जाएंगे
s3://label-studio-in/STT_Audio_Datasets/Cult_Source/2672568_2025_02_05_08_26_GMT_384_segment_026.mp3,offer जो है discount activated किया हुआ है आपके इस number पे
s3://label-studio-in/STT_Audio_Datasets/Cult_Source/2672568_2025_02_05_08_26_GMT_384_segment_027.mp3,"तो अगर आप इस number से purchase करेंगे तो आपको सिर्फ 15,800 ही"
s3://label-studio-in/STT_Audio_Datasets/Cult_Source/2672568_2025_02_05_08_26_GMT_384_segment_028.mp3,आप अपने family से discuss करके before 11.30 pm आप
s3://label-studio-in/STT_Audio_Datasets/Cult_Source/2672568_2025_02_05_08_26_GMT_384_segment_029.mp3,तो यहां पर मैं सिर्फ एक suggestion देना चाहती हूँ sir आपको 15800 ले करने से अगर आपको 14.5 months का membership मिल रहा है
s3://label-studio-in/STT_Audio_Datasets/Cult_Source/2672568_2025_02_05_08_26_GMT_384_segment_035.mp3,करने के लिए try कर सकते हैं ठीक है तो
s3://label-studio-in/STT_Audio_Datasets/Cult_Source/2089073_2024_09_12_09_01_GMT_384_segment_002.mp3,आप इसमें पैकेज के खतिना में मतलब almost double the price होता है या कैसे होता है जो normal और
s3://label-studio-in/STT_Audio_Datasets/Cult_Source/2089073_2024_09_12_09_01_GMT_384_segment_005.mp3,"देली में जो चल रहा है NCR में 21,390 है"
s3://label-studio-in/STT_Audio_Datasets/Cult_Source/2089073_2024_09_12_09_01_GMT_384_segment_012.mp3,जैसे आपके coaches हमारे है तो 100% देंगे देंगे आपको भी adherence देना ही पड़ेगा sir क्योंकि commitment की बात है ये
s3://label-studio-in/STT_Audio_Datasets/Cult_Source/2089073_2024_09_12_09_01_GMT_384_segment_014.mp3,तो अगर आप 80% का commitment देने के बाद भी अगर आपसे कुछ वहाँ पे कुछ changes नहीं दिख रहे हैं आपके body में
s3://label-studio-in/STT_Audio_Datasets/Cult_Source/2089073_2024_09_12_09_01_GMT_384_segment_016.mp3,तो आप मुझे coach को बोलेंगे कि मैं already gym जा रहा हूँ third party है मुझे workout plan सही है वो workout plan देगी
s3://label-studio-in/STT_Audio_Datasets/Cult_Source/2089073_2024_09_12_09_01_GMT_384_segment_017.mp3,इसमें मैं खाली weekends का नहीं कर सकता मैं ऐसा नहीं रहेगा मेरे को 7 days भी जाना पड़ेगा
s3://label-studio-in/STT_Audio_Datasets/Cult_Source/2089073_2024_09_12_09_01_GMT_384_segment_018.mp3,"अगर वो आपके, मैं क्या बोल रहा हूँ, dedication, adherence 80% का मतलब क्या हुआ,"
s3://label-studio-in/STT_Audio_Datasets/Cult_Source/2089073_2024_09_12_09_01_GMT_384_segment_019.mp3,जो भी हमारे coaches बोल रहे हैं जिसके अगर दिन में बोल दिये आपको 3 times meal खाना है particular यही खाना है
s3://label-studio-in/STT_Audio_Datasets/Cult_Source/2089073_2024_09_12_09_01_GMT_384_segment_021.mp3,मतलब मेरो थोड़ा confusion हो गया कि मेरो वो 80%
s3://label-studio-in/STT_Audio_Datasets/Cult_Source/2089073_2024_09_12_09_01_GMT_384_segment_024.mp3,इसमें quarterly भी तो आपका है अगर मैं trial वाला लेना चाहूँ तो
s3://label-studio-in/STT_Audio_Datasets/Cult_Source/2089073_2024_09_12_09_01_GMT_384_segment_025.mp3,6 months का भी है 6 months में मैं आपको lab test
s3://label-studio-in/STT_Audio_Datasets/Cult_Source/2089073_2024_09_12_09_01_GMT_384_segment_031.mp3,भी दिए किसी आपने membership लेने से पहले भी किया है उसके बाद आप भी कहा जाएंगे
s3://label-studio-in/STT_Audio_Datasets/Cult_Source/2089073_2024_09_12_09_01_GMT_384_segment_033.mp3,करो एक महीने में अगर नहीं होता है तो मेरे को money back भी मिल जाएगा पूरा ऐसा
s3://label-studio-in/STT_Audio_Datasets/Cult_Source/2089073_2024_09_12_09_01_GMT_384_segment_034.mp3,हमारे majority members जो भी enroll किये हैं वो मुंबई से है मुंबई Delhi
s3://label-studio-in/STT_Audio_Datasets/Cult_Source/2089073_2024_09_12_09_01_GMT_384_segment_035.mp3,कर दो या mail कर दो मैं इसको देखता हूँ यह जो pro वाला है आप मेरे को उसका ही दो 6 months वाला कोई problem नहीं है
s3://label-studio-in/STT_Audio_Datasets/Cult_Source/2089073_2024_09_12_09_01_GMT_384_segment_039.mp3,when you take that 6 months वो आपको enable हो जाएगा
s3://label-studio-in/STT_Audio_Datasets/Cult_Source/2089073_2024_09_12_09_01_GMT_384_segment_040.mp3,तो अभी आपके पास already frequently लिया हुआ lab test है।
s3://label-studio-in/STT_Audio_Datasets/Cult_Source/2089073_2024_09_12_09_01_GMT_384_segment_042.mp3,for end of your session like 6 months जब complete होना रहेगा न
s3://label-studio-in/STT_Audio_Datasets/Cult_Source/2089073_2024_09_12_09_01_GMT_384_segment_044.mp3,application में reflect होगा sir the movement when you purchase for example sir अभी आप मान गए है कि आपको अभी online payment करने वाले है
s3://label-studio-in/STT_Audio_Datasets/Cult_Source/2089073_2024_09_12_09_01_GMT_384_segment_045.mp3,"other office जो मेरे पास पड़े हैं, मेरे पास employee code है, मेरे पास"
s3://label-studio-in/STT_Audio_Datasets/Cult_Source/2089073_2024_09_12_09_01_GMT_384_segment_046.mp3,"टेस मिलेगा, और नहीं लेता हूँ, quarterly वाला लेता हूँ, तो उसमें"
s3://label-studio-in/STT_Audio_Datasets/Cult_Source/2089073_2024_09_12_09_01_GMT_384_segment_047.mp3,तो 3 months plan में normal basic रखता है उसमें कुछ आएगा नहीं
s3://label-studio-in/STT_Audio_Datasets/Cult_Source/2089073_2024_09_12_09_01_GMT_384_segment_050.mp3,"हाँ sir, transform plus 3 months will cost you 10,499"
s3://label-studio-in/STT_Audio_Datasets/Cult_Source/2089073_2024_09_12_09_01_GMT_384_segment_054.mp3,मेरे को थोड़ा सा लग रहा है कि practical है
s3://label-studio-in/STT_Audio_Datasets/Cult_Source/2089073_2024_09_12_09_01_GMT_384_segment_059.mp3,तो इसमें मतलब either of the two चलता है मैं चाहे जिम में जाऊँ चाहे home workout करूँ मेरा option है न इसमें personalize में
s3://label-studio-in/STT_Audio_Datasets/Cult_Source/2089073_2024_09_12_09_01_GMT_384_segment_060.mp3,"नहीं, अभी जैसे आपका already एक third party gym में आपने elect कर रखा है, right, number 6, if I'm not wrong."
s3://label-studio-in/STT_Audio_Datasets/Cult_Source/2089073_2024_09_12_09_01_GMT_384_segment_063.mp3,without equipment आपको घर पे workout बता देंगे कि आपको
s3://label-studio-in/STT_Audio_Datasets/Cult_Source/2089073_2024_09_12_09_01_GMT_384_segment_064.mp3,आपको two way दोनों आपको options मिल रहा है इसलिए
s3://label-studio-in/STT_Audio_Datasets/Cult_Source/2089073_2024_09_12_09_01_GMT_384_segment_065.mp3,"पोच से तो मिली लूँगा, बस यह है कि distance पता चल जाया है,"
s3://label-studio-in/STT_Audio_Datasets/Cult_Source/2089073_2024_09_12_09_01_GMT_384_segment_067.mp3,अगर आप उसमें जाना चाहेंगे तो आपको एक trial मिल जाएगा
s3://label-studio-in/STT_Audio_Datasets/Cult_Source/2089073_2024_09_12_09_01_GMT_384_segment_068.mp3,membership के लिए इसे कोई trial नहीं है हमारे पास
s3://label-studio-in/STT_Audio_Datasets/Cult_Source/2089073_2024_09_12_09_01_GMT_384_segment_069.mp3,to be honest अभी आप lunch break में हैं तो अभी आपको बस time कम नहीं है तो आप बात कर रहे हो
s3://label-studio-in/STT_Audio_Datasets/Cult_Source/2621980_2025_01_21_10_57_GMT_384_segment_001.mp3,तो 90 days if you are doing there will be accounts booking
s3://label-studio-in/STT_Audio_Datasets/Cult_Source/2687030_2025_02_04_13_18_GMT_384_segment_002.mp3,हाँ अभी purchase नहीं किया आप offer बताओ कुछ offer offer हो तो
s3://label-studio-in/STT_Audio_Datasets/Cult_Source/2687030_2025_02_04_13_18_GMT_384_segment_003.mp3,आप अगर ये referral offer लेके रखे हैं तो दो और ऊपर तो change नहीं हो सकता
s3://label-studio-in/STT_Audio_Datasets/Cult_Source/2687030_2025_02_04_13_18_GMT_384_segment_004.mp3,"but आपके पास 2.5 months के extension मिलेगा आज, with 30 days of pause option, sir."
s3://label-studio-in/STT_Audio_Datasets/Cult_Source/2141819_2024_09_26_08_33_GMT_384_segment_004.mp3,क्योंकि आपको ना बाकी का lower parallel का 1 3 1 2 है
s3://label-studio-in/STT_Audio_Datasets/Cult_Source/2141819_2024_09_26_08_33_GMT_384_segment_009.mp3,12 months के इस अब से तो 16500 होना चाहिए ना
s3://label-studio-in/STT_Audio_Datasets/Cult_Source/2141819_2024_09_26_08_33_GMT_384_segment_013.mp3,"फिर वहाँ पे 1, 3, 7, 5 per month onwards"
s3://label-studio-in/STT_Audio_Datasets/Cult_Source/2141819_2024_09_26_08_33_GMT_384_segment_014.mp3,"जी जी सर, तो आपने application open किया, वहाँ पे आपने select किया fitness टाप, right सर?"
s3://label-studio-in/STT_Audio_Datasets/Cult_Source/2141819_2024_09_26_08_33_GMT_384_segment_019.mp3,1375 price दिखा रहा है फिर buy now पे click करके अगर
s3://label-studio-in/STT_Audio_Datasets/Cult_Source/2141819_2024_09_26_08_33_GMT_384_segment_020.mp3,तो अगर आप 12 months के लिए शिष्ठ हो रहे हैं
s3://label-studio-in/STT_Audio_Datasets/Cult_Source/2141819_2024_09_26_08_33_GMT_384_segment_027.mp3,every month पांच time दूसरे cities में access कर सकते हैं
s3://label-studio-in/STT_Audio_Datasets/Cult_Source/2141819_2024_09_26_08_33_GMT_384_segment_030.mp3,ले जाएंगे तो और increase हो जाएगा by 200 और 300
s3://label-studio-in/STT_Audio_Datasets/Cult_Source/2141819_2024_09_26_08_33_GMT_384_segment_034.mp3,"2 month का free extension में मिल रहा है ना,"
s3://label-studio-in/STT_Audio_Datasets/Cult_Source/2141819_2024_09_26_08_33_GMT_384_segment_037.mp3,"तो on an average बात आते हुए, वो exact cost नहीं है,"
s3://label-studio-in/STT_Audio_Datasets/Cult_Source/2141819_2024_09_26_08_33_GMT_384_segment_040.mp3,"पेश पे जाओ गा जी इसमें देखो अपने को 6 months, 3 months"
s3://label-studio-in/STT_Audio_Datasets/Cult_Source/2141819_2024_09_26_08_33_GMT_384_segment_044.mp3,मेरे को देखो 21990 का मेरे को अगर मैंने for example ये किया है लोग
s3://label-studio-in/STT_Audio_Datasets/Cult_Source/2141819_2024_09_26_08_33_GMT_384_segment_045.mp3,और वह 21990 का अगर आप EMI में convert करोगे
s3://label-studio-in/STT_Audio_Datasets/Cult_Source/2141819_2024_09_26_08_33_GMT_384_segment_048.mp3,21990 आपको और 12 months अगर आप calculate करेंगे तो most probably आपको
s3://label-studio-in/STT_Audio_Datasets/Cult_Source/2141819_2024_09_26_08_33_GMT_384_segment_051.mp3,मतलब देखो credit card के charges का नहीं बुल रहा हूँ आपका कितना cut होगा आपके लिए
s3://label-studio-in/STT_Audio_Datasets/Cult_Source/2141819_2024_09_26_08_33_GMT_384_segment_052.mp3,12 months के आगर EMI पे जाएंगे सर तो 21996
s3://label-studio-in/STT_Audio_Datasets/Cult_Source/2141819_2024_09_26_08_33_GMT_384_segment_055.mp3,"PMI पे नहीं, जो plan select करते हैं न, 2, 1, 6, 3, 1 और 24 months का"
s3://label-studio-in/STT_Audio_Datasets/Cult_Source/2141819_2024_09_26_08_33_GMT_384_segment_056.mp3,उसमें मेरे को 12 months के इसमें 1571 पर मन दिका रहा है।
s3://label-studio-in/STT_Audio_Datasets/Cult_Source/2141819_2024_09_26_08_33_GMT_384_segment_057.mp3,वह आपको 14 months के लिए calculate करके बता रहा है system by default
s3://label-studio-in/STT_Audio_Datasets/Cult_Source/2141819_2024_09_26_08_33_GMT_384_segment_059.mp3,"ये for sure हम अपनी tech team को inform करेंगे लेकिन अगर आप अपने end से calculate करे 21,99 ये per month आपको average पर कितना cost कर रहा है यानि कि 14 महीने के लिए आप अपनी membership"
s3://label-studio-in/STT_Audio_Datasets/Cult_Source/2141819_2024_09_26_08_33_GMT_384_segment_060.mp3,फिर मेरे को pay फिर 18 ही करना होगा ना क्योंकि 2 months तो free है
s3://label-studio-in/STT_Audio_Datasets/Cult_Source/2141819_2024_09_26_08_33_GMT_384_segment_061.mp3,twenty one nine ninety आपका payable amount है let me
s3://label-studio-in/STT_Audio_Datasets/Cult_Source/2141819_2024_09_26_08_33_GMT_384_segment_063.mp3,तो यही prices आपको application में pay करने है आपकी membership avail करने के लिए
s3://label-studio-in/STT_Audio_Datasets/Cult_Source/2141819_2024_09_26_08_33_GMT_384_segment_064.mp3,इसको अगर आप tenority में convert करोगे अगर आप कितने महिने की tenority में convert कर रहे हो
s3://label-studio-in/STT_Audio_Datasets/Cult_Source/2141819_2024_09_26_08_33_GMT_384_segment_066.mp3,"यह जो आपको application में starts from 1575 onwards, 1875 onwards,"
s3://label-studio-in/STT_Audio_Datasets/Cult_Source/2141819_2024_09_26_08_33_GMT_384_segment_068.mp3,"अगर इसमें कोई extension आपको provide हो रहा है, तो extension period calculate"
s3://label-studio-in/STT_Audio_Datasets/Cult_Source/2141819_2024_09_26_08_33_GMT_384_segment_069.mp3,"तो वो additionally इसमें add हो रहा है, मैं उसके लिए, जो आपके साइट से ही provided,"
s3://label-studio-in/STT_Audio_Datasets/Cult_Source/2141819_2024_09_26_08_33_GMT_384_segment_072.mp3,12 months में आपके selected है। मैं 12 months में एकता ही calculate करूँगा।
s3://label-studio-in/STT_Audio_Datasets/Cult_Source/2141819_2024_09_26_08_33_GMT_384_segment_074.mp3,तो अगर आप जैसे बोल रहे हो सुनो 157 month
s3://label-studio-in/STT_Audio_Datasets/Cult_Source/2141819_2024_09_26_08_33_GMT_384_segment_076.mp3,"14 months से calculate कर रहा है तो 21,990 दिकार है वो"
s3://label-studio-in/STT_Audio_Datasets/Cult_Source/2141819_2024_09_26_08_33_GMT_384_segment_077.mp3,बट वो 2 months तो आपके सिर्फ फ्री है ना तो फिर उसके लिए मैं pay क्यों करूँगा
s3://label-studio-in/STT_Audio_Datasets/Cult_Source/2141819_2024_09_26_08_33_GMT_384_segment_079.mp3,वो गलत है न दिखाना मैं वो ही confirm कर रहा हूँ आपसे
s3://label-studio-in/STT_Audio_Datasets/Cult_Source/2141819_2024_09_26_08_33_GMT_384_segment_082.mp3,यहाँ पे लिखा है only today get free 2 months extension
s3://label-studio-in/STT_Audio_Datasets/Cult_Source/2141819_2024_09_26_08_33_GMT_384_segment_084.mp3,तो फिर मैं 12 months का ही pay करूँगा ना
s3://label-studio-in/STT_Audio_Datasets/Cult_Source/2141819_2024_09_26_08_33_GMT_384_segment_085.mp3,वो ही तो बोल रहा हूँ मैं 12 months का आपने अभी बोला की 2 months का include होके दिखा रहा है
s3://label-studio-in/STT_Audio_Datasets/Cult_Source/2141819_2024_09_26_08_33_GMT_384_segment_086.mp3,"2 months फ्री कैसे हुआ हो, 12 months का मेरे को 21,992 नहीं पड़ेगा"
s3://label-studio-in/STT_Audio_Datasets/Cult_Source/2141819_2024_09_26_08_33_GMT_384_segment_090.mp3,"exactly 12 months का, क्योंकि आपको 2 months free का calculation चाहिए नहीं मांप है।"
s3://label-studio-in/STT_Audio_Datasets/Cult_Source/2141819_2024_09_26_08_33_GMT_384_segment_091.mp3,हर month अपनी membership के 14 महीनों के लिए कितना spend करोगे
s3://label-studio-in/STT_Audio_Datasets/Cult_Source/2141819_2024_09_26_08_33_GMT_384_segment_093.mp3,अगर आप 12 महीनों से calculate करोगे तो 1833 का आपका per month का average cost आएगा
s3://label-studio-in/STT_Audio_Datasets/Cult_Source/2141819_2024_09_26_08_33_GMT_384_segment_094.mp3,नहीं आना चाहिए अगर वो आ रहा है तो फिर इसमें वो update होना चाहिए
s3://label-studio-in/STT_Audio_Datasets/Cult_Source/2141819_2024_09_26_08_33_GMT_384_segment_097.mp3,फिर 2 months additional तो मेरे को मिल रही है वो आपका feature है
s3://label-studio-in/STT_Audio_Datasets/Cult_Source/2141819_2024_09_26_08_33_GMT_384_segment_098.mp3,हम अपनी victim को inform कर देंगे but on an average
s3://label-studio-in/STT_Audio_Datasets/Cult_Source/2141819_2024_09_26_08_33_GMT_384_segment_103.mp3,1800 exchange per month का average price निकल आ रहा है
s3://label-studio-in/STT_Audio_Datasets/Cult_Source/2141819_2024_09_26_08_33_GMT_384_segment_104.mp3,2 months का extension include करके on an average price बता रहा है
s3://label-studio-in/STT_Audio_Datasets/Cult_Source/2141819_2024_09_26_08_33_GMT_384_segment_106.mp3,हमारे customers को एक idea देने के लिए कि आप 14 months के लिए अगर आप calculate करें तो कितना आप spend कर रहे है maximum अपनी
s3://label-studio-in/STT_Audio_Datasets/Cult_Source/2141819_2024_09_26_08_33_GMT_384_segment_109.mp3,two months additional ये add हो जाएगा आप एक बार ये confirm कर लो मेरे को ये update करोगे कि मुझे फिर से fall off लेना पड़ेगा
s3://label-studio-in/STT_Audio_Datasets/Cult_Source/2141819_2024_09_26_08_33_GMT_384_segment_111.mp3,ideally मैं आपको बता रहा हूँ application पर changes करने के लिए थोड़ा time लगेगा
s3://label-studio-in/STT_Audio_Datasets/Cult_Source/2141819_2024_09_26_08_33_GMT_384_segment_112.mp3,आज क्योंकि Amazon voucher भी live है और sale day live है
s3://label-studio-in/STT_Audio_Datasets/Cult_Source/2141819_2024_09_26_08_33_GMT_384_segment_113.mp3,बहुत दिन से observe कर रहा हूँ इसलिए वजह से मैं subscription नहीं ले रहा था
s3://label-studio-in/STT_Audio_Datasets/Cult_Source/2141819_2024_09_26_08_33_GMT_384_segment_115.mp3,tension period भी calculate करके लेंगे तो आप इतना ही spend करना है अपनी membership
s3://label-studio-in/STT_Audio_Datasets/Cult_Source/2141819_2024_09_26_08_33_GMT_384_segment_116.mp3,मैं आपको अपने end से clarity दे रहा हूँ आपका final payable होगा 21990 हमारा discount अप्लाई करने के बाद
s3://label-studio-in/STT_Audio_Datasets/Cult_Source/2141819_2024_09_26_08_33_GMT_384_segment_117.mp3,अगर आप 12 महीने की EMI उस पर select करोगे तो 1800 change का आपका performance का
s3://label-studio-in/STT_Audio_Datasets/Cult_Source/2141819_2024_09_26_08_33_GMT_384_segment_118.mp3,first month की थोड़ा difference इतना but second month आपका 8th generation की
s3://label-studio-in/STT_Audio_Datasets/Cult_Source/2141819_2024_09_26_08_33_GMT_384_segment_121.mp3,हाँ but वो मैं वो ही वो तो incorrect है calculation
s3://label-studio-in/STT_Audio_Datasets/Cult_Source/2141819_2024_09_26_08_33_GMT_384_segment_122.mp3,लेके मैं अगर फिर ticket raise करूँगा यह गलत दिकार है मेरे को refund चाहिए तो फिर वो
s3://label-studio-in/STT_Audio_Datasets/Cult_Source/2141819_2024_09_26_08_33_GMT_384_segment_123.mp3,"अगर हम totally 14 months के लिए भी calculate करें, तो हमारा average कितना spend हो रहा है एक महीने?"
s3://label-studio-in/STT_Audio_Datasets/Cult_Source/2141819_2024_09_26_08_33_GMT_384_segment_125.mp3,"या let's just suppose बारा महिमे का provider जाता है,"
s3://label-studio-in/STT_Audio_Datasets/Cult_Source/2141819_2024_09_26_08_33_GMT_384_segment_126.mp3,तो मेरा per month average कितना निकल किया रहा है
s3://label-studio-in/STT_Audio_Datasets/Cult_Source/2141819_2024_09_26_08_33_GMT_384_segment_127.mp3,और क्या देखना चाहते हैं application में directly उसी हिसाब से prices
s3://label-studio-in/STT_Audio_Datasets/Cult_Source/2141819_2024_09_26_08_33_GMT_384_segment_128.mp3,"वहां पर reflect हो रहा है, but अगर आपको prices के लिए regarding priority चाहिए,"
s3://label-studio-in/STT_Audio_Datasets/Cult_Source/2141819_2024_09_26_08_33_GMT_384_segment_129.mp3,"तो मैंने वो आपको अल्रेड़ी प्रोवाइड किया, 21990 आपका प्राइजेस रहेगा, 18th अलग।"
s3://label-studio-in/STT_Audio_Datasets/Cult_Source/2141819_2024_09_26_08_33_GMT_384_segment_130.mp3,वही अगर आप 14 महीने से on an average जैसे कि हमारे बहुत सारे customers को चाहिए था कि on an average हमें कितना cost कर रहा है
s3://label-studio-in/STT_Audio_Datasets/Cult_Source/2141819_2024_09_26_08_33_GMT_384_segment_133.mp3,और अगर आपको यह Amazon Watcher भी जो अवेलेबल है आज के लिए 1200 का वो सिर्फ आज के लिए अवेलेबल रहेगा
s3://label-studio-in/STT_Audio_Datasets/Cult_Source/2141819_2024_09_26_08_33_GMT_384_segment_134.mp3,आपको शेल्ड है वह Amazon के बाउचर के बनिंग पर हम प्रोवाइड नहीं कर पाएंगे
s3://label-studio-in/STT_Audio_Datasets/Cult_Source/2141819_2024_09_26_08_33_GMT_384_segment_135.mp3,my orders का option रहेगा my orders का अगर आप click करेंगे ready my voucher का option रहेगा
s3://label-studio-in/STT_Audio_Datasets/Cult_Source/2141819_2024_09_26_08_33_GMT_384_segment_137.mp3,"जैसे ही आप उसको redeem करते हैं, आप अपने Amazon Pay में wallet में add करते हैं,"
s3://label-studio-in/STT_Audio_Datasets/Cult_Source/2141819_2024_09_26_08_33_GMT_384_segment_138.mp3,तो wallet में add करने के बाद वो voucher एक साल के लिए वैलिट रहेगा
s3://label-studio-in/STT_Audio_Datasets/Cult_Source/2141819_2024_09_26_08_33_GMT_384_segment_139.mp3,आपको कोई minimum purchase का criteria नहीं लगेगा जैसे कि 1200 का अगर आपको redeem करना है तो 1500 का purchase करना ही होगा ऐसा कुछ भी नहीं है तो आप 500 के लिए भी purchase कर सकते हैं 200 के लिए भी purchase कर सकते हैं आपने amazon net
s3://label-studio-in/STT_Audio_Datasets/Cult_Source/2141819_2024_09_26_08_33_GMT_384_segment_142.mp3,12 months के लिए कितना cost करता है 14 months के लिए including extensive
s3://label-studio-in/STT_Audio_Datasets/Cult_Source/2141819_2024_09_26_08_33_GMT_384_segment_146.mp3,आपने अगर कुछ raise किया है बोला आपने उसके regarding मुझे कुछ आएगा update
s3://label-studio-in/STT_Audio_Datasets/Cult_Source/2141819_2024_09_26_08_33_GMT_384_segment_148.mp3,एप्लीकेशन पर कुछ changes होंगे आप view कर पाएंगे application पर changes
s3://label-studio-in/STT_Audio_Datasets/Cult_Source/2141819_2024_09_26_08_33_GMT_384_segment_149.mp3,"तो आप अपने इनसे feedback raise कर सकते हैं application पर, and raising support करी, informing के,"
s3://label-studio-in/STT_Audio_Datasets/Cult_Source/2141819_2024_09_26_08_33_GMT_384_segment_152.mp3,अगर आपको कोई भी guidance चाहिए purchase करते समय कोई भी glitch आ रहा है वापस से तो आप इसी में number पर call back कर सकते हैं
s3://label-studio-in/STT_Audio_Datasets/Cult_Source/2141819_2024_09_26_08_33_GMT_384_segment_153.mp3,हमारे colleagues जो Ranjit ने आपसे पहले बात की थी वही pickup कर पाएंगे call को directly call connect नहीं होगा as in IVR call है but जब भी आप call back करेंगे इनको notification receive नहीं होगा
s3://label-studio-in/STT_Audio_Datasets/Cult_Source/2141819_2024_09_26_08_33_GMT_384_segment_156.mp3,तो it would be great अगर आप 630 के पहले call back request
s3://label-studio-in/STT_Audio_Datasets/Cult_Source/2141819_2024_09_26_08_33_GMT_384_segment_157.mp3,उसका है तो 6.30 से 10.15 में अगर हम call पे भी जा रहे हैं
s3://label-studio-in/STT_Audio_Datasets/Cult_Source/2141819_2024_09_26_08_33_GMT_384_segment_158.mp3,तो exactly 7 से पहले हम अपनों को अलवा करेंगे अच्छे
s3://label-studio-in/STT_Audio_Datasets/Cult_Source/2141819_2024_09_26_08_33_GMT_384_segment_159.mp3,वन्निंग करते हैं तो इस दिन से आपको fallback करते हैं
s3://label-studio-in/STT_Audio_Datasets/Cult_Source/2675320_2025_02_02_06_06_GMT_384_segment_002.mp3,"home में कुछ नहीं दिखा रहा गया home में जाऊं तो footwear, accessories"
s3://label-studio-in/STT_Audio_Datasets/Cult_Source/2675320_2025_02_02_06_06_GMT_384_segment_003.mp3,store पे जाओ store पे नहीं store पे तो shopping होगा न
s3://label-studio-in/STT_Audio_Datasets/Cult_Source/2675320_2025_02_02_06_06_GMT_384_segment_004.mp3,"just give me a minute, एक बार वो भी check कर रहा हूँ, वो ही check कर रहा हूँ मैं आपको,"
s3://label-studio-in/STT_Audio_Datasets/Cult_Source/2675320_2025_02_02_06_06_GMT_384_segment_007.mp3,ठीक है थोड़ा back आई है उसमें elite का एक option रहेगा
s3://label-studio-in/STT_Audio_Datasets/Cult_Source/2675320_2025_02_02_06_06_GMT_384_segment_011.mp3,क्यों मतलब अगर normal elite का pricing देखेंगे दूसरे users के लिए
s3://label-studio-in/STT_Audio_Datasets/Cult_Source/2675320_2025_02_02_06_06_GMT_384_segment_013.mp3,"हाँ, कोई भी डाल के आप कभी भी जा सकते हैं सर, no need to worry about that."
s3://label-studio-in/STT_Audio_Datasets/Cult_Source/2675320_2025_02_02_06_06_GMT_384_segment_018.mp3,अभी मैं date जो 21st मार्च दिखा रहा है वो ही डालू क्या?
s3://label-studio-in/STT_Audio_Datasets/Cult_Source/2675320_2025_02_02_06_06_GMT_384_segment_019.mp3,पर सिर्फ टाइप करके ये लिखी है की as per the conversation मैंने membership purchase कर लिया है
s3://label-studio-in/STT_Audio_Datasets/Cult_Source/2675320_2025_02_02_06_06_GMT_384_segment_022.mp3,नहीं नहीं वो मतलब किए as per the conversation I have purchased the elite membership
s3://label-studio-in/STT_Audio_Datasets/Cult_Source/2675320_2025_02_02_06_06_GMT_384_segment_023.mp3,या source account आप वो दाल के उसके बाद ये लिख दीजिये के
s3://label-studio-in/STT_Audio_Datasets/Cult_Source/2675320_2025_02_02_06_06_GMT_384_segment_024.mp3,I want to start my elite membership from February 3rd के लिए जीजे लो
s3://label-studio-in/STT_Audio_Datasets/Cult_Source/2675320_2025_02_02_06_06_GMT_384_segment_027.mp3,कोई बार open करके check कर सकते हैं जैसे ही mobile के browser में जाइए
s3://label-studio-in/STT_Audio_Datasets/Cult_Source/2675320_2025_02_02_06_06_GMT_384_segment_028.mp3,मतलब वो fitness में वो cult pass elite का option नहीं दिखा रहा है
s3://label-studio-in/STT_Audio_Datasets/Cult_Source/2675320_2025_02_02_06_06_GMT_384_segment_030.mp3,"तो उसका pricing आकर आपको 13,000 कुछ पड़ रहा है right"
s3://label-studio-in/STT_Audio_Datasets/Cult_Source/2675320_2025_02_02_06_06_GMT_384_segment_031.mp3,वो तो वही friend को refer करने के लिए मिल रहा हूँ renew now मिल रहा है
s3://label-studio-in/STT_Audio_Datasets/Cult_Source/2675320_2025_02_02_06_06_GMT_384_segment_033.mp3,मतलब in case आगर आपको वो normal elite मिल रहा है तो it is fine
s3://label-studio-in/STT_Audio_Datasets/Cult_Source/2675320_2025_02_02_06_06_GMT_384_segment_035.mp3,ma'am का profile eligible था उसके लिए वो automatic activate हुआ
s3://label-studio-in/STT_Audio_Datasets/Cult_Source/2675320_2025_02_02_06_06_GMT_384_segment_036.mp3,I totally understand क्यों मतलब वो fitness option में आपको multiple membership दिखेंगे लेकिन इसमें आपको multiple membership नहीं दिख रहा है वो ही option हो रहा है
s3://label-studio-in/STT_Audio_Datasets/Cult_Source/2675320_2025_02_02_06_06_GMT_384_segment_037.mp3,"नहीं, नहीं, but it's not happening, because I can't be holding on for half an hour, it's almost half an hour I'm still discussing with you, I have to go out."
s3://label-studio-in/STT_Audio_Datasets/Cult_Source/2675320_2025_02_02_06_06_GMT_384_segment_040.mp3,तो वैसे तो option दिखाना नहीं चाहिए क्यों मतलब जब भी वो renew membership का option रहेगा राइट
s3://label-studio-in/STT_Audio_Datasets/Cult_Source/2675320_2025_02_02_06_06_GMT_384_segment_043.mp3,back-end team से एक बार escalate करके कराता हूँ मतलब आप कब free होंगे
s3://label-studio-in/STT_Audio_Datasets/Cult_Source/2675320_2025_02_02_06_06_GMT_384_segment_044.mp3,"मैं काम करता हूँ, मैं आपको मतलब पान वज़े के खरीब call back कर लेता हूँ"
s3://label-studio-in/STT_Audio_Datasets/Cult_Source/2675320_2025_02_02_06_06_GMT_384_segment_046.mp3,मैं back-end team से बोलती है वो refund जो है वो initiate कराके आपको reward back दलवा देता हूँ टिकेट
s3://label-studio-in/STT_Audio_Datasets/Cult_Source/2628976_2025_01_23_05_39_GMT_384_segment_002.mp3,"पहले आपका 90 days का pause आता था, मैं 90 days..."
s3://label-studio-in/STT_Audio_Datasets/Cult_Source/2628976_2025_01_23_05_39_GMT_384_segment_003.mp3,"90 days का pause आता था, 3 months का extension आता था,"
s3://label-studio-in/STT_Audio_Datasets/Cult_Source/2628976_2025_01_23_05_39_GMT_384_segment_004.mp3,"कुछ है नहीं, basically सब कुछ change हो गया है, तो वो थोड़ा"
s3://label-studio-in/STT_Audio_Datasets/Cult_Source/2664167_2025_01_30_11_45_GMT_384_segment_001.mp3,जो square mall है वहाँ पे कोई parking वगिरे है
s3://label-studio-in/STT_Audio_Datasets/Cult_Source/2664167_2025_01_30_11_45_GMT_384_segment_003.mp3,"हम आपको parking के बारे में कोई details देने के लिए नहीं हो पाएगा, कुछ भी assure करने के लिए नहीं हो पाएगा इदर."
s3://label-studio-in/STT_Audio_Datasets/Cult_Source/2672654_2025_02_08_09_38_GMT_384_segment_002.mp3,तो उसमें अभी ये problem में थोड़ा सा ये limitation जैसा आ गया है कि that specific बार जो आपने photo
s3://label-studio-in/STT_Audio_Datasets/Cult_Source/2672654_2025_02_08_09_38_GMT_384_segment_006.mp3,सर जी handle सच में है सर जी अगर आपको मैं आपको openly कह रहा हूँ सर जी अगर आप
s3://label-studio-in/STT_Audio_Datasets/Cult_Source/2672654_2025_02_08_09_38_GMT_384_segment_007.mp3,"वो नहीं चाहिए इसलिए आप disappointed हो, 100% होना ही चाहिए sir."
s3://label-studio-in/STT_Audio_Datasets/Cult_Source/2672654_2025_02_08_09_38_GMT_384_segment_008.mp3,जैसे अभी exactly तो मुझे नहीं है सर जी मैंने center manager से अभी बात की थी
s3://label-studio-in/STT_Audio_Datasets/Cult_Source/2672654_2025_02_08_09_38_GMT_384_segment_009.mp3,मिश रूची नाम है उनका तो मैंने उनसे बात की है इसके related ठीक है
s3://label-studio-in/STT_Audio_Datasets/Cult_Source/2672654_2025_02_08_09_38_GMT_384_segment_010.mp3,race किया था dispute उस चीज का उनी के वजह से confirmation मिला
s3://label-studio-in/STT_Audio_Datasets/Cult_Source/2672654_2025_02_08_09_38_GMT_384_segment_011.mp3,आपको वो जिम फिर खोलना भी नहीं चाहिए you know in my area
s3://label-studio-in/STT_Audio_Datasets/Cult_Source/2672654_2025_02_08_09_38_GMT_384_segment_012.mp3,मुझे tax मिला है कि 2 to 3 months के अंदर होगा घर के कुछ भी
s3://label-studio-in/STT_Audio_Datasets/Cult_Source/2672654_2025_02_08_09_38_GMT_384_segment_013.mp3,मैं proper terms and conditions पढ़ूँगा और मैं Government of India में
s3://label-studio-in/STT_Audio_Datasets/Cult_Source/2672654_2025_02_08_09_38_GMT_384_segment_014.mp3,You remember right कुछ time पहले जिन में एक बंदा मारा था
s3://label-studio-in/STT_Audio_Datasets/Cult_Source/2672654_2025_02_08_09_38_GMT_384_segment_017.mp3,मेरे को अपनी mail में सिर्फ यह point लिखना है यह लिखना है trainer नहीं होता यह लिखना है
s3://label-studio-in/STT_Audio_Datasets/Cult_Source/2672654_2025_02_08_09_38_GMT_384_segment_019.mp3,वहाँ पे staff पूरा available होता है वहाँ पे handles
s3://label-studio-in/STT_Audio_Datasets/Cult_Source/2672654_2025_02_08_09_38_GMT_384_segment_020.mp3,और अगर basic वाली नहीं भी होते तो वो एक हफ्ते के अंदर handles repair करवा के दे देते हैं
s3://label-studio-in/STT_Audio_Datasets/Cult_Source/2672654_2025_02_08_09_38_GMT_384_segment_021.mp3,"मैं इससे पहले ऐसा नहीं है कि मैं कल से पहले कभी जिम नहीं गया, I have been going gym since 2016 now."
s3://label-studio-in/STT_Audio_Datasets/Cult_Source/2672654_2025_02_08_09_38_GMT_384_segment_022.mp3,मैं गली के जिनके बात कर रहा हूँ which I used to pay
s3://label-studio-in/STT_Audio_Datasets/Cult_Source/2672654_2025_02_08_09_38_GMT_384_segment_023.mp3,you can close the call after saying कि मैंने inform कर दिया but that is not something I am gonna
s3://label-studio-in/STT_Audio_Datasets/Cult_Source/2672654_2025_02_08_09_38_GMT_384_segment_025.mp3,कोई तो बंदा होगा ना जो North के पूरे कल के agents को संभालता होगा
s3://label-studio-in/STT_Audio_Datasets/Cult_Source/2672654_2025_02_08_09_38_GMT_384_segment_026.mp3,चलो एक बात बताओ जो sector 47 में नए जिम खोल रहा है कल्ट का
s3://label-studio-in/STT_Audio_Datasets/Cult_Source/2672654_2025_02_08_09_38_GMT_384_segment_028.mp3,तो उसी तरीके साथ certain जीम का already release कर दी होंगे सर जी not sure about it नो सर जी
s3://label-studio-in/STT_Audio_Datasets/Cult_Source/2672654_2025_02_08_09_38_GMT_384_segment_031.mp3,"you can say के 2-3 महीने लगेंगे, I am not gonna wait 2-3 months."
s3://label-studio-in/STT_Audio_Datasets/Cult_Source/2672654_2025_02_08_09_38_GMT_384_segment_032.mp3,उत्तर में मेरी membership फतम हो जानी है यहाँ पे
s3://label-studio-in/STT_Audio_Datasets/Cult_Source/2672654_2025_02_08_09_38_GMT_384_segment_034.mp3,"मेरी membership तो खतम हो रही है, I have nothing to lose."
s3://label-studio-in/STT_Audio_Datasets/Cult_Source/2672654_2025_02_08_09_38_GMT_384_segment_036.mp3,मैं इतनी अच्छी complaint करूँगा कि वहाँ पर at least कुछ न कुछ audit तो होगा
s3://label-studio-in/STT_Audio_Datasets/Cult_Source/2672654_2025_02_08_09_38_GMT_384_segment_037.mp3,या तो वहाँ पर GST team का order हो जाएगा या फिर वहाँ पर proper आपका commerce trade होता है वह उसका order हो जाएगा
s3://label-studio-in/STT_Audio_Datasets/Cult_Source/2672654_2025_02_08_09_38_GMT_384_segment_038.mp3,"मैंने आपको एक हफ्ते का time दे दिया है, contact me back by"
s3://label-studio-in/STT_Audio_Datasets/Cult_Source/2672654_2025_02_08_09_38_GMT_384_segment_039.mp3,"के 2-3 महीने लगेंगे, on Tuesday I will start my other action."
s3://label-studio-in/STT_Audio_Datasets/Cult_Source/2402675_2024_11_29_10_42_GMT_384_segment_004.mp3,अगर Amazon voucher दे रहा है तो rate बढ़ा दे रहा है और Amazon voucher
s3://label-studio-in/STT_Audio_Datasets/Cult_Source/2402675_2024_11_29_10_42_GMT_384_segment_005.mp3,rate reduce कर दे रहा है तो दोनों में अंतर ही क्या हो गया है
s3://label-studio-in/STT_Audio_Datasets/Cult_Source/2402675_2024_11_29_10_42_GMT_384_segment_007.mp3,"इसलिए अभी base price का जो membership pricing है, membership का जो base price है, वो ही increase हो गया है."
s3://label-studio-in/STT_Audio_Datasets/Cult_Source/2402675_2024_11_29_10_42_GMT_384_segment_008.mp3,तो इससे below हो नहीं जाएगा और क्यों बोले तो new membership launch कर रहे हैं
s3://label-studio-in/STT_Audio_Datasets/Cult_Source/2402675_2024_11_29_10_42_GMT_384_segment_009.mp3,"आप देख सकते हो कल्ट के application में, Bangalore और Delhi में already हम launch कर दिये हैं, जहांपे Elite Plus और Pro Plus बोलते हैं, new membership launch किया है।"
s3://label-studio-in/STT_Audio_Datasets/Cult_Source/2402675_2024_11_29_10_42_GMT_384_segment_010.mp3,तो इसी के regarding आपको call किया था तो इसी के कारण
s3://label-studio-in/STT_Audio_Datasets/Cult_Source/2402675_2024_11_29_10_42_GMT_384_segment_011.mp3,नहीं आज के दिन Amazon Watch लास्ट दे के लिए Amazon Watch दुबारा से कस्टमर्स को प्रोवाइड किया है
s3://label-studio-in/STT_Audio_Datasets/Cult_Source/2402675_2024_11_29_10_42_GMT_384_segment_012.mp3,अभी देख रहे होगे आप अभी तक Amazon Fortune 1200 का ही दिया था हमने
s3://label-studio-in/STT_Audio_Datasets/Cult_Source/2402675_2024_11_29_10_42_GMT_384_segment_013.mp3,selected customers के लिए होता है आज के दिन ही सर्फ all customers को 1500 rupees का voucher दे रहा है
s3://label-studio-in/STT_Audio_Datasets/Cult_Source/2402675_2024_11_29_10_42_GMT_384_segment_014.mp3,तू मोले तो कल से फिर जुबारा से price mismatch हो रहा है।
s3://label-studio-in/STT_Audio_Datasets/Cult_Source/2402675_2024_11_29_10_42_GMT_384_segment_015.mp3,जहांपे Elite Plus और Pro Plus का membership Pan-India पे सारे स्टेट्स में launch होने वाला है।
s3://label-studio-in/STT_Audio_Datasets/Cult_Source/2402675_2024_11_29_10_42_GMT_384_segment_016.mp3,तो इसी के कारण मैं आपको call किया था best of best price पर avoid करने के लिए
s3://label-studio-in/STT_Audio_Datasets/Cult_Source/2402675_2024_11_29_10_42_GMT_384_segment_017.mp3,आपके particular number पे दुबारा से final amount best of discount last time के लिए दुबारा से पर add करता हूँ
s3://label-studio-in/STT_Audio_Datasets/Cult_Source/2402675_2024_11_29_10_42_GMT_384_segment_019.mp3,मैं overall भी बताऊँगा पर मन के असाब से बताऊँगा आपको
s3://label-studio-in/STT_Audio_Datasets/Cult_Source/2402675_2024_11_29_10_42_GMT_384_segment_020.mp3,overall मतलब one year plus three month extension रहता है
s3://label-studio-in/STT_Audio_Datasets/Cult_Source/2402675_2024_11_29_10_42_GMT_384_segment_022.mp3,"जान सकता हूँ कि इस particular state के लिए देख रहे हैं दानलोर, हाइद्राबाद, मुंबाई"
s3://label-studio-in/STT_Audio_Datasets/Cult_Source/2402675_2024_11_29_10_42_GMT_384_segment_023.mp3,"अभी तक हाइद्राबाद में launch नहीं हुआ new membership, कल से launch होएगा वो"
s3://label-studio-in/STT_Audio_Datasets/Cult_Source/2402675_2024_11_29_10_42_GMT_384_segment_025.mp3,3 months के extension के साथ मतलब आपको totally 15 months के साथ
s3://label-studio-in/STT_Audio_Datasets/Cult_Source/2402675_2024_11_29_10_42_GMT_384_segment_027.mp3,per month 1070 rupees आएगा उसके ऊपर आपको amazon voucher मिलेगा 1500 का as a cashback
s3://label-studio-in/STT_Audio_Datasets/Cult_Source/2402675_2024_11_29_10_42_GMT_384_segment_028.mp3,और एक बेस्ट पार्टे की Amazon Watcher का वैलिडिटी एक साल तक रहेगा
s3://label-studio-in/STT_Audio_Datasets/Cult_Source/2402675_2024_11_29_10_42_GMT_384_segment_030.mp3,आप इस particular amazon voucher को redeem कर सकते हो
s3://label-studio-in/STT_Audio_Datasets/Cult_Source/2402675_2024_11_29_10_42_GMT_384_segment_036.mp3,2320 है इसमें से minus 1500 अगर मैं कर लेता हूँ
s3://label-studio-in/STT_Audio_Datasets/Cult_Source/2402675_2024_11_29_10_42_GMT_384_segment_038.mp3,"अभी 16,320 है उसके ऊपर आपको 1,500 का voucher मिल रहा है"
s3://label-studio-in/STT_Audio_Datasets/Cult_Source/2402675_2024_11_29_10_42_GMT_384_segment_041.mp3,"offer remove करता हूँ, उसके बाद बताये कि कितना price दिखा"
s3://label-studio-in/STT_Audio_Datasets/Cult_Source/2402675_2024_11_29_10_42_GMT_384_segment_045.mp3,Amazon voucher तो रात नहीं में देख लिया था रात के 12 बजे ही मैंने देख लिया था वही voucher दिखा रहा है
s3://label-studio-in/STT_Audio_Datasets/Cult_Source/2402675_2024_11_29_10_42_GMT_384_segment_046.mp3,selected customers कल आपने login किया था कल के application पे
s3://label-studio-in/STT_Audio_Datasets/Cult_Source/2402675_2024_11_29_10_42_GMT_384_segment_049.mp3,सिर्फ वो ही कस्टमर्स का Amazon Watcher दे रहा है बाकी कस्टमर्स के लिए Amazon Watcher ने
s3://label-studio-in/STT_Audio_Datasets/Cult_Source/2402675_2024_11_29_10_42_GMT_384_segment_050.mp3,आपके पास कोई दुसरा number है तो आप add करके दे सकते हो।
s3://label-studio-in/STT_Audio_Datasets/Cult_Source/2402675_2024_11_29_10_42_GMT_384_segment_053.mp3,"अगर GST, वो 14,000 कोई मिल रहा है आपको, Amazon Watcher आपको,"
s3://label-studio-in/STT_Audio_Datasets/Cult_Source/2402675_2024_11_29_10_42_GMT_384_segment_055.mp3,नहीं नहीं वो 800 और reduce हो सकता है क्या?
s3://label-studio-in/STT_Audio_Datasets/Cult_Source/2402675_2024_11_29_10_42_GMT_384_segment_056.mp3,employees को offer करते ना वो same price आपको offer किया हो
s3://label-studio-in/STT_Audio_Datasets/Cult_Source/2402675_2024_11_29_10_42_GMT_384_segment_057.mp3,मतलब थोड़ा सा और additionally कुछ discount वगेरा मिल सकता है तो बता दीजे
s3://label-studio-in/STT_Audio_Datasets/Cult_Source/2402675_2024_11_29_10_42_GMT_384_segment_059.mp3,कल भी call किया था कल भी आपको discount provide किया इसके कारण आपको 16000
s3://label-studio-in/STT_Audio_Datasets/Cult_Source/2402675_2024_11_29_10_42_GMT_384_segment_061.mp3,"इसके पहले भी मतलब call आया था उनका, तो वो same वो ही दे रहे है, 14,800 में भी दे रहे है,"
s3://label-studio-in/STT_Audio_Datasets/Cult_Source/2402675_2024_11_29_10_42_GMT_384_segment_063.mp3,अगर best price of the membership increase हो गया तो उससे कम हम नहीं दे सकते
s3://label-studio-in/STT_Audio_Datasets/Cult_Source/2402675_2024_11_29_10_42_GMT_384_segment_066.mp3,कस्टमर्स और कल्ट के कस्टमर्स को hardly 400 या 450 का variance हता है
s3://label-studio-in/STT_Audio_Datasets/Cult_Source/2402675_2024_11_29_10_42_GMT_384_segment_067.mp3,बिचक्की से दुबारा से आट किया हूँ आपके particular number पे
s3://label-studio-in/STT_Audio_Datasets/Cult_Source/2402675_2024_11_29_10_42_GMT_384_segment_069.mp3,"retention pad अगर second time purchase कर रहा हो, तो आपको 12,000-13,000 में मिल जाएगा,"
s3://label-studio-in/STT_Audio_Datasets/Cult_Source/2402675_2024_11_29_10_42_GMT_384_segment_070.mp3,यह first time आपके particular number से purchase कर रहे हैं तो first time इसको यही membership का amount दिखाएगा
s3://label-studio-in/STT_Audio_Datasets/Cult_Source/2402675_2024_11_29_10_42_GMT_384_segment_071.mp3,tension बोले तो आप already एक customer हो cult के साथ
s3://label-studio-in/STT_Audio_Datasets/Cult_Source/2402675_2024_11_29_10_42_GMT_384_segment_072.mp3,"already आप membership use करके expire हो गया है आपका membership,"
s3://label-studio-in/STT_Audio_Datasets/Cult_Source/2402675_2024_11_29_10_42_GMT_384_segment_073.mp3,मतलब एक साल का या छे मेने का membership लेके आप इस्तेमाल कर दियो।
s3://label-studio-in/STT_Audio_Datasets/Cult_Source/2402675_2024_11_29_10_42_GMT_384_segment_075.mp3,"अगर वो हिसाब से अगर आप calculate करें, तो retention pack में आपको सिर्फ 12 मेने का मिलेगा, 13 है."
s3://label-studio-in/STT_Audio_Datasets/Cult_Source/2402675_2024_11_29_10_42_GMT_384_segment_077.mp3,अगर intention पर calculate कर रहे हैं तो परमन के इशाब से आपको वो ज्यादा पड़ेगा
s3://label-studio-in/STT_Audio_Datasets/Cult_Source/2402675_2024_11_29_10_42_GMT_384_segment_078.mp3,"अगर 13,000 आप 12 months से चाप्टे डिवाइट करेंगे तो 1100 या 1110 रुपिस है तो cost है अपर month को"
s3://label-studio-in/STT_Audio_Datasets/Cult_Source/2402675_2024_11_29_10_42_GMT_384_segment_079.mp3,"तो आपको ₹1,070 ऐसा कुछ cost करेगा यही cheaper आपको cost करेगा ऊपर से आपको amazon washer भी मिल रहा है तो less than ₹1,000 आपको cost करेगा"
s3://label-studio-in/STT_Audio_Datasets/Cult_Source/2402675_2024_11_29_10_42_GMT_384_segment_081.mp3,50 credit point मतलब अब जो भी elite centers को जाते है न उधर पे scanner रहता है
s3://label-studio-in/STT_Audio_Datasets/Cult_Source/2402675_2024_11_29_10_42_GMT_384_segment_082.mp3,"अगर वो स्कानर पर आप स्कान किये, तो 2 या 3 credit पर जिदक्ट होते हैं आप."
s3://label-studio-in/STT_Audio_Datasets/Cult_Source/2402675_2024_11_29_10_42_GMT_384_segment_083.mp3,"तो वो और वो जो भी आपको credit coins और 45 days का postage दिखा रहा है ना,"
s3://label-studio-in/STT_Audio_Datasets/Cult_Source/2402675_2024_11_29_10_42_GMT_384_segment_084.mp3,कल से new membership launcher आए वो सब कुछ change हो जाएगा credit points आपको pro में नहीं मिलेगा
s3://label-studio-in/STT_Audio_Datasets/Cult_Source/2402675_2024_11_29_10_42_GMT_384_segment_085.mp3,"और 45 days का pauses आपको मिल रहा है ना, 12 months की leach membership में और pro membership में"
s3://label-studio-in/STT_Audio_Datasets/Cult_Source/2402675_2024_11_29_10_42_GMT_384_segment_086.mp3,वो कल से आपको fortify करने रहेगा 30 days का रहेगा
s3://label-studio-in/STT_Audio_Datasets/Cult_Source/2402675_2024_11_29_10_42_GMT_384_segment_087.mp3,अब एक बार चाहिए तो आप कल्ट के application पर application चेंज करके देख सकतो।
s3://label-studio-in/STT_Audio_Datasets/Cult_Source/2402675_2024_11_29_10_42_GMT_384_segment_089.mp3,"तो आईस्ता रहा, दो या तीन credit funds पे करते करते आपको, 50 credit funds पे तक आप elite membership या रहा,"
s3://label-studio-in/STT_Audio_Datasets/Cult_Source/2402675_2024_11_29_10_42_GMT_384_segment_095.mp3,अगर वो launch हो गया तो आपका credit punch भी नहीं मिले गया
s3://label-studio-in/STT_Audio_Datasets/Cult_Source/2402675_2024_11_29_10_42_GMT_384_segment_096.mp3,और 45 days का जो positive मिल रहा ना वो 30 days का positive मिलेगा उसके बाद आपको
s3://label-studio-in/STT_Audio_Datasets/Cult_Source/2402675_2024_11_29_10_42_GMT_384_segment_097.mp3,इलीट में मतलब आपको unlimited access मिलेगा और आपको gold gyms को भी access मिलेगा सिर्फ culture के gym को नहीं
s3://label-studio-in/STT_Audio_Datasets/Cult_Source/2402675_2024_11_29_10_42_GMT_384_segment_098.mp3,"आपको जितने भी gold jeans है, gold elite jeans को भी आपको access मिलेगा unlimited times."
s3://label-studio-in/STT_Audio_Datasets/Cult_Source/2402675_2024_11_29_10_42_GMT_384_segment_101.mp3,मगर of course में transfer fees और additional fees पे करना पड़तेगा।
s3://label-studio-in/STT_Audio_Datasets/Cult_Source/2402675_2024_11_29_10_42_GMT_384_segment_103.mp3,तो जो भी difference amount है वो play करके transfer fees play करें के बाद आपका membership
s3://label-studio-in/STT_Audio_Datasets/Cult_Source/2402675_2024_11_29_10_42_GMT_384_segment_104.mp3,हाइद्राबाद से उस particular state के लिए transfer हो जाएगा
s3://label-studio-in/STT_Audio_Datasets/Cult_Source/2402675_2024_11_29_10_42_GMT_384_segment_105.mp3,उसके बाद आप उस particular state में भी unlimited time access कर सकते हो।
s3://label-studio-in/STT_Audio_Datasets/Cult_Source/2402675_2024_11_29_10_42_GMT_384_segment_106.mp3,"लेकिन transfer fee आपको 600, 700 रुपए या 500 रुपए इसा कुछ cost होएगा, मगर वो कमी cost करेगा, let's say 1900,"
s3://label-studio-in/STT_Audio_Datasets/Cult_Source/2402675_2024_11_29_10_42_GMT_384_segment_109.mp3,"membership का price अगर चलती है पर example अगर आप Hyderabad के लिए 10,000 पे लिए"
s3://label-studio-in/STT_Audio_Datasets/Cult_Source/2402675_2024_11_29_10_42_GMT_384_segment_110.mp3,और दिल्ली में वही membership 12 मेने के लिए आपको
s3://label-studio-in/STT_Audio_Datasets/Cult_Source/2402675_2024_11_29_10_42_GMT_384_segment_112.mp3,तो वो amount आपको waste नहीं होगा उतने 2000 रुपाई का जितना दिन है उतना दिन calculate होके आपके membership में exchange rate हो जाएगा
s3://label-studio-in/STT_Audio_Datasets/Cult_Source/2402675_2024_11_29_10_42_GMT_384_segment_113.mp3,100% assurance है कि आपका पैसा waste होने तो नहीं देगा कई
s3://label-studio-in/STT_Audio_Datasets/Cult_Source/2402675_2024_11_29_10_42_GMT_384_segment_114.mp3,इस membership extension हो जाएगा या तो आपको कोई अच्छा बेतर benefit hard हो जाएगा
s3://label-studio-in/STT_Audio_Datasets/Cult_Source/2402675_2024_11_29_10_42_GMT_384_segment_119.mp3,"और कुछ भी interest नहीं लगेगा, वो जो कुछ भी bank की तरफ से add किया जाता है,"
s3://label-studio-in/STT_Audio_Datasets/Cult_Source/2402675_2024_11_29_10_42_GMT_384_segment_120.mp3,वो सब कुछ कल्ट की तरफ से ही bearable होता है आपको कोई interest कुछ भी hard नहीं हो जाएगा
s3://label-studio-in/STT_Audio_Datasets/Cult_Source/2402675_2024_11_29_10_42_GMT_384_segment_122.mp3,"जो कुछ भी आगर आज में offer आपको provide किया ना,"
s3://label-studio-in/STT_Audio_Datasets/Cult_Source/2402675_2024_11_29_10_42_GMT_384_segment_124.mp3,कोई भी friends अगर purchase करके है तो पूछ लीजे
s3://label-studio-in/STT_Audio_Datasets/Cult_Source/2402675_2024_11_29_10_42_GMT_384_segment_126.mp3,वो उसका screenshot लेके भेज दीजिया वो जितने price में आप purchase किया वो ही price आपका
s3://label-studio-in/STT_Audio_Datasets/Cult_Source/2402675_2024_11_29_10_42_GMT_384_segment_127.mp3,offer कर देंगा इतना 100% assurance दे सकता हूँ कि one of the best discounts आपको provide किया हूँ
s3://label-studio-in/STT_Audio_Datasets/Cult_Source/2402675_2024_11_29_10_42_GMT_384_segment_128.mp3,और मैं ये भी assurance दे सकता हूँ कल से अगर new membership launch हो गया तो ये membership का price आपको कल से नहीं मिलेगा इतना सारे benefit के साथ
s3://label-studio-in/STT_Audio_Datasets/Cult_Source/2402675_2024_11_29_10_42_GMT_384_segment_129.mp3,"और बाकी customers के लिए चक्कर सकते हो, बाकी customers को आज के दिन, सिर्फ दो मिने का extension मिल रहा है,"
s3://label-studio-in/STT_Audio_Datasets/Cult_Source/2402675_2024_11_29_10_42_GMT_384_segment_130.mp3,तो इसी के कारण आपको आपके particular number पर अब तक 3 मेरे का activation था।
s3://label-studio-in/STT_Audio_Datasets/Cult_Source/2402675_2024_11_29_10_42_GMT_384_segment_132.mp3,"employee discount दिल्कुल दे सकता था, मगर आपको employee ID नहीं है ना."
s3://label-studio-in/STT_Audio_Datasets/Cult_Source/2402675_2024_11_29_10_42_GMT_384_segment_133.mp3,तो उसी के कारण में आपको almost base price जो membership का base price है
s3://label-studio-in/STT_Audio_Datasets/Cult_Source/2402675_2024_11_29_10_42_GMT_384_segment_134.mp3,"हमारे और तुम्हारे में सिर्फ 400 रुपई का difference है,"
s3://label-studio-in/STT_Audio_Datasets/Cult_Source/2402675_2024_11_29_10_42_GMT_384_segment_135.mp3,नहीं मेरे बगल में flatmate एक है उनका कुछ ऐसे कुछ हो सकता है
s3://label-studio-in/STT_Audio_Datasets/Cult_Source/2402675_2024_11_29_10_42_GMT_384_segment_136.mp3,आपको लिए और हमारे लिए सिर्फ 400 या 450 रुपई का price difference रहेगा उत्ता ही है
s3://label-studio-in/STT_Audio_Datasets/Cult_Source/2402675_2024_11_29_10_42_GMT_384_segment_137.mp3,price reduce करके direct आपको Amazon voucher है बोलके ही आपको call किया था just आपको एक बार isolate करा दो
s3://label-studio-in/STT_Audio_Datasets/Cult_Source/2402675_2024_11_29_10_42_GMT_384_segment_142.mp3,तो मेरे को अभी ₹15958 कॉस्ट किया including taxes and GST
s3://label-studio-in/STT_Audio_Datasets/Cult_Source/2402675_2024_11_29_10_42_GMT_384_segment_143.mp3,"अगर आपको कोई भी doubt है तो मेरे को inform कीजिए, मैं आपको sure help करूँगा, चुके?"
s3://label-studio-in/STT_Audio_Datasets/Cult_Source/2402675_2024_11_29_10_42_GMT_384_segment_144.mp3,अशो कोई आपके दुसरे friends और family members हैं जो membership purchase करने के लिए देख रहे हैं कल पर
s3://label-studio-in/STT_Audio_Datasets/Cult_Source/2402675_2024_11_29_10_42_GMT_384_segment_145.mp3,थोड़ा सा और discount देते थे एक और friend बोलना था पर
s3://label-studio-in/STT_Audio_Datasets/Cult_Source/2402675_2024_11_29_10_42_GMT_384_segment_147.mp3,1500 का Amazon मुश्चर तो नहीं मिला अभी तक फिर 1200 का दिया है
s3://label-studio-in/STT_Audio_Datasets/Cult_Source/2402675_2024_11_29_10_42_GMT_384_segment_150.mp3,"अभी price different था, मैं बता आना आपको कि October 1st से जो है वो price increase हो गया था, 4-6%."
s3://label-studio-in/STT_Audio_Datasets/Cult_Source/2402675_2024_11_29_10_42_GMT_384_segment_154.mp3,"आपको BMI टेस्ट भी रहेगा, BMI टेस्ट भी आपके membership के साथ ही include कर दूँगा,"
s3://label-studio-in/STT_Audio_Datasets/Cult_Source/2402675_2024_11_29_10_42_GMT_384_segment_156.mp3,तो आप सिर्फ membership को उधर पर scan कर दीजिया मैं आपको BMI test का भी approval दे देता हूँ आपके particular number पर
s3://label-studio-in/STT_Audio_Datasets/Cult_Source/2402675_2024_11_29_10_42_GMT_384_segment_158.mp3,वो test लेके आपका body में कितना fat है water content है
s3://label-studio-in/STT_Audio_Datasets/Cult_Source/2402675_2024_11_29_10_42_GMT_384_segment_159.mp3,"उसके हिसाब से और उसका जो भी fitness goal है weight loss, weight gain, general fitness"
s3://label-studio-in/STT_Audio_Datasets/Cult_Source/2402675_2024_11_29_10_42_GMT_384_segment_160.mp3,उसके according वो आपको actually जो भी करना है कैसे भी करना है वो 100% आपको assurance help करेंगे
s3://label-studio-in/STT_Audio_Datasets/Cult_Source/2402675_2024_11_29_10_42_GMT_384_segment_161.mp3,"और उसके साथ साथ आपका date plan वो सब कुछ maintain करके आपको guide करेंगे उसका,"
s3://label-studio-in/STT_Audio_Datasets/Cult_Source/2402675_2024_11_29_10_42_GMT_384_segment_163.mp3,"जैसे आप membership purchase करके cult की application कोई भी cult, elite membership gym में जाते हो"
s3://label-studio-in/STT_Audio_Datasets/Cult_Source/2402675_2024_11_29_10_42_GMT_384_segment_165.mp3,उधर पर आप center manager को बताईए आपके particular number पे already add कर देता हूँ अभी
s3://label-studio-in/STT_Audio_Datasets/Cult_Source/2402675_2024_11_29_10_42_GMT_384_segment_166.mp3,वो सिर्फ स्कान करने से आपका अप्रूवाल मिल जाएगा आपका BMI टेस्ट फ्री और फॉर्स्ट हो जाएगा ठीक है
s3://label-studio-in/STT_Audio_Datasets/Cult_Source/2402675_2024_11_29_10_42_GMT_384_segment_167.mp3,हाइताबाद के बाहर कोई जिनस में access करना चाहता है।
s3://label-studio-in/STT_Audio_Datasets/Cult_Source/2402675_2024_11_29_10_42_GMT_384_segment_168.mp3,"तो हर में आपको पांच बार free actions भी मिलेगा, वो भी आज कर देता हूँ."
s3://label-studio-in/STT_Audio_Datasets/Cult_Source/2402675_2024_11_29_10_42_GMT_384_segment_174.mp3,"अशो के offer मैं आपको 5.30 या 6 तक freeze करता हूँ, ठीक है?"
s3://label-studio-in/STT_Audio_Datasets/Cult_Source/2402675_2024_11_29_10_42_GMT_384_segment_175.mp3,अगर उससे पहले आप purchase करते हो तो मेरे को notification एगा।
s3://label-studio-in/STT_Audio_Datasets/Cult_Source/2402675_2024_11_29_10_42_GMT_384_segment_178.mp3,ये online लेना पड़ेगा कि जाकर वहाँ से लेना पड़ेगा
s3://label-studio-in/STT_Audio_Datasets/Cult_Source/2402675_2024_11_29_10_42_GMT_384_segment_179.mp3,नहीं नहीं आल नहीं नहीं आओ क्या cash method अभी close कर दिया scams हो रहे हैं तो इसके कारण से
s3://label-studio-in/STT_Audio_Datasets/Cult_Source/2402675_2024_11_29_10_42_GMT_384_segment_180.mp3,एक साल देर साल पहले offline method stop कर दिया तिर्फ online से ही आपके particular number कल्ट के application से आपको directly purchase करना रहता
s3://label-studio-in/STT_Audio_Datasets/Cult_Source/2402675_2024_11_29_10_42_GMT_384_segment_181.mp3,दो seconds के अंदर कल्ट का membership भी आ जाएगा और उसी के साथ साथ आपको
s3://label-studio-in/STT_Audio_Datasets/Cult_Source/2402675_2024_11_29_10_42_GMT_384_segment_182.mp3,"Amazon Watcher भी within 2-3 minutes के अंदर release हो जाएगा आपके particular number पर, cult के application पर."
s3://label-studio-in/STT_Audio_Datasets/Cult_Source/2402675_2024_11_29_10_42_GMT_384_segment_183.mp3,"जैसे ही purchase करते हैं, मैं आपको call करूँगा, आपको go through करूँगा, तो आपको clarity मिल जाएगा, चुक्या?"
s3://label-studio-in/STT_Audio_Datasets/Cult_Source/2637945_2025_01_25_11_13_GMT_384_segment_004.mp3,या इंडिपेंडेंस ये only 1500 that is not make much difference any of
s3://label-studio-in/STT_Audio_Datasets/Cult_Source/2328415_2024_11_14_09_14_GMT_384_segment_007.mp3,"morning 8 in the evening 8, Monday to Friday available है"
s3://label-studio-in/STT_Audio_Datasets/Cult_Source/2688952_2025_02_04_11_32_GMT_384_segment_002.mp3,"ठीक है, अब मैं पहले आप यह बताये, कौन से city से आप बात कर रहे हैं?"
s3://label-studio-in/STT_Audio_Datasets/Cult_Source/2688952_2025_02_04_11_32_GMT_384_segment_008.mp3,unlimited कहीं पे भी जा सकते हैं कितना भी जा सकते हैं
s3://label-studio-in/STT_Audio_Datasets/Cult_Source/2688952_2025_02_04_11_32_GMT_384_segment_011.mp3,"और आपको उसमें additionally applied offer भी रहेगा, ₹1250 का."
s3://label-studio-in/STT_Audio_Datasets/Cult_Source/2688952_2025_02_04_11_32_GMT_384_segment_024.mp3,तो ये 12 months का ले रहेगा आपका अगर आपने ले लिया 400 rupees आपको
s3://label-studio-in/STT_Audio_Datasets/Cult_Source/2668981_2025_01_31_11_15_GMT_384_segment_007.mp3,"लेकिन inputs और any feedbacks you can directly give to center managers, you can give to me."
s3://label-studio-in/STT_Audio_Datasets/Cult_Source/2418389_2024_12_03_10_08_GMT_384_segment_001.mp3,रिजान जान सकता है कुछ offers के लिए देख रहे हैं क्या
s3://label-studio-in/STT_Audio_Datasets/Cult_Source/2418389_2024_12_03_10_08_GMT_384_segment_003.mp3,6 month की membership के लिए देख रहे हैं क्या?
s3://label-studio-in/STT_Audio_Datasets/Cult_Source/2418389_2024_12_03_10_08_GMT_384_segment_004.mp3,"अगर 6 months का लेंगे तो 2 months extra मिलेगा sir, total 8 months मिलेगा"
s3://label-studio-in/STT_Audio_Datasets/Cult_Source/2418389_2024_12_03_10_08_GMT_384_segment_006.mp3,online workout videos वो सब भी आप देख सकते है उसके लिए भी unlimited access है
s3://label-studio-in/STT_Audio_Datasets/Cult_Source/2418389_2024_12_03_10_08_GMT_384_segment_007.mp3,आप मियापुर में हैं मान लीजिए कुछ family friends को meet करने के लिए कई दूसरी जगह जाते हैं तो वहाँ पर भी आपको
s3://label-studio-in/STT_Audio_Datasets/Cult_Source/2418389_2024_12_03_10_08_GMT_384_segment_008.mp3,वो जिम जाके आपको बस attendance लगाना है आपको ठीक है
s3://label-studio-in/STT_Audio_Datasets/Cult_Source/2418389_2024_12_03_10_08_GMT_384_segment_010.mp3,कोई भी equipment चाहिए use कर सकते है वहाँ पर trainers भी रहते है
s3://label-studio-in/STT_Audio_Datasets/Cult_Source/2418389_2024_12_03_10_08_GMT_384_segment_013.mp3,और trainers भी well trained certified trainers है आपका fitness कोल गया ऐसा मतलब weight increase करना है muscle बना है
s3://label-studio-in/STT_Audio_Datasets/Cult_Source/2418389_2024_12_03_10_08_GMT_384_segment_014.mp3,और central managers trainer से बात कीजिए और हमारे application में भी smart workout तर्ण करके रहता है
s3://label-studio-in/STT_Audio_Datasets/Cult_Source/2418389_2024_12_03_10_08_GMT_384_segment_015.mp3,"उसमें आपका weight कितना है, diet कितना है वो सब आप mention करने के बाद वहाँ दिखा ही देता है आपको क्या diet में क्या करना है"
s3://label-studio-in/STT_Audio_Datasets/Cult_Source/2418389_2024_12_03_10_08_GMT_384_segment_016.mp3,और जो equipments कैसे use करना है वो सब भी वो जानकारी दे देंगे सर आपको
s3://label-studio-in/STT_Audio_Datasets/Cult_Source/2418389_2024_12_03_10_08_GMT_384_segment_017.mp3,अन्लिमिटेड आक्सेस है सर जब चाहे morning 6 अमर दिम ओपन होता है
s3://label-studio-in/STT_Audio_Datasets/Cult_Source/2418389_2024_12_03_10_08_GMT_384_segment_019.mp3,यहाँ पर भी beginner friendly trainer से सर आप जो first time कर रहे ना
s3://label-studio-in/STT_Audio_Datasets/Cult_Source/2418389_2024_12_03_10_08_GMT_384_segment_021.mp3,gym और group classes दोनों के लिए unlimited access रहे हैं
s3://label-studio-in/STT_Audio_Datasets/Cult_Source/2418389_2024_12_03_10_08_GMT_384_segment_022.mp3,दो classes जाने के लिए आपको आपसे book करना होगा
s3://label-studio-in/STT_Audio_Datasets/Cult_Source/2418389_2024_12_03_10_08_GMT_384_segment_024.mp3,आपके पास में आपके family और friends किसी के पास है आप जिनसे किसी से borrow कर सकते हैं
s3://label-studio-in/STT_Audio_Datasets/Cult_Source/2418389_2024_12_03_10_08_GMT_384_segment_025.mp3,किसी से भी कर सकते हैं और कभी कभी debit card में भी option आता है sir आपको भी free है तो cult का app open कर सकते हैं क्या
s3://label-studio-in/STT_Audio_Datasets/Cult_Source/2418389_2024_12_03_10_08_GMT_384_segment_028.mp3,ओके उसके बाद यहाँ पे home लिखा हुआ है ना
s3://label-studio-in/STT_Audio_Datasets/Cult_Source/2418389_2024_12_03_10_08_GMT_384_segment_029.mp3,अब आज हमें fitness का option है वहाँ click करके
s3://label-studio-in/STT_Audio_Datasets/Cult_Source/2418389_2024_12_03_10_08_GMT_384_segment_033.mp3,वह भी आप देख सकते हैं सर उसके लिए भी unlimited access है
s3://label-studio-in/STT_Audio_Datasets/Cult_Source/2418389_2024_12_03_10_08_GMT_384_segment_035.mp3,कोई भी दूसरी city जाएगे तो use कर सकते है पांच बार month में
s3://label-studio-in/STT_Audio_Datasets/Cult_Source/2418389_2024_12_03_10_08_GMT_384_segment_037.mp3,सर वो credit cards का है सर debit card का option आ रहा है क्या देखिया
s3://label-studio-in/STT_Audio_Datasets/Cult_Source/2418389_2024_12_03_10_08_GMT_384_segment_039.mp3,"आपको सब credit card का है sir, debit card का option नहीं है क्या?"
s3://label-studio-in/STT_Audio_Datasets/Cult_Source/2418389_2024_12_03_10_08_GMT_384_segment_043.mp3,आप उसको monthly installments में pay कर सकते हैं sir.
s3://label-studio-in/STT_Audio_Datasets/Cult_Source/2418389_2024_12_03_10_08_GMT_384_segment_046.mp3,लेकिन credit card आपके family or friends किसी के पास नहीं है सर credit card
s3://label-studio-in/STT_Audio_Datasets/Cult_Source/2418389_2024_12_03_10_08_GMT_384_segment_047.mp3,क्योंकि मैंने देखा कुछ लोगों को rare ले आता है sorry debit card में option
s3://label-studio-in/STT_Audio_Datasets/Cult_Source/2418389_2024_12_03_10_08_GMT_384_segment_048.mp3,जैसे अभी purchase करेंगे तो अभी price भी कम है शो
s3://label-studio-in/STT_Audio_Datasets/Cult_Source/2418389_2024_12_03_10_08_GMT_384_segment_049.mp3,"के 750 का discount apply कर रहा हूँ, employee discount है"
s3://label-studio-in/STT_Audio_Datasets/Cult_Source/2418389_2024_12_03_10_08_GMT_384_segment_051.mp3,क्योंकि कुछ credit card में क्या होता है ना सर बैंक से भी discount मिलता है सर
s3://label-studio-in/STT_Audio_Datasets/Cult_Source/2418389_2024_12_03_10_08_GMT_384_segment_053.mp3,30 plus 30 60 days मिलेगा membership start करने के लिए 2 माइना time मिलता है sir
s3://label-studio-in/STT_Audio_Datasets/Cult_Source/2418389_2024_12_03_10_08_GMT_384_segment_057.mp3,मैं जोड़ के बता रहा हूँ 15700 वहाँ अलग-अलग आता है वहाँ GST के बिना आता है
s3://label-studio-in/STT_Audio_Datasets/Cult_Source/2418389_2024_12_03_10_08_GMT_384_segment_059.mp3,"3,000-4,000 दे रहे थे और 6-7 months के लिए दे रहे थे लेकिन उतना high पर जीम नहीं थाओ"
s3://label-studio-in/STT_Audio_Datasets/Cult_Source/2418389_2024_12_03_10_08_GMT_384_segment_061.mp3,आपके family friends का referral है जिनके लिए मैं similar offer दे सकता हूँ
s3://label-studio-in/STT_Audio_Datasets/Cult_Source/2418389_2024_12_03_10_08_GMT_384_segment_062.mp3,3 days का offer बता रहा था बोल 3 days तुम कर लो
s3://label-studio-in/STT_Audio_Datasets/Cult_Source/2418389_2024_12_03_10_08_GMT_384_segment_064.mp3,करेंगे तो आपको अंदर जाने देंगे अंदर जो भी equipment हो सब एक बार use करके देख सकते हो सर
s3://label-studio-in/STT_Audio_Datasets/Cult_Source/2418389_2024_12_03_10_08_GMT_384_segment_065.mp3,आपने book नहीं किया होगा सीधा visit किया है न
s3://label-studio-in/STT_Audio_Datasets/Cult_Source/2418389_2024_12_03_10_08_GMT_384_segment_068.mp3,आपको extension मिलेगा सर कितना दिन का मिलेगा बताता हूँ कि
s3://label-studio-in/STT_Audio_Datasets/Cult_Source/2418389_2024_12_03_10_08_GMT_384_segment_070.mp3,फ्री है तो देख लीजिए अगर आपको book करने में कुछ doubt आया कैसे book करना समझ नहीं आ तो आप same number पे call कर दीजिए देख
s3://label-studio-in/STT_Audio_Datasets/Cult_Source/2418389_2024_12_03_10_08_GMT_384_segment_071.mp3,यह जो 750 का मैंने apply किया न यह आज ही expire हो जाएगा
s3://label-studio-in/STT_Audio_Datasets/Cult_Source/2675336_2025_02_02_12_49_GMT_384_segment_001.mp3,discount apply कर दो बट मेरे को बताओगे discount आप apply करोगे तो मैं कैसे ले पाऊँगा
s3://label-studio-in/STT_Audio_Datasets/Cult_Source/2675336_2025_02_02_12_49_GMT_384_segment_003.mp3,"no issues sir, अगर आप start करना next month first को start करना था"
s3://label-studio-in/STT_Audio_Datasets/Cult_Source/2675336_2025_02_02_12_49_GMT_384_segment_004.mp3,मेरा फिर जो membership plan है वो उसी date से start होगा ना
s3://label-studio-in/STT_Audio_Datasets/Cult_Source/2675336_2025_02_02_12_49_GMT_384_segment_013.mp3,"उसको क्लिक कर दीजिए, सर अभी क्या reflect हो रहा है आपका application पर?"
s3://label-studio-in/STT_Audio_Datasets/Cult_Source/2675336_2025_02_02_12_49_GMT_384_segment_015.mp3,generative reflect हो रहा है या names reflect हो रहा है
s3://label-studio-in/STT_Audio_Datasets/Cult_Source/2675336_2025_02_02_12_49_GMT_384_segment_019.mp3,अब ही मेरे को buy now का नहीं नीचे option आ रहा है select preferred sports center और pick a start date
s3://label-studio-in/STT_Audio_Datasets/Cult_Source/2675336_2025_02_02_12_49_GMT_384_segment_020.mp3,मेरे को एक चीज़ों बताएंगे ये मेरे में जो आ रहा है additional 750 off and all ये सब ये already applied हो चुगा या होगा applied
s3://label-studio-in/STT_Audio_Datasets/Cult_Source/2675336_2025_02_02_12_49_GMT_384_segment_021.mp3,"इसके अंदर अब sports आने लगे, badminton, swimming, table tennis."
s3://label-studio-in/STT_Audio_Datasets/Cult_Source/2675336_2025_02_02_12_49_GMT_384_segment_023.mp3,ठीक है अब मैं start date डाल सकता हूँ कोई सी भी ना
s3://label-studio-in/STT_Audio_Datasets/Cult_Source/2675336_2025_02_02_12_49_GMT_384_segment_026.mp3,"अब इसमें credit card में कुछ offer भी है क्या, इसमें भी कुछ offer लगता है क्या?"
s3://label-studio-in/STT_Audio_Datasets/Cult_Source/2675336_2025_02_02_12_49_GMT_384_segment_029.mp3,अच्छा आप कह रहे है कोई offer नहीं मिला है इस पे ना
s3://label-studio-in/STT_Audio_Datasets/Cult_Source/2675336_2025_02_02_12_49_GMT_384_segment_031.mp3,और मेरे और भी colleagues इसमें add होना चाहते हैं तो मेरा कोई referral वाला भी scene रहता है क्या इसमें?
s3://label-studio-in/STT_Audio_Datasets/Cult_Source/2675336_2025_02_02_12_49_GMT_384_segment_032.mp3,अगर आप अपने तरफ से membership लेने के बाद उनको link share करते हो
s3://label-studio-in/STT_Audio_Datasets/Cult_Source/2675336_2025_02_02_12_49_GMT_384_segment_034.mp3,"यह no cost EMI का भी option आ रहा है, इसको क्या scenario है?"
s3://label-studio-in/STT_Audio_Datasets/Cult_Source/2675336_2025_02_02_12_49_GMT_384_segment_042.mp3,तो आपको कोई processing पर चाल नहीं हुआ है तो
s3://label-studio-in/STT_Audio_Datasets/Cult_Source/2675336_2025_02_02_12_49_GMT_384_segment_043.mp3,मिर्को इसमें कुछ no cost EMI discount भी शो रहे है
s3://label-studio-in/STT_Audio_Datasets/Cult_Source/2675336_2025_02_02_12_49_GMT_384_segment_046.mp3,मतलब आपको इसी में आपको discount मिलता है bank की तरह से
s3://label-studio-in/STT_Audio_Datasets/Cult_Source/2675336_2025_02_02_12_49_GMT_384_segment_052.mp3,तरह से details जबका आप class book करना जाओगे तब पूछेगा
s3://label-studio-in/STT_Audio_Datasets/Cult_Source/2675336_2025_02_02_12_49_GMT_384_segment_053.mp3,मेरा अभी payment करने के बाद होगा न वो चीज
s3://label-studio-in/STT_Audio_Datasets/Cult_Source/2675336_2025_02_02_12_49_GMT_384_segment_055.mp3,उसको क्लिक करने के बाद थोड़ा scroll down करेंगे तो आपको orders का option reflect होगा.
s3://label-studio-in/STT_Audio_Datasets/Cult_Source/2672671_2025_02_01_07_50_GMT_384_segment_001.mp3,तो just want to know you are facing any kind of issue or you are waiting for further discounts and offers
s3://label-studio-in/STT_Audio_Datasets/Cult_Source/2639170_2025_01_25_11_54_GMT_384_segment_005.mp3,या on the upper left hand side can you see a profile logo or small logo?
s3://label-studio-in/STT_Audio_Datasets/Cult_Source/2048222_2024_08_30_08_02_GMT_384_segment_002.mp3,आप कुछ problem face करें ताकि हमने assist कर सकते हैं आपको
s3://label-studio-in/STT_Audio_Datasets/Cult_Source/2048222_2024_08_30_08_02_GMT_384_segment_003.mp3,"sure sir, so Mumbai location के लिए आप देख रहे हैं, right sir?"
s3://label-studio-in/STT_Audio_Datasets/Cult_Source/2048222_2024_08_30_08_02_GMT_384_segment_004.mp3,airborne aerial fitness करके एक है तो ये वाला देख रहा है
s3://label-studio-in/STT_Audio_Datasets/Cult_Source/2048222_2024_08_30_08_02_GMT_384_segment_006.mp3,जो group classes फल है न वो देख रहा था
s3://label-studio-in/STT_Audio_Datasets/Cult_Source/2048222_2024_08_30_08_02_GMT_384_segment_008.mp3,"क्यूंकि आप अगर elite membership ऐसे भी ले रहा है, तो आपको unlimited access मिलेगा across the Mumbai city में."
s3://label-studio-in/STT_Audio_Datasets/Cult_Source/2048222_2024_08_30_08_02_GMT_384_segment_011.mp3,"ताकि मैं जो भी prices वहाँ पर available है application में, उसके अलावा भी मैं अगर कुछ हो सके, तो मैं आपको prices update कर देता हूँ."
s3://label-studio-in/STT_Audio_Datasets/Cult_Source/2048222_2024_08_30_08_02_GMT_384_segment_013.mp3,prices extend कर देता हूं तो देखिए basically आज जो offers दे रहे हैं हम
s3://label-studio-in/STT_Audio_Datasets/Cult_Source/2048222_2024_08_30_08_02_GMT_384_segment_014.mp3,18790 में आपको 12 months का membership मिल रहा है और आपको 2 months का extension मिल रहा है यानि आपको 14 महने का membership मिल रहा है
s3://label-studio-in/STT_Audio_Datasets/Cult_Source/2048222_2024_08_30_08_02_GMT_384_segment_017.mp3,30 days का pause number shift में जाता है sir pause number shift कैसे work करता है sir आपको पता है right
s3://label-studio-in/STT_Audio_Datasets/Cult_Source/2048222_2024_08_30_08_02_GMT_384_segment_018.mp3,"तो basically आप normal gym में जाते हैं, अगर एक महने की fees देते हैं, अगर 15 दिन जाते हैं या 10 दिन जाते हैं, उसके बाद आप नहीं जाते, तो आपको total overall fees देनी पड़ेगी monthly."
s3://label-studio-in/STT_Audio_Datasets/Cult_Source/2048222_2024_08_30_08_02_GMT_384_segment_020.mp3,तो वो जो दिन रहेंगे वो आपको carry follower होएंगे आपके membership में.
s3://label-studio-in/STT_Audio_Datasets/Cult_Source/2048222_2024_08_30_08_02_GMT_384_segment_021.mp3,अगर आप ले रहे हैं present भी आप अगर purchase कर सकते हैं
s3://label-studio-in/STT_Audio_Datasets/Cult_Source/2048222_2024_08_30_08_02_GMT_384_segment_022.mp3,"आपके application में जो दिखेगा वो सिर्फ 18,090 रुपीज दिखेगा सर्फ."
s3://label-studio-in/STT_Audio_Datasets/Cult_Source/2048222_2024_08_30_08_02_GMT_384_segment_023.mp3,accessible नहीं होगा सिर्फ single center के लिए accessible रहेगा
s3://label-studio-in/STT_Audio_Datasets/Cult_Source/2048222_2024_08_30_08_02_GMT_384_segment_025.mp3,9th gear का fitness option नहीं है क्योंकि आपको कल्प मिलंद वेस्ट के लिए ही अगर आप ले रहे हैं तो same center के लिए access कर पाएंगे
s3://label-studio-in/STT_Audio_Datasets/Cult_Source/2048222_2024_08_30_08_02_GMT_384_segment_026.mp3,हम हमारे जितने भी customer है हम सबको यह suggest करते हैं sir अगर आप elite
s3://label-studio-in/STT_Audio_Datasets/Cult_Source/2048222_2024_08_30_08_02_GMT_384_segment_029.mp3,"तो 24,190 के अलावा आपको 1050 का Amazon वाशर भी है उसमें 2 मन्स का एंटर"
s3://label-studio-in/STT_Audio_Datasets/Cult_Source/2048222_2024_08_30_08_02_GMT_384_segment_031.mp3,"और आपको 1500 already reduced किया गया है, total amount में, 45 days का pause, वहाँ पे 30 days का pause membership मिल रहा है, आपको यहाँ पे 45 days का मिल रहा है,"
s3://label-studio-in/STT_Audio_Datasets/Cult_Source/2048222_2024_08_30_08_02_GMT_384_segment_032.mp3,अगर आप स्पॉट में मतलब भाजी अभी खरीदना चाहते हैं स्कॉल पे तो मैं आपको जो amount है फिर से
s3://label-studio-in/STT_Audio_Datasets/Cult_Source/2048222_2024_08_30_08_02_GMT_384_segment_036.mp3,मैं माफी चाहूँगा सब दिखिए मैं बैंगलोर हेड ओफिस से कॉल कर रहा हूँ हमारे पास जो employment discount होता है या एक ही option हम दे सकते हैं
s3://label-studio-in/STT_Audio_Datasets/Cult_Source/2048222_2024_08_30_08_02_GMT_384_segment_039.mp3,"18,040 रुपेज में मैं करवा सकता हूँ सर मैक्सिमम से मैक्सिमम यही option available है सर हमारी"
s3://label-studio-in/STT_Audio_Datasets/Cult_Source/2048222_2024_08_30_08_02_GMT_384_segment_042.mp3,क्योंकि इसके साथ आपको देखेगा Amazon washer अभी तक फिलहाल नहीं available था आज के लिए Amazon washer आपको 1500 का Amazon washer भी मिल रहा है और दो महिने का extension भी हम दे रहे हैं
s3://label-studio-in/STT_Audio_Datasets/Cult_Source/2048222_2024_08_30_08_02_GMT_384_segment_046.mp3,अगर option available है तो हम आपको बिल्कुल जो amount price बता रहे हैं उसमें हम कर सकते थे लेकिन ये maximum amount जो update कर सकते हैं हम application में
s3://label-studio-in/STT_Audio_Datasets/Cult_Source/2048222_2024_08_30_08_02_GMT_384_segment_048.mp3,"लेकिन ये भी अगर आप confirm करते हैं, तो मैं ये book कर सकता हूँ फिर आपके लिए offer."
s3://label-studio-in/STT_Audio_Datasets/Cult_Source/2048222_2024_08_30_08_02_GMT_384_segment_050.mp3,"location या एक ही center के लिए ले रहे हैं, तो सिर्फ एक ही center आप access कर सकते हैं सब."
s3://label-studio-in/STT_Audio_Datasets/Cult_Source/2048222_2024_08_30_08_02_GMT_384_segment_051.mp3,क्योंकि फिलहाल हमें अगर option available है तो हमारे जो tool है हमारा
s3://label-studio-in/STT_Audio_Datasets/Cult_Source/2048222_2024_08_30_08_02_GMT_384_segment_053.mp3,मेरे को यहाँ पर यह option दिख रहा है वो
s3://label-studio-in/STT_Audio_Datasets/Cult_Source/2048222_2024_08_30_08_02_GMT_384_segment_054.mp3,10 to 12 days का वो हो सकता है तो
s3://label-studio-in/STT_Audio_Datasets/Cult_Source/2048222_2024_08_30_08_02_GMT_384_segment_055.mp3,लेकिन देखिएगा हमारे पास दो membership है एक तो premium membership है जो edit है और एक जो है standard membership जो है pro की membership है
s3://label-studio-in/STT_Audio_Datasets/Cult_Source/2048222_2024_08_30_08_02_GMT_384_segment_056.mp3,membership पकल लेते हैं तो आपको जो है दूसरे centers में भी जाने का option
s3://label-studio-in/STT_Audio_Datasets/Cult_Source/2048222_2024_08_30_08_02_GMT_384_segment_058.mp3,"उसमें सिर्फ जिम रहेगा, group classes के लिए limitation आपको credit point दिये जाएंगे, वो credit point आप utilize कर सकेंगे."
s3://label-studio-in/STT_Audio_Datasets/Cult_Source/2048222_2024_08_30_08_02_GMT_384_segment_067.mp3,कर लेता हूं अगर option available है 100% मैं आपको जो है update करके दूँगा सकता हूं
s3://label-studio-in/STT_Audio_Datasets/Cult_Source/2048222_2024_08_30_08_02_GMT_384_segment_068.mp3,"मेरा request है कि वो 16,000 के आसपास और ये जो मैं दो दिन का है ना"
s3://label-studio-in/STT_Audio_Datasets/Cult_Source/2048222_2024_08_30_08_02_GMT_384_segment_069.mp3,"8 days कर लो, 1 to 10 days कर लो,"
s3://label-studio-in/STT_Audio_Datasets/Cult_Source/2048222_2024_08_30_08_02_GMT_384_segment_070.mp3,सर मैं चेक करता हूँ तो वो भी possibilities है मैं चेक कर लो
s3://label-studio-in/STT_Audio_Datasets/Cult_Source/2048222_2024_08_30_08_02_GMT_384_segment_071.mp3,"सर ये बेस्ट ऑफर मैं आपको अपडेट कर सकता हूँ सर जो 18,048 के अलावा मैं already मैंने मतलब मेरे जो सीनियर मैनेजर हो उनसे भी मैंने कंप्रम किया तो"
s3://label-studio-in/STT_Audio_Datasets/Cult_Source/2048222_2024_08_30_08_02_GMT_384_segment_072.mp3,ही हम आपको offer दे सकते हैं इनसा फिल्हाल के लिए
s3://label-studio-in/STT_Audio_Datasets/Cult_Source/2048222_2024_08_30_08_02_GMT_384_segment_075.mp3,जो है इंक्रीज कर दीजिए वो भी option फिलहाल के लिए available नहीं है sir हमारे पास
s3://label-studio-in/STT_Audio_Datasets/Cult_Source/2048222_2024_08_30_08_02_GMT_384_segment_077.mp3,तो उसी तरीके से यह follow up होता है से हमारे पास.
s3://label-studio-in/STT_Audio_Datasets/Cult_Source/2048222_2024_08_30_08_02_GMT_384_segment_079.mp3,"लेकिन 2.5 month का extension था, लेकिन आज दिखेगा 2 महिने का extension है,"
s3://label-studio-in/STT_Audio_Datasets/Cult_Source/2048222_2024_08_30_08_02_GMT_384_segment_080.mp3,सिर्फ 15 दिन कम है लेकिन आपको 1500 के Amazon लॉचर भी है शराज के लिए
s3://label-studio-in/STT_Audio_Datasets/Cult_Source/2048222_2024_08_30_08_02_GMT_384_segment_081.mp3,ये कभी सिस्टम मेरे उसमें application तो reflect हो जाएगा क्या?
s3://label-studio-in/STT_Audio_Datasets/Cult_Source/2048222_2024_08_30_08_02_GMT_384_segment_082.mp3,अभी आपको जो amount मैंने बताया है वो नहीं दिखेगा sir
s3://label-studio-in/STT_Audio_Datasets/Cult_Source/2048222_2024_08_30_08_02_GMT_384_segment_083.mp3,"मतलब call disconnect कर रहता हूँ, अगर आप confirm करते हैं सर्फ,"
s3://label-studio-in/STT_Audio_Datasets/Cult_Source/2048222_2024_08_30_08_02_GMT_384_segment_088.mp3,मतलब day by day change होते हैं sir वो day by day changes होते हैं
s3://label-studio-in/STT_Audio_Datasets/Cult_Source/2048222_2024_08_30_08_02_GMT_384_segment_090.mp3,फिर ये option हमारे पास मतलब जिस तरीके से मतलब मैं already बताया हूँ
s3://label-studio-in/STT_Audio_Datasets/Cult_Source/2048222_2024_08_30_08_02_GMT_384_segment_092.mp3,जैसे कि I already बता चुका हूँ कुछ customers हमारे बोलते हैं के
s3://label-studio-in/STT_Audio_Datasets/Cult_Source/2048222_2024_08_30_08_02_GMT_384_segment_093.mp3,अगर जो monthly जो 2 session था उसको 10 कर 2 करके बोलते हैं तो
s3://label-studio-in/STT_Audio_Datasets/Cult_Source/2048222_2024_08_30_08_02_GMT_384_segment_094.mp3,वन्ना मैं ऐसे भी कर सकता हूँ अगर better offer future में कभी आएंगे
s3://label-studio-in/STT_Audio_Datasets/Cult_Source/2048222_2024_08_30_08_02_GMT_384_segment_095.mp3,अगर आप चाहते हैं तो मैं वो भी उसके लिए आपको follow भी करूगा चाहूँ
s3://label-studio-in/STT_Audio_Datasets/Cult_Source/2048222_2024_08_30_08_02_GMT_384_segment_096.mp3,मतलब कैसा है जो अभी आपको amount दिखा रहा होगा 1840 right
s3://label-studio-in/STT_Audio_Datasets/Cult_Source/2048222_2024_08_30_08_02_GMT_384_segment_097.mp3,"ये maximum मैं इतना ही कर सकता हूँ sir, इसके अलावा मेरे पास कुछ option available नहीं है sir, मैं माफिशाओंगा sir."
s3://label-studio-in/STT_Audio_Datasets/Cult_Source/2048222_2024_08_30_08_02_GMT_384_segment_101.mp3,सर अगर possible होता दीखिए का सर हम यहाँ पे बैठे हैं सर आपको assist करने के लिए in case अगर हमारे पास option है तो 100% हम कर देंगे सर लेकिन फिलहाल
s3://label-studio-in/STT_Audio_Datasets/Cult_Source/2048222_2024_08_30_08_02_GMT_384_segment_102.mp3,हमारे पास जो employee benefits हम दे सकते हैं से वो maximum
s3://label-studio-in/STT_Audio_Datasets/Cult_Source/2048222_2024_08_30_08_02_GMT_384_segment_103.mp3,नहीं है सर इसके अलावा कोई option आवलेबल नहीं है अगर होते हंदर परसेंट
s3://label-studio-in/STT_Audio_Datasets/Cult_Source/2048222_2024_08_30_08_02_GMT_384_segment_104.mp3,option available नहीं है वरना आप no cost EMI अगर आपके पास credit card available है तो no cost EMI से भी आप payment कर
s3://label-studio-in/STT_Audio_Datasets/Cult_Source/2048222_2024_08_30_08_02_GMT_384_segment_109.mp3,क्योंकि क्या होता है हमारे पास जो offer चलते हैं अगर suppose आप refer करते हैं कोई जो already मेंबर नहीं है उनको अगर आप refer करते हैं तो हमारे पास जो option क्या होते हैं
s3://label-studio-in/STT_Audio_Datasets/Cult_Source/2048222_2024_08_30_08_02_GMT_384_segment_111.mp3,जैसे कि आप बोल रहे हैं already member हैं तो उनको कुछ हम benefits नहीं दे पाएगे
s3://label-studio-in/STT_Audio_Datasets/Cult_Source/2048222_2024_08_30_08_02_GMT_384_segment_112.mp3,इनके कुछ भी दिक्कत है तो आप कॉल कर सकते हैं नमबर पर या WhatsApp भी कर सकते हैं
s3://label-studio-in/STT_Audio_Datasets/Cult_Source/2666446_2025_02_04_13_26_GMT_384_segment_001.mp3,ठीक है जब भी आप plan करेंगे purchase करने के लिए आप मुझे उसी time call back कर सकते हैं सर ठीक है
s3://label-studio-in/STT_Audio_Datasets/Cult_Source/2450409_2024_12_17_11_17_GMT_384_segment_001.mp3,"यह amount transfer नहीं होगा, इसलिए मैं पुछा, starting मैं आपको इसलिए बताया था,"
s3://label-studio-in/STT_Audio_Datasets/Cult_Source/2450409_2024_12_17_11_17_GMT_384_segment_003.mp3,मगर कोई भी विश्यू होता है तो आप ये number पे call back कर सकते हैं ताकि मैं आपको
s3://label-studio-in/STT_Audio_Datasets/Cult_Source/2450409_2024_12_17_11_17_GMT_384_segment_005.mp3,"इसलिए connect में को immediately नहीं होगा, call connect नहीं होगा, मुझे notification आएगा,"
s3://label-studio-in/STT_Audio_Datasets/Cult_Source/2627692_2025_01_26_14_19_GMT_384_segment_001.mp3,कि don't select that one that is like direct payment only
s3://label-studio-in/STT_Audio_Datasets/Cult_Source/2679756_2025_02_04_12_58_GMT_384_segment_001.mp3,बोले थे membership purchase करेंगे इसमें जिससे call करें थे कल
s3://label-studio-in/STT_Audio_Datasets/Cult_Source/2096488_2024_09_14_12_46_GMT_384_segment_001.mp3,"तो आप मुझे यह बोल रहे हैं, आप basically from Bangalore से हैं,"
s3://label-studio-in/STT_Audio_Datasets/Cult_Source/2096488_2024_09_14_12_46_GMT_384_segment_002.mp3,"और आपको weight put on करना है, मतलब muscles build करना है,"
s3://label-studio-in/STT_Audio_Datasets/Cult_Source/2096488_2024_09_14_12_46_GMT_384_segment_003.mp3,थोड़ा weight muscle gain करके और थोड़ा fit रहने के लिए मैं gym search करता था
s3://label-studio-in/STT_Audio_Datasets/Cult_Source/2096488_2024_09_14_12_46_GMT_384_segment_006.mp3,मैं आपको पहले बताऊंगी तो prices actually ज्यादा नहीं है तो
s3://label-studio-in/STT_Audio_Datasets/Cult_Source/2096488_2024_09_14_12_46_GMT_384_segment_007.mp3,Actually उदर क्या होगा ना उदर मेरे पपा रहते ना
s3://label-studio-in/STT_Audio_Datasets/Cult_Source/2096488_2024_09_14_12_46_GMT_384_segment_008.mp3,वो उदर हमको तो luxury टिम रहता है वो completely free रहता है
s3://label-studio-in/STT_Audio_Datasets/Cult_Source/2096488_2024_09_14_12_46_GMT_384_segment_012.mp3,"और इसके साथ साथ आपको मिलेगा group classes भी, access भी."
s3://label-studio-in/STT_Audio_Datasets/Cult_Source/2096488_2024_09_14_12_46_GMT_384_segment_019.mp3,तो ये सब के लिए आपको पूरा unlimited access मिलेगा
s3://label-studio-in/STT_Audio_Datasets/Cult_Source/2096488_2024_09_14_12_46_GMT_384_segment_023.mp3,"एक या दो week के लिए बाद जा रहे हैं, बस 50 और 20 days के लिए जा रहे हैं तो,"
s3://label-studio-in/STT_Audio_Datasets/Cult_Source/2096488_2024_09_14_12_46_GMT_384_segment_024.mp3,पूरा package transfer करने की कोई जरूरत नहीं है तो आपको winter city access मिलेगा
s3://label-studio-in/STT_Audio_Datasets/Cult_Source/2096488_2024_09_14_12_46_GMT_384_segment_025.mp3,बस आपको location का नाम बदलना है तो आपको पूरा access मिलेगा
s3://label-studio-in/STT_Audio_Datasets/Cult_Source/2096488_2024_09_14_12_46_GMT_384_segment_028.mp3,"owned membership आपको बस elite में मिलेगा, और elite package आप करी देशे, तो आपको pro gym में भी आपको access मिलेगा,"
s3://label-studio-in/STT_Audio_Datasets/Cult_Source/2096488_2024_09_14_12_46_GMT_384_segment_033.mp3,आपको दूसरा purchase करने के लिए या earn करने के लिए
s3://label-studio-in/STT_Audio_Datasets/Cult_Source/2096488_2024_09_14_12_46_GMT_384_segment_037.mp3,"लेकिन pro में भी आप use करना चाते हो तो आपको कुछ amount of points मिलेगा, credit points मिलेगा."
s3://label-studio-in/STT_Audio_Datasets/Cult_Source/2096488_2024_09_14_12_46_GMT_384_segment_039.mp3,"अब आपको पता चला, Elite Premium Package में आपको क्या मिलेगा, क्या नहीं मिलेगा, और Pro में आपको क्या मिलेगा."
s3://label-studio-in/STT_Audio_Datasets/Cult_Source/2096488_2024_09_14_12_46_GMT_384_segment_041.mp3,पूरा city compare करेंगे तो Bangal बहुत कम price में दे रहे थे आपको package and
s3://label-studio-in/STT_Audio_Datasets/Cult_Source/2096488_2024_09_14_12_46_GMT_384_segment_042.mp3,तो direct headquarter से call करिए तो मेरे पास कुछ discounts भी हैं
s3://label-studio-in/STT_Audio_Datasets/Cult_Source/2096488_2024_09_14_12_46_GMT_384_segment_043.mp3,मतलब आपको कौन से package चाहिए था उसके विल से मैं आपको information दूँगी
s3://label-studio-in/STT_Audio_Datasets/Cult_Source/2096488_2024_09_14_12_46_GMT_384_segment_045.mp3,मतलब मैं आपको बोलूंगी 6 month के जग आप 12 month ले सकते होता है क्योंकि
s3://label-studio-in/STT_Audio_Datasets/Cult_Source/2096488_2024_09_14_12_46_GMT_384_segment_050.mp3,और इसके ऊपर आपको एक और month extra मिलेगा जिसे कि pausing option था।
s3://label-studio-in/STT_Audio_Datasets/Cult_Source/2096488_2024_09_14_12_46_GMT_384_segment_052.mp3,आप application में manually आपका membership आपको freeze करना पड़ेगा चाहो.
s3://label-studio-in/STT_Audio_Datasets/Cult_Source/2096488_2024_09_14_12_46_GMT_384_segment_053.mp3,"आपको pause करना पड़ेगा, pause करने के बाद आप कितने बार"
s3://label-studio-in/STT_Audio_Datasets/Cult_Source/2096488_2024_09_14_12_46_GMT_384_segment_056.mp3,जब की 25 days में नहीं हो तो आप 25 times आप pause कर सकते हो सकते हो
s3://label-studio-in/STT_Audio_Datasets/Cult_Source/2096488_2024_09_14_12_46_GMT_384_segment_058.mp3,इसके ऊपर भी discount है मैं discount देने के बाद
s3://label-studio-in/STT_Audio_Datasets/Cult_Source/2096488_2024_09_14_12_46_GMT_384_segment_061.mp3,"मैं आपको पूरा डिस्कॉन देने के बाद final cost होगा 12,700 तक."
s3://label-studio-in/STT_Audio_Datasets/Cult_Source/2096488_2024_09_14_12_46_GMT_384_segment_063.mp3,"आपको पास credit card, आपकी बाईया के पास credit card या आपकी सामन में किसी के पास भी credit card है तो"
s3://label-studio-in/STT_Audio_Datasets/Cult_Source/2096488_2024_09_14_12_46_GMT_384_segment_064.mp3,वो बस अपको इंफोमेशन चाहे नंबर या CV वीका नंबर चाहे
s3://label-studio-in/STT_Audio_Datasets/Cult_Source/2096488_2024_09_14_12_46_GMT_384_segment_065.mp3,वो आड़ करके वो अप्लाई करके आप क्रेड़ कार्चे नोपर्स CMI पे आप पैकेज करी सकते होता हो
s3://label-studio-in/STT_Audio_Datasets/Cult_Source/2096488_2024_09_14_12_46_GMT_384_segment_071.mp3,तो पूरा मिला कि आपको 15 months of package मिल रहा है।
s3://label-studio-in/STT_Audio_Datasets/Cult_Source/2096488_2024_09_14_12_46_GMT_384_segment_074.mp3,"तो आपको पूरा मिलेगा 60 and a half month पर पाकि, month extension या pause basis मिलके,"
s3://label-studio-in/STT_Audio_Datasets/Cult_Source/2096488_2024_09_14_12_46_GMT_384_segment_080.mp3,आप देख सकते हैं आप application को लेंगे तो यहाँ पर
s3://label-studio-in/STT_Audio_Datasets/Cult_Source/2096488_2024_09_14_12_46_GMT_384_segment_083.mp3,बोले तो अभी आपके कल्टफुट में मेरा कजिन हो रहा है उसका तो एक 6 months ऐसा हो गया
s3://label-studio-in/STT_Audio_Datasets/Cult_Source/2096488_2024_09_14_12_46_GMT_384_segment_084.mp3,"वो उसके तरफ से referral ऐसा कुछ नहीं होगा, code ऐसा,"
s3://label-studio-in/STT_Audio_Datasets/Cult_Source/2096488_2024_09_14_12_46_GMT_384_segment_086.mp3,"आपको 500 मिलेगा नहीं तो मेरा discount मिलेगा, बस एक की discount activate हो सकता है सब."
s3://label-studio-in/STT_Audio_Datasets/Cult_Source/2096488_2024_09_14_12_46_GMT_384_segment_089.mp3,membership अब शुरू नहीं करना हो तो कोई बात नहीं
s3://label-studio-in/STT_Audio_Datasets/Cult_Source/2096488_2024_09_14_12_46_GMT_384_segment_090.mp3,करिजने के बाद वहाँ पर आपको Pick Your Started Option मिलेगा.
s3://label-studio-in/STT_Audio_Datasets/Cult_Source/2096488_2024_09_14_12_46_GMT_384_segment_094.mp3,"लेकिन आपको एक और confirmation के लिए आपको जाना हो तो आप जा सकते हो, सब्जिट कर सकते हो।"
s3://label-studio-in/STT_Audio_Datasets/Cult_Source/2096488_2024_09_14_12_46_GMT_384_segment_098.mp3,"जिसे कि आप कुछ mall में जाते हो तो एक floor में आपको कबड़ा मिलेगा, दूसरे floor में आपको"
s3://label-studio-in/STT_Audio_Datasets/Cult_Source/2096488_2024_09_14_12_46_GMT_384_segment_101.mp3,operational timing आपको पता नहीं रहा है तो operational timing होगा
s3://label-studio-in/STT_Audio_Datasets/Cult_Source/2096488_2024_09_14_12_46_GMT_384_segment_104.mp3,group classes के लिए classes book करना पड़ेगा in advance.
s3://label-studio-in/STT_Audio_Datasets/Cult_Source/2096488_2024_09_14_12_46_GMT_384_segment_105.mp3,आप में आपको book करना पड़ेगा और gym workout के लिए आपको कुछ भी book नहीं करना पड़ेगा तो आप direct walk-in कर सकते हो
s3://label-studio-in/STT_Audio_Datasets/Cult_Source/2096488_2024_09_14_12_46_GMT_384_segment_108.mp3,ऐसा मतलब आपको हाँ general trainer तो आपको मिलेगा और उसके साथ साथ
s3://label-studio-in/STT_Audio_Datasets/Cult_Source/2096488_2024_09_14_12_46_GMT_384_segment_109.mp3,"कितने seconds के लिए करना है, कितना repetition करना है,"
s3://label-studio-in/STT_Audio_Datasets/Cult_Source/2096488_2024_09_14_12_46_GMT_384_segment_110.mp3,"आपको सब कुछ application में मिलेगा, तो ये customers workout plans हैं,"
s3://label-studio-in/STT_Audio_Datasets/Cult_Source/2096488_2024_09_14_12_46_GMT_384_segment_113.mp3,तो आपकी तरफ से और कुछ doubt or queries हैं?
s3://label-studio-in/STT_Audio_Datasets/Cult_Source/2096488_2024_09_14_12_46_GMT_384_segment_118.mp3,अभी भी आपको price information वाटसप में बिजी होता है
s3://label-studio-in/STT_Audio_Datasets/Cult_Source/2096488_2024_09_14_12_46_GMT_384_segment_119.mp3,"जो भी आप वहाँ पर message बेते हूँ, वो मैं यहाँ पर direct देख सकती हूँ."
s3://label-studio-in/STT_Audio_Datasets/Cult_Source/2096488_2024_09_14_12_46_GMT_384_segment_120.mp3,आपको कुछ भी call चाहिए या discount activate करना है तो आपको मुझसे बात करना है तो package यहें बारे में आप मुझे message जाल सकते हो सब
s3://label-studio-in/STT_Audio_Datasets/Cult_Source/1546002_2024_09_26_09_47_GMT_384_segment_013.mp3,"within second to third month, double weight gain आ जाता है,"
s3://label-studio-in/STT_Audio_Datasets/Cult_Source/2606625_2025_01_18_06_36_GMT_384_segment_002.mp3,"कल्ट के application में prices चेक करे थे न, membership renew करने के लिए"
s3://label-studio-in/STT_Audio_Datasets/Cult_Source/2606625_2025_01_18_06_36_GMT_384_segment_005.mp3,"इसमें Amazon Watch Show भी आपको मिल रहा है, साथ साथ discount भी मिल रहा है आपको."
s3://label-studio-in/STT_Audio_Datasets/Cult_Source/2606625_2025_01_18_06_36_GMT_384_segment_008.mp3,"मेरी wife के लिए देख रहा था, मेरी wife का भी membership है, मेरा भी membership है"
s3://label-studio-in/STT_Audio_Datasets/Cult_Source/2606625_2025_01_18_06_36_GMT_384_segment_010.mp3,तो मैं move करता हूँ मेरी wife जो है वो 3 month बाद move करेगी तो इसलिए एक साल का लेने का कोई purpose नहीं है
s3://label-studio-in/STT_Audio_Datasets/Cult_Source/2606625_2025_01_18_06_36_GMT_384_segment_011.mp3,membership transfer करने का पैसा दूँगा elite के extra पैसा दूँगा
s3://label-studio-in/STT_Audio_Datasets/Cult_Source/2606625_2025_01_18_06_36_GMT_384_segment_012.mp3,"Actually, क्या ना जब हमने कल्ट स्टार्ट किया था, 18-19 में,"
s3://label-studio-in/STT_Audio_Datasets/Cult_Source/2606625_2025_01_18_06_36_GMT_384_segment_013.mp3,customer की तरफ से सोच में थोड़ा कम कर दिया है
s3://label-studio-in/STT_Audio_Datasets/Cult_Source/2606625_2025_01_18_06_36_GMT_384_segment_015.mp3,मैंने कई बार seed break दिया मैंने कई बार seed break दिया
s3://label-studio-in/STT_Audio_Datasets/Cult_Source/2606625_2025_01_18_06_36_GMT_384_segment_016.mp3,but no one is bothering कि ठीक है कर्चमा राते जाते चलता रहेगा
s3://label-studio-in/STT_Audio_Datasets/Cult_Source/2606625_2025_01_18_06_36_GMT_384_segment_017.mp3,membership बढ़ रहे हैं तो कोई फर्क नहीं पड़ रहा
s3://label-studio-in/STT_Audio_Datasets/Cult_Source/2606625_2025_01_18_06_36_GMT_384_segment_019.mp3,ठीक है माल लिया rental अलग होते हैं महंगा होता है
s3://label-studio-in/STT_Audio_Datasets/Cult_Source/2606625_2025_01_18_06_36_GMT_384_segment_020.mp3,"but couple offers अगर अभी आपने बंद कर दिये, you don't want के ठीक है,"
s3://label-studio-in/STT_Audio_Datasets/Cult_Source/2606625_2025_01_18_06_36_GMT_384_segment_022.mp3,चलिए ये तो बात की बाते हैं उस पर क्या discussion करें जो कि आपके हाथ में नहीं है उस पर मैं क्या बोलूंगा आपको
s3://label-studio-in/STT_Audio_Datasets/Cult_Source/2606625_2025_01_18_06_36_GMT_384_segment_023.mp3,"never deny कि cult अच्छा नहीं है, cult अच्छा है, तभी तो उसको इतने साल बाद भी"
s3://label-studio-in/STT_Audio_Datasets/Cult_Source/2606625_2025_01_18_06_36_GMT_384_segment_024.mp3,आप मुझे बता दीजिए 3 मेंबर के membership में अगर कुछ मिल सकता है तो बता दें
s3://label-studio-in/STT_Audio_Datasets/Cult_Source/2606625_2025_01_18_06_36_GMT_384_segment_025.mp3,अगर कुछ समझ में आता है तो definitely ले लेंगे
s3://label-studio-in/STT_Audio_Datasets/Cult_Source/2606625_2025_01_18_06_36_GMT_384_segment_026.mp3,मैं यह बोल रहा हूँ कि अगर मैं compare कर रहा हूँ मुंबई और दिल्ली का pricing
s3://label-studio-in/STT_Audio_Datasets/Cult_Source/2606625_2025_01_18_06_36_GMT_384_segment_030.mp3,"किस वजह से, मतलब New Year में बढ़ा दिया अपने,"
s3://label-studio-in/STT_Audio_Datasets/Cult_Source/2606625_2025_01_18_06_36_GMT_384_segment_034.mp3,"अब ठीक है, आप कहते हैं, मानूंगा अगर आप अपना data चेक कर लो,"
s3://label-studio-in/STT_Audio_Datasets/Cult_Source/2606625_2025_01_18_06_36_GMT_384_segment_035.mp3,"अक्टूबर, नौवंबर, देशंबर के टाइम में आपका continue लगभग दो महिने तक अपने 10,000"
s3://label-studio-in/STT_Audio_Datasets/Cult_Source/2606625_2025_01_18_06_36_GMT_384_segment_039.mp3,"नहीं मैं एलूट की बात नहीं कर रहा हूँ, एलूट की requirement नहीं है, एक ही center जाते हैं, कोई मतलब असा नहीं 3-4 center जाते हैं,"
s3://label-studio-in/STT_Audio_Datasets/Cult_Source/2606625_2025_01_18_06_36_GMT_384_segment_040.mp3,"नहीं, एलिट की requirement ही नहीं होती, एलिट की requirement है क्या, जाना एकी center है, क्या फायदा है एलिट मिलने पर?"
s3://label-studio-in/STT_Audio_Datasets/Cult_Source/2606625_2025_01_18_06_36_GMT_384_segment_041.mp3,9000 का लेता हूँ तो मुझे 5000 का cashback मिलेगा
s3://label-studio-in/STT_Audio_Datasets/Cult_Source/2606625_2025_01_18_06_36_GMT_384_segment_042.mp3,मैं बता रहा हूँ आज के offer में find it भी है ऐसा बोलता हूँ find it amazon watch भी included है ये बताया मैंने
s3://label-studio-in/STT_Audio_Datasets/Cult_Source/2606625_2025_01_18_06_36_GMT_384_segment_044.mp3,जी Cult Home Membership भी आपको included ये सब रहेगा आपको per month 2004-56 पढ़ रहा है
s3://label-studio-in/STT_Audio_Datasets/Cult_Source/2606625_2025_01_18_06_36_GMT_384_segment_045.mp3,अच्छा अगर मैं elite लेता हूँ तो elite कितने का पड़ेगा one year का?
s3://label-studio-in/STT_Audio_Datasets/Cult_Source/2606625_2025_01_18_06_36_GMT_384_segment_046.mp3,तर elite का भी होता है और pro का भी होता है select वो depend करता है आप center कौन से select करते हैं
s3://label-studio-in/STT_Audio_Datasets/Cult_Source/2606625_2025_01_18_06_36_GMT_384_segment_047.mp3,आप elite लेते हैं तब आपको option आएगा transfer करने के लिए
s3://label-studio-in/STT_Audio_Datasets/Cult_Source/2606625_2025_01_18_06_36_GMT_384_segment_048.mp3,select में आपको transfer करने का option नहीं आएगा sir.
s3://label-studio-in/STT_Audio_Datasets/Cult_Source/2606625_2025_01_18_06_36_GMT_384_segment_049.mp3,"लो ऑफर है एक 17,000 का भी है 17,879 प्यौली 12 मत जिसमें कोई extension नहीं है"
s3://label-studio-in/STT_Audio_Datasets/Cult_Source/2606625_2025_01_18_06_36_GMT_384_segment_057.mp3,"तो आपको difference amount पे करना होता है, अगर price, based on आपके remaining days से, अगर prices कम है, तो आपके number of days बढ़ जाते हैं वापे,"
s3://label-studio-in/STT_Audio_Datasets/Cult_Source/2606625_2025_01_18_06_36_GMT_384_segment_058.mp3,डिपेंड करता है अगर कौन से city में आप transfer करें तो वहाँ पर value कैसे है
s3://label-studio-in/STT_Audio_Datasets/Cult_Source/2606625_2025_01_18_06_36_GMT_384_segment_060.mp3,अगर ऐसा है तो हमारे पास एक और option है यहाँ पे
s3://label-studio-in/STT_Audio_Datasets/Cult_Source/2606625_2025_01_18_06_36_GMT_384_segment_061.mp3,मुंबई में elite आप जो 12 months का ले रहे ना उसमें extension तो नहीं है बट उसमें 45 pause period है
s3://label-studio-in/STT_Audio_Datasets/Cult_Source/2606625_2025_01_18_06_36_GMT_384_segment_066.mp3,उसका extension बोलता है ये power spirit है sir ये तो है
s3://label-studio-in/STT_Audio_Datasets/Cult_Source/2606625_2025_01_18_06_36_GMT_384_segment_070.mp3,"मैंने 60 आता था सर, 45 years, 60 अभी 2 years के pack में है, 60 और all over India pack में भी है"
s3://label-studio-in/STT_Audio_Datasets/Cult_Source/2606625_2025_01_18_06_36_GMT_384_segment_071.mp3,"All over India एक और package जहाँ पे आपको कोई restriction नहीं रहेगा, transfer करने का भी यह नहीं रहेगा, anywhere आप इंडिया में utilize कर सकते हैं."
s3://label-studio-in/STT_Audio_Datasets/Cult_Source/2606625_2025_01_18_06_36_GMT_384_segment_079.mp3,मतलब जादा मिल रहा है actually 60 plus 2 month और है
s3://label-studio-in/STT_Audio_Datasets/Cult_Source/2606625_2025_01_18_06_36_GMT_384_segment_080.mp3,मतलब कुछ 80% मिलेगा आज के offer में मैं आपके application में
s3://label-studio-in/STT_Audio_Datasets/Cult_Source/2606625_2025_01_18_06_36_GMT_384_segment_083.mp3,मैं आपको और 750 का discount additional provide कर सकता हूँ
s3://label-studio-in/STT_Audio_Datasets/Cult_Source/2606625_2025_01_18_06_36_GMT_384_segment_085.mp3,आपके number पे ना prices कम देख पा रहा हूँ reason because आपका ये birthday month का 10% off applied है
s3://label-studio-in/STT_Audio_Datasets/Cult_Source/2606625_2025_01_18_06_36_GMT_384_segment_086.mp3,"तो ये offer उनकी उसमें applicable नहीं होगा, उसमें reflect नहीं करें उनके app में."
s3://label-studio-in/STT_Audio_Datasets/Cult_Source/2606625_2025_01_18_06_36_GMT_384_segment_089.mp3,तो उनके number पे जो prices दिखाएगा ना application में वो जादा दिखाएगा
s3://label-studio-in/STT_Audio_Datasets/Cult_Source/2606625_2025_01_18_06_36_GMT_384_segment_090.mp3,अभी membership active दिखा रहे है 24 months का live membership है
s3://label-studio-in/STT_Audio_Datasets/Cult_Source/2606625_2025_01_18_06_36_GMT_384_segment_094.mp3,"तो आपको यहाँ पे special 10% off पड़ा हुआ है, मतलब आपको मिला हुआ है वहाँ पे,"
s3://label-studio-in/STT_Audio_Datasets/Cult_Source/2606625_2025_01_18_06_36_GMT_384_segment_095.mp3,"2500 के discount मेरे को मिला हुआ है, 2500 के discount उनको नहीं मिला है, that is"
s3://label-studio-in/STT_Audio_Datasets/Cult_Source/2606625_2025_01_18_06_36_GMT_384_segment_096.mp3,"नहीं है मेरे पास जो discount available है वो 750 का है अगर वो apply करता हो तो payable 24,389 पड़ रहा है"
s3://label-studio-in/STT_Audio_Datasets/Cult_Source/2606625_2025_01_18_06_36_GMT_384_segment_097.mp3,"अगर होता हो तो मैं बोल देता हूँ, मैं यही बोल रहा हूँ कि यह system generated होता है, इसमें क्या होता है कि आपका यहाँ पर birthday month आपने add किया हुआ है न इस माइने का"
s3://label-studio-in/STT_Audio_Datasets/Cult_Source/2606625_2025_01_18_06_36_GMT_384_segment_099.mp3,"मैं उनका membership और उनका previous जो access, currently access है, membership और previous history वो check कर पा रहा हूँ है।"
s3://label-studio-in/STT_Audio_Datasets/Cult_Source/2606625_2025_01_18_06_36_GMT_384_segment_102.mp3,नहीं नहीं वो trial मतलब उनका beginning trial जो 2024-2023 में November 14 में उन्होंने लिया था
s3://label-studio-in/STT_Audio_Datasets/Cult_Source/2606625_2025_01_18_06_36_GMT_384_segment_107.mp3,इन शोट आपकी application में ज़्यादा offers और benefits था।
s3://label-studio-in/STT_Audio_Datasets/Cult_Source/2606625_2025_01_18_06_36_GMT_384_segment_111.mp3,मेरे पास होता था definitely provide करता है ऐसा नहीं कि आप
s3://label-studio-in/STT_Audio_Datasets/Cult_Source/2606625_2025_01_18_06_36_GMT_384_segment_112.mp3,I am just being honest with you हमारे पास यहाँ पे
s3://label-studio-in/STT_Audio_Datasets/Cult_Source/2606625_2025_01_18_06_36_GMT_384_segment_113.mp3,application options जहाँ पे है कि मैं activate करके एक सकता हूँ
s3://label-studio-in/STT_Audio_Datasets/Cult_Source/2606625_2025_01_18_06_36_GMT_384_segment_115.mp3,"और आपके लिए भी यहाँ पर activate कर दो, मैं पास available है जिसका हूँ."
s3://label-studio-in/STT_Audio_Datasets/Cult_Source/1795095_2024_07_01_06_12_GMT_384_segment_001.mp3,और once it is done right your payment will be get successful ma'am
s3://label-studio-in/STT_Audio_Datasets/Cult_Source/2607242_2025_01_18_10_39_GMT_384_segment_001.mp3,और membership पर purchase करने के लिए try कर रहे थे
s3://label-studio-in/STT_Audio_Datasets/Cult_Source/2607242_2025_01_18_10_39_GMT_384_segment_009.mp3,आप उसके लिए भी use कर सकते हैं sir in case
s3://label-studio-in/STT_Audio_Datasets/Cult_Source/2607242_2025_01_18_10_39_GMT_384_segment_011.mp3,लेकिन मैं आपको Amazon Pay का gift card convert करके दे सकता हूँ
s3://label-studio-in/STT_Audio_Datasets/Cult_Source/2607242_2025_01_18_10_39_GMT_384_segment_013.mp3,उसके ऊपर कुछ discount मिल जाए और थोड़ा कम हो जाए
s3://label-studio-in/STT_Audio_Datasets/Cult_Source/2607242_2025_01_18_10_39_GMT_384_segment_014.mp3,हाँ मतलब आप अपना एक बार application open करेंगे मैं application पर pricing भी update कर देता हूँ
s3://label-studio-in/STT_Audio_Datasets/Cult_Source/2607242_2025_01_18_10_39_GMT_384_segment_019.mp3,after 60 days का option लिया जाएगा 60 दिन का
s3://label-studio-in/STT_Audio_Datasets/Cult_Source/2607242_2025_01_18_10_39_GMT_384_segment_021.mp3,"कोई भी सेंटर पे, कोई भी city में आप जाके access कर सकते हैं"
s3://label-studio-in/STT_Audio_Datasets/Cult_Source/2607242_2025_01_18_10_39_GMT_384_segment_022.mp3,और एक और बात बोलना चाहूँगा basically member to member
s3://label-studio-in/STT_Audio_Datasets/Cult_Source/2607242_2025_01_18_10_39_GMT_384_segment_023.mp3,number to member transfer option जैसे कि आपने membership लिया
s3://label-studio-in/STT_Audio_Datasets/Cult_Source/2607242_2025_01_18_10_39_GMT_384_segment_024.mp3,तो आप एक काम कर सकते हैं आप हमारे application पर जाके
s3://label-studio-in/STT_Audio_Datasets/Cult_Source/2607242_2025_01_18_10_39_GMT_384_segment_028.mp3,और इसमें एक लिए बताई इस वाले प्रान में home classes भी होती है ना
s3://label-studio-in/STT_Audio_Datasets/Cult_Source/2607242_2025_01_18_10_39_GMT_384_segment_031.mp3,"fitness में at home का option आ रहा है, at center का option आ रहा है,"
s3://label-studio-in/STT_Audio_Datasets/Cult_Source/2607242_2025_01_18_10_39_GMT_384_segment_034.mp3,अगर आप plus membership पे जाना चाहते हैं तो आप एक काम कर सकते हैं
s3://label-studio-in/STT_Audio_Datasets/Cult_Source/2607242_2025_01_18_10_39_GMT_384_segment_036.mp3,2 months और बढ़ाते हैं तो आपको 2500 extra मतलब 3000 extra pay करना पड़ेगा
s3://label-studio-in/STT_Audio_Datasets/Cult_Source/2607242_2025_01_18_10_39_GMT_384_segment_040.mp3,सर आप उसमें भी जा सकते हैं आपको अगर extension नहीं चाहिए तो
s3://label-studio-in/STT_Audio_Datasets/Cult_Source/2607242_2025_01_18_10_39_GMT_384_segment_045.mp3,"उसमें आपको cult pass elite, cult pass pro का option रहेगा"
s3://label-studio-in/STT_Audio_Datasets/Cult_Source/2607242_2025_01_18_10_39_GMT_384_segment_046.mp3,"इसमें आप Amazon Pay बता रहे हैं, मैं इसको Amazon नहीं चाहिए।"
s3://label-studio-in/STT_Audio_Datasets/Cult_Source/2607242_2025_01_18_10_39_GMT_384_segment_048.mp3,इसमें दो option है जैसे इसमें elite plus आ रहा है और elite आ रहा है
s3://label-studio-in/STT_Audio_Datasets/Cult_Source/2607242_2025_01_18_10_39_GMT_384_segment_053.mp3,हाँ EMI और Cuts-off EMI पे देख रहे थे राइट
s3://label-studio-in/STT_Audio_Datasets/Cult_Source/2607242_2025_01_18_10_39_GMT_384_segment_055.mp3,"इसमें, अब इसमें क्या select करूँ, 3 month, 6 month, 9 month, 12 month, 12 month का मैं,"
s3://label-studio-in/STT_Audio_Datasets/Cult_Source/2607242_2025_01_18_10_39_GMT_384_segment_060.mp3,"हाँ, मतलब card details जाने से पहले final payable amount क्या दिखा रहा है?"
s3://label-studio-in/STT_Audio_Datasets/Cult_Source/2607242_2025_01_18_10_39_GMT_384_segment_064.mp3,कि आपको मैं वो Amazon Pay में convert करके दे दूँगा करके
s3://label-studio-in/STT_Audio_Datasets/Cult_Source/2607242_2025_01_18_10_39_GMT_384_segment_069.mp3,"हाँ सर, तो processing की first month के लिए रहेगा,"
s3://label-studio-in/STT_Audio_Datasets/Cult_Source/2612418_2025_01_19_10_10_GMT_384_segment_001.mp3,आपको call क्या था regarding अपने call back request क्या था ना काल्ट एलिट मांबर्शिप लेने के लिए मुंबाई की
s3://label-studio-in/STT_Audio_Datasets/Cult_Source/2612418_2025_01_19_10_10_GMT_384_segment_002.mp3,हमें समझना था कि क्या-क्या membership है और classes क्या होता है जिन क्या होता है
s3://label-studio-in/STT_Audio_Datasets/Cult_Source/2612418_2025_01_19_10_10_GMT_384_segment_004.mp3,आपको ग्रेम और ग्रूप क्लासेस दोनों के लिए unlimited access मिलेगा
s3://label-studio-in/STT_Audio_Datasets/Cult_Source/2612418_2025_01_19_10_10_GMT_384_segment_006.mp3,"उदर आपको classes रहेगा जैसे dance, boxing, snc, hrx, yoga अंड"
s3://label-studio-in/STT_Audio_Datasets/Cult_Source/2612418_2025_01_19_10_10_GMT_384_segment_007.mp3,मैं अपने जिस particular gym के लिए देख रहा हूँ नहीं तो franchise gym के लिए देख रहा हूँ मतलब standard gyms के लिए
s3://label-studio-in/STT_Audio_Datasets/Cult_Source/2612418_2025_01_19_10_10_GMT_384_segment_009.mp3,group classes access चाहे मतलब elite plan लेना पड़ेगा जि group classes और premium gyms के लिए
s3://label-studio-in/STT_Audio_Datasets/Cult_Source/2612418_2025_01_19_10_10_GMT_384_segment_013.mp3,classes करना जैसे नहीं रहेगा जी particular center के लिए रहेगा
s3://label-studio-in/STT_Audio_Datasets/Cult_Source/2612418_2025_01_19_10_10_GMT_384_segment_016.mp3,"monthly plan नहीं रहेगा जी, हमारा आके membership रहेगा सो, आपको 24 months annual plan"
s3://label-studio-in/STT_Audio_Datasets/Cult_Source/2612418_2025_01_19_10_10_GMT_384_segment_017.mp3,देखिए आपको usually elite plan ले रहे हो मतलब आपको आज के लिए after every discount
s3://label-studio-in/STT_Audio_Datasets/Cult_Source/2612418_2025_01_19_10_10_GMT_384_segment_019.mp3,कि आपने All India Plan लिया मतलब कोई भी शहर पे जा सकते हैं Across India पे
s3://label-studio-in/STT_Audio_Datasets/Cult_Source/2612418_2025_01_19_10_10_GMT_384_segment_021.mp3,"मैं आपका call mute पर डाल सकता हूँ, so मैं details"
s3://label-studio-in/STT_Audio_Datasets/Cult_Source/2612418_2025_01_19_10_10_GMT_384_segment_022.mp3,अभी के लिए available नहीं था पहले एक center था
s3://label-studio-in/STT_Audio_Datasets/Cult_Source/2612418_2025_01_19_10_10_GMT_384_segment_023.mp3,2 classes दोनों का assist चाहे मतलब अपने elite plan लेना पड़ेगा
s3://label-studio-in/STT_Audio_Datasets/Cult_Source/2612418_2025_01_19_10_10_GMT_384_segment_032.mp3,किदर आपको 12 months के साथ आज के लिए आपको 1.5 months extension मिलेगा.
s3://label-studio-in/STT_Audio_Datasets/Cult_Source/2612418_2025_01_19_10_10_GMT_384_segment_035.mp3,कितने time जाना मतलब ही जा सकते हो कुछ limit नहीं रहेगा जी
s3://label-studio-in/STT_Audio_Datasets/Cult_Source/2612418_2025_01_19_10_10_GMT_384_segment_036.mp3,तभी कोई लिमिट नहीं है ना कि between only F dance classes
s3://label-studio-in/STT_Audio_Datasets/Cult_Source/2612418_2025_01_19_10_10_GMT_384_segment_039.mp3,आपने n number of times जा सकते हो कोई भी group classes रहने दीजिये
s3://label-studio-in/STT_Audio_Datasets/Cult_Source/2612418_2025_01_19_10_10_GMT_384_segment_040.mp3,fitness center पे अभी आपने for example कल tanderi east पे देख रहे हो
s3://label-studio-in/STT_Audio_Datasets/Cult_Source/2612418_2025_01_19_10_10_GMT_384_segment_042.mp3,सब कुछ use करने के लिए just dance use करने के लिए नहीं बोलेगा
s3://label-studio-in/STT_Audio_Datasets/Cult_Source/2612418_2025_01_19_10_10_GMT_384_segment_043.mp3,तो आपने कोई भी session के लिए जा सकते हो
s3://label-studio-in/STT_Audio_Datasets/Cult_Source/2612418_2025_01_19_10_10_GMT_384_segment_045.mp3,कोई भी time पे directly walk-in कर सकते हो जिम को
s3://label-studio-in/STT_Audio_Datasets/Cult_Source/2612418_2025_01_19_10_10_GMT_384_segment_046.mp3,हमारा जन सबको morning 6 o'clock ते night 10 o'clock तक रहेगा जी
s3://label-studio-in/STT_Audio_Datasets/Cult_Source/2612418_2025_01_19_10_10_GMT_384_segment_047.mp3,तो इस timing पे अपने gym जाना मतलब suddenly अभी 3.30 हुआ
s3://label-studio-in/STT_Audio_Datasets/Cult_Source/2612418_2025_01_19_10_10_GMT_384_segment_049.mp3,फिर से return आने के बाद शाम 7 o'clock जाने जा सकते हैं कोई दिक्कत नहीं रहेगा
s3://label-studio-in/STT_Audio_Datasets/Cult_Source/2612418_2025_01_19_10_10_GMT_384_segment_051.mp3,कितने बार भी slots book करके जा सकते हैं कोई issue नहीं रहेगा
s3://label-studio-in/STT_Audio_Datasets/Cult_Source/2612418_2025_01_19_10_10_GMT_384_segment_053.mp3,"कर सकते हो, जि आपको slots availability है, मतलब अपनी कर सकते हो, कोई issue नहीं रहेगा,"
s3://label-studio-in/STT_Audio_Datasets/Cult_Source/2612418_2025_01_19_10_10_GMT_384_segment_054.mp3,मैं आपको बताने कि एक बार अपने payment करने के बाद membership लेने के बाद
s3://label-studio-in/STT_Audio_Datasets/Cult_Source/2612418_2025_01_19_10_10_GMT_384_segment_059.mp3,"कोई भी जिन, कोई भी सेंटर जा सकते, सब के लिए unlimited access रहेगा."
s3://label-studio-in/STT_Audio_Datasets/Cult_Source/2612418_2025_01_19_10_10_GMT_384_segment_060.mp3,नहीं लेकिन अपने gym membership लेने की time पर हम three months के लिए suggest नहीं करेगा
s3://label-studio-in/STT_Audio_Datasets/Cult_Source/2612418_2025_01_19_10_10_GMT_384_segment_061.mp3,क्यों मतलब अपने 3 months के लिए लेना है मतलब इधर आपको 4 months का validity मिलेगा 10 दिन को pause option
s3://label-studio-in/STT_Audio_Datasets/Cult_Source/2612418_2025_01_19_10_10_GMT_384_segment_064.mp3,वही अभी मैं आपको बताना है जैसे annual plan जा रहा है मतलब
s3://label-studio-in/STT_Audio_Datasets/Cult_Source/2612418_2025_01_19_10_10_GMT_384_segment_066.mp3,कोई भी दूसरे शहर पे जा रहे हैं मतलब every month आपको 5 session across इंडिया भी मिल जाएगा
s3://label-studio-in/STT_Audio_Datasets/Cult_Source/2612418_2025_01_19_10_10_GMT_384_segment_068.mp3,वहाँ पे classes है जिम नहीं है वहाँ पे जिम अंदरी के दुसरी साइड पे है
s3://label-studio-in/STT_Audio_Datasets/Cult_Source/2612418_2025_01_19_10_10_GMT_384_segment_071.mp3,"और यह आपको दूसरे कुछ places है, कोई कम places पड़ेगा,"
s3://label-studio-in/STT_Audio_Datasets/Cult_Source/2612418_2025_01_19_10_10_GMT_384_segment_073.mp3,नहीं मैं आपको बता इस places पर जा रहा हूँ मतलब gym और center दोनों भी मिलेगा लेकिन price उतना तो difference नहीं रहेगा
s3://label-studio-in/STT_Audio_Datasets/Cult_Source/2612418_2025_01_19_10_10_GMT_384_segment_075.mp3,I'm sorry जी 8 o'clock पे मैं आपको call back करने के लिए नहीं आएगा मेरा working hour 7 o'clock तक रहेगा जी
s3://label-studio-in/STT_Audio_Datasets/Cult_Source/2612418_2025_01_19_10_10_GMT_384_segment_076.mp3,"6.30, 7.00 आपको ठीक है मतलब मैं call back कर सकता हूँ"
s3://label-studio-in/STT_Audio_Datasets/Cult_Source/2612418_2025_01_19_10_10_GMT_384_segment_077.mp3,बेलकुल आपने इसी नंबर पर membership लेने के लिए देख रहा था दूसरे नंबर पर जी
s3://label-studio-in/STT_Audio_Datasets/Cult_Source/2612418_2025_01_19_10_10_GMT_384_segment_078.mp3,"मैं इसी number के लिए call करेगा, अपने number बता देजिये।"
s3://label-studio-in/STT_Audio_Datasets/Cult_Source/2612418_2025_01_19_10_10_GMT_384_segment_079.mp3,उस नंबर के लिए offer activate कर सकता हुआ है
s3://label-studio-in/STT_Audio_Datasets/Cult_Source/2612418_2025_01_19_10_10_GMT_384_segment_082.mp3,"जिम आके आपको morning 6 o'clock to 10 o'clock रहेगा,"
s3://label-studio-in/STT_Audio_Datasets/Cult_Source/2612418_2025_01_19_10_10_GMT_384_segment_083.mp3,सेंटर्स आके आपको morning 6 o clock से 11.30 तक session जाएगा फिर से आपको यूने
s3://label-studio-in/STT_Audio_Datasets/Cult_Source/2612418_2025_01_19_10_10_GMT_384_segment_084.mp3,"जी general certified trainer रहेगा, personal trainer रखो नहीं रहेगा जी"
s3://label-studio-in/STT_Audio_Datasets/Cult_Source/2612418_2025_01_19_10_10_GMT_384_segment_086.mp3,"personal trainer के लिए अपने extra pay काना पड़ेगा, मुझे पुछा मतलब, अभी start कर रहा मतलब,"
s3://label-studio-in/STT_Audio_Datasets/Cult_Source/2237184_2024_10_20_12_07_GMT_384_segment_001.mp3,"सर आपको मुझे call back करने के लिए बोला था इस time पे, तो मैंने arrange को और किया है सर."
s3://label-studio-in/STT_Audio_Datasets/Cult_Source/2237184_2024_10_20_12_07_GMT_384_segment_002.mp3,मैं जान सकती हूँ आप क्यों नहीं लेना चाह रहे हैं इसका यह membership.
s3://label-studio-in/STT_Audio_Datasets/Cult_Source/2237184_2024_10_20_12_07_GMT_384_segment_003.mp3,और हमारे इन से भी हम apply कर चुके हैं आपके लिए discount.
s3://label-studio-in/STT_Audio_Datasets/Cult_Source/2237184_2024_10_20_12_07_GMT_384_segment_004.mp3,मैं जान सकती हूँ आप Delhi NCR के लिए देख रहे थे क्या?
s3://label-studio-in/STT_Audio_Datasets/Cult_Source/2237184_2024_10_20_12_07_GMT_384_segment_008.mp3,वो कहे रहे थे सर मैं अपनी end से आपको 2500 का discount करवाते हुए
s3://label-studio-in/STT_Audio_Datasets/Cult_Source/2237184_2024_10_20_12_07_GMT_384_segment_009.mp3,उस time मैंने actually बद्दे के time पर ही मैंने join किया था
s3://label-studio-in/STT_Audio_Datasets/Cult_Source/2237184_2024_10_20_12_07_GMT_384_segment_010.mp3,"हाँ, तो मेरे customer end से call आएगी, फिर next day जब भी आप लोग हैं, तो आपके birthday के time के आपको discount मिल जाएगा, नहीं मिलता है, तो हमारे end से call आएगा,"
s3://label-studio-in/STT_Audio_Datasets/Cult_Source/2237184_2024_10_20_12_07_GMT_384_segment_011.mp3,सर देखिए अगर आपका birthday month इसी month में है
s3://label-studio-in/STT_Audio_Datasets/Cult_Source/2237184_2024_10_20_12_07_GMT_384_segment_012.mp3,तो क्या आप अपना application open कर सकते हैं ऐसा अभी?
s3://label-studio-in/STT_Audio_Datasets/Cult_Source/2237184_2024_10_20_12_07_GMT_384_segment_013.mp3,एक मिनट से मैं अपना account ओपन कर लेती हूँ
s3://label-studio-in/STT_Audio_Datasets/Cult_Source/2237184_2024_10_20_12_07_GMT_384_segment_024.mp3,"एक मिर बस अभी options पुलाया, how can I access your"
s3://label-studio-in/STT_Audio_Datasets/Cult_Source/2237184_2024_10_20_12_07_GMT_384_segment_026.mp3,अच्छेली इसमें कुछ attachments हो गया है कि options है मेरे साथ से एक गल से options है ये नहीं है
s3://label-studio-in/STT_Audio_Datasets/Cult_Source/2237184_2024_10_20_12_07_GMT_384_segment_027.mp3,"आपको वो कुछ offer ला सकती हूँ, इस वजह से मैं बोल रही हूँ, आप submit कीजिए."
s3://label-studio-in/STT_Audio_Datasets/Cult_Source/2237184_2024_10_20_12_07_GMT_384_segment_032.mp3,मैं जाते हूं उनको बता सकूं कि already customer raise किये हुए हैं
s3://label-studio-in/STT_Audio_Datasets/Cult_Source/2237184_2024_10_20_12_07_GMT_384_segment_033.mp3,तो उस वजह से मैं उनको proof दिखा सकते हूँ कि already customer raise किये हुए हैं.
s3://label-studio-in/STT_Audio_Datasets/Cult_Source/2237184_2024_10_20_12_07_GMT_384_segment_041.mp3,higher authority से आपको 10% avail कर दिया जाएगा सार्टी क्या
s3://label-studio-in/STT_Audio_Datasets/Cult_Source/2237184_2024_10_20_12_07_GMT_384_segment_043.mp3,आपने अगर credit card से लिया हो तो credit card
s3://label-studio-in/STT_Audio_Datasets/Cult_Source/2237184_2024_10_20_12_07_GMT_384_segment_047.mp3,"अगर आपको कुछ issue हुआ, तो आप मेरे को ही direct contact करना चाहाँ."
s3://label-studio-in/STT_Audio_Datasets/Cult_Source/2237184_2024_10_20_12_07_GMT_384_segment_049.mp3,जैसे ही मेरे पास मेल आ जाएगा उसके regarding तो मैं उसे purchase कर दूँगा
s3://label-studio-in/STT_Audio_Datasets/Cult_Source/2237184_2024_10_20_12_07_GMT_384_segment_057.mp3,तो मैं credit card से लेता हूँ तो credit card में कैसे settlement होगा इसने
s3://label-studio-in/STT_Audio_Datasets/Cult_Source/2237184_2024_10_20_12_07_GMT_384_segment_059.mp3,उसी तरह से जो भी amount 10% हम दे रहे हैं
s3://label-studio-in/STT_Audio_Datasets/Cult_Source/2237184_2024_10_20_12_07_GMT_384_segment_063.mp3,"जैसे ही वो assign होगा, तो आपको status मिल जाएगा सार्थ, ठीक है?"
s3://label-studio-in/STT_Audio_Datasets/Cult_Source/2237184_2024_10_20_12_07_GMT_384_segment_066.mp3,देखिए मैंने confirm भी कर दिया है उन लोगों को
s3://label-studio-in/STT_Audio_Datasets/Cult_Source/2237184_2024_10_20_12_07_GMT_384_segment_072.mp3,जैसे ही वो देखेंगे क्योंकि manual assigning नहीं है अभी
s3://label-studio-in/STT_Audio_Datasets/Cult_Source/2237184_2024_10_20_12_07_GMT_384_segment_076.mp3,without आपके confirmation के हिसाब से भी आपको credit कर दिया जाएगा सा 10%.
s3://label-studio-in/STT_Audio_Datasets/Cult_Source/2237184_2024_10_20_12_07_GMT_384_segment_079.mp3,आपकी payments के बाद हम आपको 10% return कर देंगे
s3://label-studio-in/STT_Audio_Datasets/Cult_Source/2237184_2024_10_20_12_07_GMT_384_segment_080.mp3,तो कोई issue नहीं मैं at a time purchase कर लूँगा आप 20500 वाला active कर दीजिए जो मेरा उसमें तो आपको मिले
s3://label-studio-in/STT_Audio_Datasets/Cult_Source/2237184_2024_10_20_12_07_GMT_384_segment_083.mp3,और मैंने आपको details भी भेज दिया है जैसे ही आपको revert आ जाएगा
s3://label-studio-in/STT_Audio_Datasets/Cult_Source/2237184_2024_10_20_12_07_GMT_384_segment_086.mp3,"तो अगर आपको message मिल गया, तो आप purchase कर लेना साथ, ठीक है?"
s3://label-studio-in/STT_Audio_Datasets/Cult_Source/2237184_2024_10_20_12_07_GMT_384_segment_088.mp3,मैंने already apply कर दी हूँ सा मेरे end से ठीक है
s3://label-studio-in/STT_Audio_Datasets/Cult_Source/2237184_2024_10_20_12_07_GMT_384_segment_099.mp3,"नहीं नहीं sir 32,490 मैंने already लगा दिया है ठीक है"
s3://label-studio-in/STT_Audio_Datasets/Cult_Source/2237184_2024_10_20_12_07_GMT_384_segment_101.mp3,"फिर deduct होके, इसकी कितना मिल रहा है आपको, 3249 आपको refund हो जाएगा."
s3://label-studio-in/STT_Audio_Datasets/Cult_Source/2237184_2024_10_20_12_07_GMT_384_segment_105.mp3,"तो actual price something है ये 34,990 था जिसमें से आपने 2,500 सब्सक्रिब कर दिया"
s3://label-studio-in/STT_Audio_Datasets/Cult_Source/2237184_2024_10_20_12_07_GMT_384_segment_106.mp3,तो पहले आपका pricing आके without आपके birthday month का offer.
s3://label-studio-in/STT_Audio_Datasets/Cult_Source/2237184_2024_10_20_12_07_GMT_384_segment_111.mp3,"तो आपका membership आके 29,000 sum change हो जाएगा साथ."
s3://label-studio-in/STT_Audio_Datasets/Cult_Source/2237184_2024_10_20_12_07_GMT_384_segment_113.mp3,"तो आपको वो जो amount हमको देना है, वो 10% हम आपको देना है."
s3://label-studio-in/STT_Audio_Datasets/Cult_Source/2237184_2024_10_20_12_07_GMT_384_segment_118.mp3,"और ये recorded line है सा, आप चिंता मत करिए, जब भी आपको raise करना है, तो मेरे against भी raise कर सकते हो."
s3://label-studio-in/STT_Audio_Datasets/Cult_Source/2237184_2024_10_20_12_07_GMT_384_segment_121.mp3,"अब जैसे ही revert आ जाएगा, आप please purchase कर लीजिगा."
s3://label-studio-in/STT_Audio_Datasets/Cult_Source/2237184_2024_10_20_12_07_GMT_384_segment_122.mp3,लेकिन आपका तो birthday month यही month है ना था।
s3://label-studio-in/STT_Audio_Datasets/Cult_Source/2237184_2024_10_20_12_07_GMT_384_segment_123.mp3,"क्योंकि वो verify करेंगे, उसके बाद अगर valid रहेगा, तो ही वो proceed कर पाएंगे, इस वजह से मैं बता रहे हूँ."
s3://label-studio-in/STT_Audio_Datasets/Cult_Source/2237184_2024_10_20_12_07_GMT_384_segment_124.mp3,और कोई मेंबर है कैसा जो कल्टने मेंबरशिप देख रहे हैं ताकि हम उनको भी similar offers प्रोवाइड कर सकें
s3://label-studio-in/STT_Audio_Datasets/Cult_Source/2237184_2024_10_20_12_07_GMT_384_segment_125.mp3,मैं यह बता रही थी कि आपका birthday month इसी month में रहना चाहिए
s3://label-studio-in/STT_Audio_Datasets/Cult_Source/2237184_2024_10_20_12_07_GMT_384_segment_128.mp3,आपके confirmation के हिसाब से भी आपको refund करना है करके मैंने लिखवा दिया है note में वहाँ
s3://label-studio-in/STT_Audio_Datasets/Cult_Source/2237184_2024_10_20_12_07_GMT_384_segment_129.mp3,जो documents आपने submit किये हैं उसी हिसाब से आपको वो हो जाएगा साथ चिंदा मत करिए वो सब
s3://label-studio-in/STT_Audio_Datasets/Cult_Source/2237184_2024_10_20_12_07_GMT_384_segment_131.mp3,जब मैंने फर्स्ट टाइम पर्जेस कर दो डायरेक्ट मैंने वन टाइम पेमेंट करी कोई ID इस टाइम मैंने प्रोवाइड नहीं करवाया था
s3://label-studio-in/STT_Audio_Datasets/Cult_Source/2237184_2024_10_20_12_07_GMT_384_segment_132.mp3,"तो जरूर वो revert करेंगे, मैं भी यहाँ से check करते रहूंगी."
s3://label-studio-in/STT_Audio_Datasets/Cult_Source/2237184_2024_10_20_12_07_GMT_384_segment_135.mp3,हाँ हाँ सर कल मैं available रहूंगी मैं ही खुद भी call करूँगी सर अगर ये
s3://label-studio-in/STT_Audio_Datasets/Cult_Source/2237184_2024_10_20_12_07_GMT_384_segment_137.mp3,"तो well and good मैं शाम को भी आपको call कर लूँगी,"
s3://label-studio-in/STT_Audio_Datasets/Cult_Source/2237184_2024_10_20_12_07_GMT_384_segment_138.mp3,"तो मैं कल तक देखूंगी सर, अगर कोई revert नहीं कर रहा है, तो मैं जाके बात करूँगी उन लोगों से, ठीक है सर?"
s3://label-studio-in/STT_Audio_Datasets/Cult_Source/2689656_2025_02_04_12_54_GMT_384_segment_001.mp3,कैसे की देख सकता था लेकिन personal आपको call किया था मैंने आपका लेकिन data एक month से देख रहा था एक मेने से
s3://label-studio-in/STT_Audio_Datasets/Cult_Source/2689656_2025_02_04_12_54_GMT_384_segment_002.mp3,आप membership purchase करने के लिए देख रहे थे मगर unfortunately आपने purchase नहीं किया मैं जान सकता हूँ क्या दिक्कत है difficulty face कर रहे हो
s3://label-studio-in/STT_Audio_Datasets/Cult_Source/2689656_2025_02_04_12_54_GMT_384_segment_004.mp3,"कभी भी आप purchase करने के लिए सोच रहे हो, तो same WhatsApp number पे मेरे को message कीजिए,"
s3://label-studio-in/STT_Audio_Datasets/Cult_Source/2689656_2025_02_04_12_54_GMT_384_segment_005.mp3,अगर कोई बेहतर offer रहा जहां पे मैं आपका price reduce कर सकतू
s3://label-studio-in/STT_Audio_Datasets/Cult_Source/2689656_2025_02_04_12_54_GMT_384_segment_006.mp3,"तो तुरंत आपके particular number पे price reduce कर देंगा, ठीक है?"
s3://label-studio-in/STT_Audio_Datasets/Cult_Source/2689656_2025_02_04_12_54_GMT_384_segment_008.mp3,"अगर आप आज के दिन आप purchase करने के लिए नहीं सोच रहे हो,"
s3://label-studio-in/STT_Audio_Datasets/Cult_Source/2689656_2025_02_04_12_54_GMT_384_segment_009.mp3,आप इस दिन भी purchase करने के लिए सोच रहे हो
s3://label-studio-in/STT_Audio_Datasets/Cult_Source/2665662_2025_02_09_09_38_GMT_384_segment_005.mp3,"बैंगलोर को shift करना चाहता हूँ, तो आप वो लोग बैंगलोर को transfer करके देंगे, आपको transfer charges कुछ भी नहीं pay करना पड़ेगा,"
s3://label-studio-in/STT_Audio_Datasets/Cult_Source/2665662_2025_02_09_09_38_GMT_384_segment_006.mp3,"different amount रहेगा, so for example डिलियेट चेर में price कितना है sir?"
s3://label-studio-in/STT_Audio_Datasets/Cult_Source/2665662_2025_02_09_09_38_GMT_384_segment_007.mp3,"को 13,800 रुपी, like including GST and platform charges, आपको around 14,000 रुपी पड़ेगा, सर, लेकिन"
s3://label-studio-in/STT_Audio_Datasets/Cult_Source/2665662_2025_02_09_09_38_GMT_384_segment_010.mp3,सबसे स्टार्ट करना है स्टार्ट डेट भी सेलेक्ट करना है तो उसी दिन से membership स्टार्ट हो जाएगा so while purchasing also आपको स्टार्ट डेट सेलेक्ट करना है so don't worry मैं उसका भी आपको
s3://label-studio-in/STT_Audio_Datasets/Cult_Source/2665662_2025_02_09_09_38_GMT_384_segment_014.mp3,मेरे तरफ से एंड डेट को अपडेट करना पड़ाएगा देड़ मने का extension आएड करके मैं एंड डेट अपडेट कर रहूंगा
s3://label-studio-in/STT_Audio_Datasets/Cult_Source/2665662_2025_02_09_09_38_GMT_384_segment_020.mp3,"840 to 850 रुपिस पर मन्त रहेगा सर आपको, 24 मन्त को एक तो."
s3://label-studio-in/STT_Audio_Datasets/Cult_Source/2665662_2025_02_09_09_38_GMT_384_segment_025.mp3,और कोई भी कुछ पर पर्सेस करेंगा तो उसमें प्लैकफॉर्म चर्जेस आड़ हो जाएगा सर उस final page में आपको प्लैकफॉर्म चर्जेस आड़ होगा
s3://label-studio-in/STT_Audio_Datasets/Cult_Source/2665662_2025_02_09_09_38_GMT_384_segment_026.mp3,beginning आपको कोई भी membership purchase करेंगे तो किसी भी membership purchase करेंगे तो आपको platform address add हो जाएगा
s3://label-studio-in/STT_Audio_Datasets/Cult_Source/2665662_2025_02_09_09_38_GMT_384_segment_027.mp3,"round 17 to 17.5 रहेगा, लेकिन update करके 14,800 को update किया है,"
s3://label-studio-in/STT_Audio_Datasets/Cult_Source/2665662_2025_02_09_09_38_GMT_384_segment_028.mp3,"के साथ मैंने आपको discount लेके 13,840 रुपी मेरे तरफ से"
s3://label-studio-in/STT_Audio_Datasets/Cult_Source/2665662_2025_02_09_09_38_GMT_384_segment_030.mp3,"अलगेट कर लीजिए सर 13,000 अब total payable कितना दिखा रहा है सर"
s3://label-studio-in/STT_Audio_Datasets/Cult_Source/2665662_2025_02_09_09_38_GMT_384_segment_036.mp3,सर अभी calculate पर करेंगे 250 रुपीज ज्यादा पढ़ रहा है सर लेकिन आप
s3://label-studio-in/STT_Audio_Datasets/Cult_Source/2124933_2024_09_22_12_48_GMT_384_segment_004.mp3,3 months का plan 500 rupees extra discount plus 15
s3://label-studio-in/STT_Audio_Datasets/Cult_Source/2358234_2024_11_18_10_27_GMT_384_segment_001.mp3,"और if you let me know the convenient time, I'll be connecting you back."
s3://label-studio-in/STT_Audio_Datasets/Cult_Source/2059949_2024_09_02_09_01_GMT_384_segment_001.mp3,सर आपने यहाँ पे request किया था आपको expert से बात करना है weight loss coaching program के द्वारा
s3://label-studio-in/STT_Audio_Datasets/Cult_Source/2059949_2024_09_02_09_01_GMT_384_segment_004.mp3,जैसे कि सर उस एक में लिखा है कि मंत्री का something
s3://label-studio-in/STT_Audio_Datasets/Cult_Source/2059949_2024_09_02_09_01_GMT_384_segment_005.mp3,यहां पर समझा दूंगा कि membership क्या है और program क्या है
s3://label-studio-in/STT_Audio_Datasets/Cult_Source/2059949_2024_09_02_09_01_GMT_384_segment_006.mp3,इसके बाद मैं आपको pricing बता दूँगा और price month भी बता दूँगा सर्च.
s3://label-studio-in/STT_Audio_Datasets/Cult_Source/2059949_2024_09_02_09_01_GMT_384_segment_010.mp3,"कि यहाँ पर gym की membership ना elite and pro है सर,"
s3://label-studio-in/STT_Audio_Datasets/Cult_Source/2059949_2024_09_02_09_01_GMT_384_segment_012.mp3,पर वो complete pro हो जाएगा मतलब standard gym क्यों है उसको हम pro
s3://label-studio-in/STT_Audio_Datasets/Cult_Source/2059949_2024_09_02_09_01_GMT_384_segment_015.mp3,"12 months की बात करूँ तो ये जाके 16,626 हो जाएगा"
s3://label-studio-in/STT_Audio_Datasets/Cult_Source/2059949_2024_09_02_09_01_GMT_384_segment_017.mp3,"और अगर 6 months की बात करूँ, तो 13 months."
s3://label-studio-in/STT_Audio_Datasets/Cult_Source/2059949_2024_09_02_09_01_GMT_384_segment_019.mp3,"आज के दिन लेने पर आपको तीन महने का extension मिलेगा,"
s3://label-studio-in/STT_Audio_Datasets/Cult_Source/2059949_2024_09_02_09_01_GMT_384_segment_025.mp3,तो अभी योग का पौने सौला महने सर मतलब around 16 months का membership आ गया ये 45 days
s3://label-studio-in/STT_Audio_Datasets/Cult_Source/2059949_2024_09_02_09_01_GMT_384_segment_028.mp3,सर महने का अगर आपके पास no cost CMI है
s3://label-studio-in/STT_Audio_Datasets/Cult_Source/2059949_2024_09_02_09_01_GMT_384_segment_029.mp3,तो आपको price per month एक breakdown दे रहा हूँ है जो की
s3://label-studio-in/STT_Audio_Datasets/Cult_Source/2059949_2024_09_02_09_01_GMT_384_segment_030.mp3,मतलब कि मुझे समझ नहीं है मुझे सिर्फ साल का ही membership लेना है
s3://label-studio-in/STT_Audio_Datasets/Cult_Source/2059949_2024_09_02_09_01_GMT_384_segment_032.mp3,और एक आप और बता रहे थे कि मैंने देखा था कि example होता है ना कि
s3://label-studio-in/STT_Audio_Datasets/Cult_Source/2059949_2024_09_02_09_01_GMT_384_segment_034.mp3,"जो membership का दौरान केता है वो भी अलग-अलग है ना,"
s3://label-studio-in/STT_Audio_Datasets/Cult_Source/2059949_2024_09_02_09_01_GMT_384_segment_035.mp3,"आप access भी कर सकते हो, trial ले सकते हो gym का,"
s3://label-studio-in/STT_Audio_Datasets/Cult_Source/2059949_2024_09_02_09_01_GMT_384_segment_036.mp3,"जिसके बाद आप directly center manager से बात कर लो,"
s3://label-studio-in/STT_Audio_Datasets/Cult_Source/2059949_2024_09_02_09_01_GMT_384_segment_040.mp3,लेकिन timing फिर वो ही रहेगा कि आपको at least 9 बजे के बाद ही call करना होगा तो ये possible है?
s3://label-studio-in/STT_Audio_Datasets/Cult_Source/2059949_2024_09_02_09_01_GMT_384_segment_041.mp3,9 बचे के बाद ठीक है हम लोगों का timing तो office का 10 साथ रहता है
s3://label-studio-in/STT_Audio_Datasets/Cult_Source/2059949_2024_09_02_09_01_GMT_384_segment_042.mp3,"कि जैसे कि इसमें ना एक option था, कि मान लेजिए कि मैंने वो ले लिया membership,"
s3://label-studio-in/STT_Audio_Datasets/Cult_Source/2059949_2024_09_02_09_01_GMT_384_segment_046.mp3,कोई भी gym जो cult owned है वो city को आप access कर सकते हैं sir.
s3://label-studio-in/STT_Audio_Datasets/Cult_Source/2059949_2024_09_02_09_01_GMT_384_segment_061.mp3,तो क्या मैं जान सकता हूँ कि जहां मेरे जो मैंने Noida का जो मैंने आपको मेरे एरिया बताया है
s3://label-studio-in/STT_Audio_Datasets/Cult_Source/2059949_2024_09_02_09_01_GMT_384_segment_062.mp3,मुझे area का नाम बता दीजिए क्योंकि मुखला भी app से चेक कर रहा हूँ तो आपको वहीं से बता दे दूँगा
s3://label-studio-in/STT_Audio_Datasets/Cult_Source/2059949_2024_09_02_09_01_GMT_384_segment_064.mp3,अगर मैं आपको बोलूं कि एक ही gym आप जाओ तो उसमें भी आपको बस 100-200 का ही फर्क पड़ेगा इसलिए
s3://label-studio-in/STT_Audio_Datasets/Cult_Source/2059949_2024_09_02_09_01_GMT_384_segment_067.mp3,और इस वाले का आप मुझे बता दो कि सर वो last
s3://label-studio-in/STT_Audio_Datasets/Cult_Source/2059949_2024_09_02_09_01_GMT_384_segment_071.mp3,सर क्या आप 24 महने का देख सकते हैं मेरे पास 2500 का offer है
s3://label-studio-in/STT_Audio_Datasets/Cult_Source/2059949_2024_09_02_09_01_GMT_384_segment_074.mp3,1100 तो महिना पढ़ रहा है लेकिन सर वो तो amount तो हमें एक बार में करना है ना पे सर
s3://label-studio-in/STT_Audio_Datasets/Cult_Source/2059949_2024_09_02_09_01_GMT_384_segment_075.mp3,"calculate कर सकते हैं आपको 2 साल का मतलब एक साल का आपको 15,000"
s3://label-studio-in/STT_Audio_Datasets/Cult_Source/2059949_2024_09_02_09_01_GMT_384_segment_078.mp3,आपको यहां पर लगे कि आपका job posting शहर के मतलब country के इंडिया के ही बाहर हो रहा है
s3://label-studio-in/STT_Audio_Datasets/Cult_Source/2059949_2024_09_02_09_01_GMT_384_segment_079.mp3,"ने किसी के भाई, किसी भाई को, किसी दोस्त को आप directly transfer कर सकते हैं sir."
s3://label-studio-in/STT_Audio_Datasets/Cult_Source/2059949_2024_09_02_09_01_GMT_384_segment_080.mp3,आपको क्रेडिट कार्ट से EMI से कर सकते हो आप
s3://label-studio-in/STT_Audio_Datasets/Cult_Source/2059949_2024_09_02_09_01_GMT_384_segment_081.mp3,credit card है but वो sir फिर वो रहता है headache है बहुत
s3://label-studio-in/STT_Audio_Datasets/Cult_Source/2059949_2024_09_02_09_01_GMT_384_segment_083.mp3,"यह आ गई है कि आपको एक one shot में payment करना पड़ेगा, समझ तक हाँ?"
s3://label-studio-in/STT_Audio_Datasets/Cult_Source/2059949_2024_09_02_09_01_GMT_384_segment_085.mp3,"क्योंकि सर जाहित से बात है कोई अगर 20-25,000 रुपए कोई अगर earning कर रहा है उसको फिर और भी खर्चे होते हैं गर का देल"
s3://label-studio-in/STT_Audio_Datasets/Cult_Source/2059949_2024_09_02_09_01_GMT_384_segment_086.mp3,लेकिन माफी चाहता हूँ कि ये option तो हम लोगों के पास है नहीं
s3://label-studio-in/STT_Audio_Datasets/Cult_Source/2059949_2024_09_02_09_01_GMT_384_segment_087.mp3,EMI भी है जो वो no cost EMI है तो आपको interest कुछ भी नहीं pay करना सर हैं आपको
s3://label-studio-in/STT_Audio_Datasets/Cult_Source/2059949_2024_09_02_09_01_GMT_384_segment_088.mp3,जो भी है हम लोग directly pay कर लेंगे sir.
s3://label-studio-in/STT_Audio_Datasets/Cult_Source/2059949_2024_09_02_09_01_GMT_384_segment_089.mp3,रेट कार्ड का जो मेरा मतलिका वो बनेगा EMI वो मुझे बस
s3://label-studio-in/STT_Audio_Datasets/Cult_Source/2059949_2024_09_02_09_01_GMT_384_segment_092.mp3,नहीं नहीं नहीं नहीं सर वो completely आपके ऊपर depend होगा आपको
s3://label-studio-in/STT_Audio_Datasets/Cult_Source/2059949_2024_09_02_09_01_GMT_384_segment_093.mp3,सर 24 महने में extension नहीं होगा सर 12 महने में है जो आपको
s3://label-studio-in/STT_Audio_Datasets/Cult_Source/2059949_2024_09_02_09_01_GMT_384_segment_096.mp3,"कभी-कभी आपको अगर use नहीं करना, तो आप directly pause कर दो,"
s3://label-studio-in/STT_Audio_Datasets/Cult_Source/2059949_2024_09_02_09_01_GMT_384_segment_101.mp3,"वो भी directly आपको send कर सकता हूँ, मैंने वैसे पर आपको brochure दे दिया है,"
s3://label-studio-in/STT_Audio_Datasets/Cult_Source/2059949_2024_09_02_09_01_GMT_384_segment_103.mp3,"अब बस सेंटर मानेजर को इतना बोल रही है कि मतलब already मेरी बात जीत हो रही है,"
s3://label-studio-in/STT_Audio_Datasets/Cult_Source/2059949_2024_09_02_09_01_GMT_384_segment_104.mp3,headquarters को Bangalore में है तो directly में आपको बात करते बताप
s3://label-studio-in/STT_Audio_Datasets/Cult_Source/2059949_2024_09_02_09_01_GMT_384_segment_106.mp3,"तो आपको benefits नहीं दिलेंगे, आप एक बार देख लीजे, मैं directly आपको call करूँगा सर."
s3://label-studio-in/STT_Audio_Datasets/Cult_Source/1415719_2024_04_15_06_12_GMT_384_segment_005.mp3,"कौन से day में, कौन से timing में जाना है मुझे"
s3://label-studio-in/STT_Audio_Datasets/Cult_Source/1415719_2024_04_15_06_12_GMT_384_segment_007.mp3,उसमें कुछ आपको additional discount दे लेता हूँ क्योंकि आज हमने
s3://label-studio-in/STT_Audio_Datasets/Cult_Source/1415719_2024_04_15_06_12_GMT_384_segment_008.mp3,"कोई difference नहीं है, हर की जो elite में equipments है,"
s3://label-studio-in/STT_Audio_Datasets/Cult_Source/1415719_2024_04_15_06_12_GMT_384_segment_009.mp3,elite लेते हो तो आप overall city city to city transfer कर सकते हो elite membership
s3://label-studio-in/STT_Audio_Datasets/Cult_Source/1415719_2024_04_15_06_12_GMT_384_segment_012.mp3,वहाँ पर जाकर मैं आपको trial classes कहां book करना है मैं आपको बता देता हूँ
s3://label-studio-in/STT_Audio_Datasets/Cult_Source/1415719_2024_04_15_06_12_GMT_384_segment_022.mp3,"मान लीजिया आप जो examinations आगे, काम आगे, functions आगे घर पे"
s3://label-studio-in/STT_Audio_Datasets/Cult_Source/1415719_2024_04_15_06_12_GMT_384_segment_034.mp3,"अगर आप कल के लिए देख रहे हो तो offer Amazon watch नहीं रहेगा, extension नहीं रहेगा"
s3://label-studio-in/STT_Audio_Datasets/Cult_Source/1415719_2024_04_15_06_12_GMT_384_segment_035.mp3,प्राइस हाइक हो जाएगा मैं ये नहीं चाहता हूँ कि आप membership लीजे with a low price
s3://label-studio-in/STT_Audio_Datasets/Cult_Source/1415719_2024_04_15_06_12_GMT_384_segment_038.mp3,अगर आप एक बार open कीजिए एलिट का play का जो cult class का जो एलिट है
s3://label-studio-in/STT_Audio_Datasets/Cult_Source/1415719_2024_04_15_06_12_GMT_384_segment_039.mp3,मैं आपको activate कर देता हूँ discount क्योंकि 2 घंटे से
s3://label-studio-in/STT_Audio_Datasets/Cult_Source/1415719_2024_04_15_06_12_GMT_384_segment_044.mp3,examinations आ गया है फिर काम में busy हो गए
s3://label-studio-in/STT_Audio_Datasets/Cult_Source/1415719_2024_04_15_06_12_GMT_384_segment_046.mp3,let's suppose कि मैं gym continue ही नहीं करना चाहता तो वैसे भी कुछ होता है कि membership cancel हो जाए
s3://label-studio-in/STT_Audio_Datasets/Cult_Source/1415719_2024_04_15_06_12_GMT_384_segment_047.mp3,क्योंकि एक 45 pause days आपको पता है one and half month का
s3://label-studio-in/STT_Audio_Datasets/Cult_Source/1415719_2024_04_15_06_12_GMT_384_segment_051.mp3,"आपको वर्कोट करना है, डैंस पेटेंसिला जाना है, HRX जाना है, S&P जाना है,"
s3://label-studio-in/STT_Audio_Datasets/Cult_Source/1415719_2024_04_15_06_12_GMT_384_segment_057.mp3,10 मिनिट आपको warm up करना है 10 मिनिट में आपको
s3://label-studio-in/STT_Audio_Datasets/Cult_Source/1415719_2024_04_15_06_12_GMT_384_segment_064.mp3,"तो मैं आपको 6 बजे call back करूँगा, मेरा 7 को log out है,"
s3://label-studio-in/STT_Audio_Datasets/Cult_Source/1415719_2024_04_15_06_12_GMT_384_segment_068.mp3,"वो center manager क्या करेंगे, आपको trainer के पास लेके जाएंगे,"
s3://label-studio-in/STT_Audio_Datasets/Cult_Source/1415719_2024_04_15_06_12_GMT_384_segment_069.mp3,कहां से book करने पता है आपको मैं एक बार बताओ
s3://label-studio-in/STT_Audio_Datasets/Cult_Source/2569856_2025_01_14_09_01_GMT_384_segment_001.mp3,तो it will be an EMI option or the full short term
s3://label-studio-in/STT_Audio_Datasets/Cult_Source/2680235_2025_02_03_07_02_GMT_384_segment_005.mp3,"आप मुझे उनका age, height और weight बता सकते था कि मैं"
s3://label-studio-in/STT_Audio_Datasets/Cult_Source/2680235_2025_02_03_07_02_GMT_384_segment_010.mp3,experts की बात सुनके अगर आप ये तीनों daily business पर
s3://label-studio-in/STT_Audio_Datasets/Cult_Source/2680235_2025_02_03_07_02_GMT_384_segment_014.mp3,और फिर वो आपको पूरा review शेयर करेंगे कि आप कहाँ improv तुम कर रहे हो कहाँ नहीं कर रहे हो कहाँ ज्यादा महनत करनी चाहिए
s3://label-studio-in/STT_Audio_Datasets/Cult_Source/2680235_2025_02_03_07_02_GMT_384_segment_015.mp3,क्या तरीका सही है क्या body के लिए healthy है diet के मामले में
s3://label-studio-in/STT_Audio_Datasets/Cult_Source/2680235_2025_02_03_07_02_GMT_384_segment_016.mp3,"क्या नहीं है, क्या avoid करना चाहिए, यह पूरा guidance आपको इस program के अंदर मिलेगा"
s3://label-studio-in/STT_Audio_Datasets/Cult_Source/2680235_2025_02_03_07_02_GMT_384_segment_017.mp3,बड़ा weight loss नहीं है since it's just a body toning
s3://label-studio-in/STT_Audio_Datasets/Cult_Source/2680235_2025_02_03_07_02_GMT_384_segment_021.mp3,नो कॉस्ट EMI अगर आप लेते हो तो 3416 रुपीज पर मत पड़ेगा
s3://label-studio-in/STT_Audio_Datasets/Cult_Source/2680235_2025_02_03_07_02_GMT_384_segment_028.mp3,मैं जानता हूँ उनका क्या marketing strategy है क्या नहीं है मतलब मैं
s3://label-studio-in/STT_Audio_Datasets/Cult_Source/2680235_2025_02_03_07_02_GMT_384_segment_029.mp3,मैं previously उनके साथ ही काम करता था दो साल पहले
s3://label-studio-in/STT_Audio_Datasets/Cult_Source/2680235_2025_02_03_07_02_GMT_384_segment_033.mp3,तो ये dedicatedly इस program के ऊपर work करता है उसमें क्या होता है कि उनके program में क्या होता है कि
s3://label-studio-in/STT_Audio_Datasets/Cult_Source/2680235_2025_02_03_07_02_GMT_384_segment_036.mp3,"वो तो बता नहीं होगा कि उनका background क्या है, क्या नीज़ कर गया"
s3://label-studio-in/STT_Audio_Datasets/Cult_Source/2680235_2025_02_03_07_02_GMT_384_segment_037.mp3,तो जो आपको normal weight loss program में coaches assign किया जाते हैं वही same coaches वो आपको उस
s3://label-studio-in/STT_Audio_Datasets/Cult_Source/2680235_2025_02_03_07_02_GMT_384_segment_043.mp3,वो उनके company से training दिया जाता है उस particular program को लेकर
s3://label-studio-in/STT_Audio_Datasets/Cult_Source/2680235_2025_02_03_07_02_GMT_384_segment_052.mp3,ऊपर से ये भी mandatory की रखना है कि आपने mostly video call consultation लिया है
s3://label-studio-in/STT_Audio_Datasets/Cult_Source/2680235_2025_02_03_07_02_GMT_384_segment_058.mp3,"स्क्रोल करोगे, refund policies के अंदर जाओगे तो उधर में check किया हुआ"
s3://label-studio-in/STT_Audio_Datasets/Cult_Source/2680235_2025_02_03_07_02_GMT_384_segment_060.mp3,मान लो कि आप फ्री टाइल ले सकते हैं application पर खुद हमने option दे रखा है फ्री टाइल लेने का
s3://label-studio-in/STT_Audio_Datasets/Cult_Source/2680235_2025_02_03_07_02_GMT_384_segment_061.mp3,तो ये तीनो experts से आप consultation लेते हैं तीनो experts
s3://label-studio-in/STT_Audio_Datasets/Cult_Source/2680235_2025_02_03_07_02_GMT_384_segment_071.mp3,जब आप membership देते हो स्टार्टिंग में एक orientation call होता है जहां पे फिटनेस
s3://label-studio-in/STT_Audio_Datasets/Cult_Source/2680235_2025_02_03_07_02_GMT_384_segment_074.mp3,confirmation दोगे तब मैं यहां से आपके number पे वो discount mark के price change कर दूँगा और
s3://label-studio-in/STT_Audio_Datasets/Cult_Source/2698077_2025_02_06_07_52_GMT_384_segment_002.mp3,प्राजिस है प्रो के similar है elite membership के साथ
s3://label-studio-in/STT_Audio_Datasets/Cult_Source/2698077_2025_02_06_07_52_GMT_384_segment_005.mp3,"Black Vigor मैं आपको Noida के लिए अगर आप आज के दिन पर्चेस करने वाले हैं,"
s3://label-studio-in/STT_Audio_Datasets/Cult_Source/2698077_2025_02_06_07_52_GMT_384_segment_008.mp3,"14 मेने का membership मिलेगा sir, workout करने के लिए जिम्मे है"
s3://label-studio-in/STT_Audio_Datasets/Cult_Source/2698077_2025_02_06_07_52_GMT_384_segment_010.mp3,"आपको nearby भी हो जाएगा, और आपकी budget में भी आएगा, आपको कोई दिक्कत भी नहीं रहेगी, prices के related, sir."
s3://label-studio-in/STT_Audio_Datasets/Cult_Source/2698077_2025_02_06_07_52_GMT_384_segment_011.mp3,"तो उसके related जो है अगर इस particular location select की membership जाएंगे, तो same similar prices आप दे पाएंगे."
s3://label-studio-in/STT_Audio_Datasets/Cult_Source/2698077_2025_02_06_07_52_GMT_384_segment_013.mp3,उसके हिसाब से थोड़ आपका अगर आप budget increase कर लेंगे तो वही price उसने मिल जाएगी तो कैसे मैं आपको समझा देती हूँ
s3://label-studio-in/STT_Audio_Datasets/Cult_Source/2698077_2025_02_06_07_52_GMT_384_segment_014.mp3,आज लेते हैं तो select membership यह offer मैं आपको provide कर रहा हूँ आज के दिन के लिए
s3://label-studio-in/STT_Audio_Datasets/Cult_Source/2698077_2025_02_06_07_52_GMT_384_segment_017.mp3,तो उसके हिसाब से आपको two sessions अदर centers के लिए भी मिलेगा per month आपको.
s3://label-studio-in/STT_Audio_Datasets/Cult_Source/2698077_2025_02_06_07_52_GMT_384_segment_019.mp3,"बहुत से रजक कैज़ बैक मिलेगा, Amazon बहुत से रजक कैज़ बैक मिलेगा sir."
s3://label-studio-in/STT_Audio_Datasets/Cult_Source/2698077_2025_02_06_07_52_GMT_384_segment_023.mp3,"850 रुपी से अगर आप टेक कर लेते हैं तो मैं आपको help out कर देते हूँ redeem करने के लिए 1200 का और मैंने इसमें 700 का employee coupon code भी activate कर दिया है 17,550 रुपी से"
s3://label-studio-in/STT_Audio_Datasets/Cult_Source/2698077_2025_02_06_07_52_GMT_384_segment_024.mp3,"तो आप मेरे को एक ऐसा contact दीजे, if I am interested, तो मैं उस contact पर call करूँ,"
s3://label-studio-in/STT_Audio_Datasets/Cult_Source/2698077_2025_02_06_07_52_GMT_384_segment_025.mp3,और मैं उसी time पर purchase कर सकूँ because currently मैं अभी घर पर नहीं हूँ घर पर बाहर हूँ मैं घर पर जाओंगा और घर पर बात करूँगा
s3://label-studio-in/STT_Audio_Datasets/Cult_Source/2698077_2025_02_06_07_52_GMT_384_segment_026.mp3,"और क्या-क्या include होगा, वो मेरे का WhatsApp पर send कर सकते हैं क्या?"
s3://label-studio-in/STT_Audio_Datasets/Cult_Source/2698077_2025_02_06_07_52_GMT_384_segment_027.mp3,जो भी मैंने आपको बताया था वो activate कर दूँगी मैं
s3://label-studio-in/STT_Audio_Datasets/Cult_Source/2698077_2025_02_06_07_52_GMT_384_segment_029.mp3,तो मैं काम करूँगी सर जो भी मैंने offers आपको बताया था मैं आपको activate कर देती हूँ
s3://label-studio-in/STT_Audio_Datasets/Cult_Source/2698077_2025_02_06_07_52_GMT_384_segment_030.mp3,कुछ भी दिक्कत है कि मुझे call back कर लीजिएगा यह IVR call है मुझे notification मिल जागा उसके बाद मैं अब से तिरसे connect पाएगा ओके
s3://label-studio-in/STT_Audio_Datasets/Cult_Source/2698077_2025_02_06_07_52_GMT_384_segment_032.mp3,आप जब पेमिंट करेंगे तो option आएगा elite pro select करके उसमें select membership कर लीजेगा सब.
s3://label-studio-in/STT_Audio_Datasets/Cult_Source/2698077_2025_02_06_07_52_GMT_384_segment_033.mp3,"मैं आपको offer details भी share किया WhatsApp में, आप मुझे high भेज देंगे, तो मैं details भी आपको share कर दूँगी, सर, मैंने एक link देजा हुआ है, मैं call पर रहती हूँ, आप मुझे high drop पर नहीं दी,"
s3://label-studio-in/STT_Audio_Datasets/Cult_Source/2698077_2025_02_06_07_52_GMT_384_segment_034.mp3,जैसे मैंने आपको link को direct करा तो इसमें select start date आ रहा है
s3://label-studio-in/STT_Audio_Datasets/Cult_Source/2698077_2025_02_06_07_52_GMT_384_segment_035.mp3,"तो जो date में आप select करना चाहते हैं, जो date में आप start करना चाहते हैं, वो date select करके आपको process करना पड़ेगा रिस्टिक, ओके?"
s3://label-studio-in/STT_Audio_Datasets/Cult_Source/2698077_2025_02_06_07_52_GMT_384_segment_036.mp3,"आप वहां से भी direct purchase कर सकते हैं, कल से आप से भी direct purchase कर सकते हैं, सर."
s3://label-studio-in/STT_Audio_Datasets/Cult_Source/2698077_2025_02_06_07_52_GMT_384_segment_039.mp3,लिंक पर उससे लिंक ओपन होने से पहले आप WhatsApp में रिवर्ड बैक कीजिए सर
s3://label-studio-in/STT_Audio_Datasets/Cult_Source/2698077_2025_02_06_07_52_GMT_384_segment_040.mp3,"हाई यदि कुछ message शेयर कीजिए, मैं आपको डीटेल्स शेयर कर रही हूँ,"
s3://label-studio-in/STT_Audio_Datasets/Cult_Source/2698077_2025_02_06_07_52_GMT_384_segment_041.mp3,ये link जो मैंने भेजा हूँ वो activate आज के दिन के लिए रहेगा
s3://label-studio-in/STT_Audio_Datasets/Cult_Source/2698077_2025_02_06_07_52_GMT_384_segment_043.mp3,"वर्बली जो मैंने आपको बात किया था, मैंने आपको text में भी सारे details जो मैंने आपको बताया था, वो भी मैंने आपको return by return मैंने आपको भेज गया है।"
s3://label-studio-in/STT_Audio_Datasets/Cult_Source/2698077_2025_02_06_07_52_GMT_384_segment_044.mp3,आपको कोई भी confusion नहीं रहेगा additional 700 का discount में मैंने बेजाया
s3://label-studio-in/STT_Audio_Datasets/Cult_Source/2698077_2025_02_06_07_52_GMT_384_segment_047.mp3,सारे benefits मैंने आपको share कर दिया है अब go through कर दीजिए
s3://label-studio-in/STT_Audio_Datasets/Cult_Source/2698077_2025_02_06_07_52_GMT_384_segment_048.mp3,जो process करेंगे आपको calendar मिलेगा जो date select करने की वाले हैं जो आप कब से start करने वाले हैं जो तिक
s3://label-studio-in/STT_Audio_Datasets/Cult_Source/2414824_2025_01_26_09_55_GMT_384_segment_002.mp3,मेरे पास discount होता तो मैं आपको जरूर दूँगी जाओ लेकिन
s3://label-studio-in/STT_Audio_Datasets/Cult_Source/2381077_2024_11_24_08_22_GMT_384_segment_001.mp3,पर month that is healthier weight loss according to WHO's
s3://label-studio-in/STT_Audio_Datasets/Cult_Source/2736739_2025_02_15_08_24_GMT_384_segment_002.mp3,या you can do one thing you can just convert that into EMI manual like which credit card you have
s3://label-studio-in/STT_Audio_Datasets/Cult_Source/2736739_2025_02_15_08_24_GMT_384_segment_003.mp3,"या, for that reason, you are on the application, right?"
s3://label-studio-in/STT_Audio_Datasets/Cult_Source/2279423_2024_10_30_08_21_GMT_384_segment_002.mp3,और सिर आप मुझे बता सकते हैं हम कौन जो city के लिए purchase करने साथ है membership
s3://label-studio-in/STT_Audio_Datasets/Cult_Source/2279423_2024_10_30_08_21_GMT_384_segment_003.mp3,"अभी जो है वो 24 months का plan available है जिसने आपको great discount मिल रहा है आपको एक साल का plan भी almost आपको 17,000 के आजपस पड़ेगा"
s3://label-studio-in/STT_Audio_Datasets/Cult_Source/2279423_2024_10_30_08_21_GMT_384_segment_004.mp3,अगर आप 24 months का plan directly purchase कर रहे हैं
s3://label-studio-in/STT_Audio_Datasets/Cult_Source/2279423_2024_10_30_08_21_GMT_384_segment_006.mp3,कोई specific reason sir आप 12 months का लेने साते हैं?
s3://label-studio-in/STT_Audio_Datasets/Cult_Source/2279423_2024_10_30_08_21_GMT_384_segment_007.mp3,ठीक है कोई बात नहीं से मैं आपको 12 months का membership price details बता देती हूँ
s3://label-studio-in/STT_Audio_Datasets/Cult_Source/2279423_2024_10_30_08_21_GMT_384_segment_008.mp3,"Sir, अभी 12 months का price जो है डली NCR के लिए 22,590 रुपीश का है।"
s3://label-studio-in/STT_Audio_Datasets/Cult_Source/2279423_2024_10_30_08_21_GMT_384_segment_009.mp3,"because अभी जो price देख रहे हैं वो थोड़ा कम है, because previously अगर आप check करोगे तो price ज्यादा था, अभी दिवाली है बल्कि हमने prices थोड़ा कम किया है इसके लिए."
s3://label-studio-in/STT_Audio_Datasets/Cult_Source/2279423_2024_10_30_08_21_GMT_384_segment_010.mp3,"अगर आप pro membership ले रहे हैं तो आपको pro gyms में access रहेगा, सारे Delhi NCR में आपको जो भी pro gyms रहते हैं वहाँ पर जाने का access रहता है, but elite gyms के लिए भी जाने का,"
s3://label-studio-in/STT_Audio_Datasets/Cult_Source/2279423_2024_10_30_08_21_GMT_384_segment_011.mp3,मेरे पास जो नियव आए है वो LATG में प्रोजिन नहीं है
s3://label-studio-in/STT_Audio_Datasets/Cult_Source/2279423_2024_10_30_08_21_GMT_384_segment_012.mp3,"आपको बता देती हूँ प्राइस क्या रहेगा because आप 20,000 का price range भूल रहे हैं right तो मैं आपको बता देती हूँ क्या price रहेगा अभी जैसे कि मैंने बताया आपको total price जो है न 22,590 रुपीष का है"
s3://label-studio-in/STT_Audio_Datasets/Cult_Source/2279423_2024_10_30_08_21_GMT_384_segment_013.mp3,जिसमें आपको total extra 2 months का free extension मिल रहा है।
s3://label-studio-in/STT_Audio_Datasets/Cult_Source/2279423_2024_10_30_08_21_GMT_384_segment_016.mp3,"इसमें आपको 2 months का extension मिल रहा है, already 1000 rupees का discount अपलाई हुआ है, और चास में आपको 45 days का pause membership भी मिल रहा है, ठीक है?"
s3://label-studio-in/STT_Audio_Datasets/Cult_Source/2279423_2024_10_30_08_21_GMT_384_segment_018.mp3,"और अगर आप purchase करना चाहते हैं, तो मैं सिर्फ आपके लिए एक सोड़ा discount apply करूँगी।"
s3://label-studio-in/STT_Audio_Datasets/Cult_Source/2279423_2024_10_30_08_21_GMT_384_segment_020.mp3,तो total 14 months membership मिल रहा है इसमें आपको
s3://label-studio-in/STT_Audio_Datasets/Cult_Source/2279423_2024_10_30_08_21_GMT_384_segment_024.mp3,पुछेंगे right because मैं head office से call कर रही हूँ तो Bangalore city से
s3://label-studio-in/STT_Audio_Datasets/Cult_Source/2279423_2024_10_30_08_21_GMT_384_segment_025.mp3,"तो आज मोस्ट प्राइबली लास्ट रहेगा, I'm not sure कल प्राइज यहां रहेगा, ताकि यही प्राइज रहेगा, यह इतने ज्यादा रहेगा, I'm not sure."
s3://label-studio-in/STT_Audio_Datasets/Cult_Source/2279423_2024_10_30_08_21_GMT_384_segment_027.mp3,तो 12 months के लिए सर मुझे इतना ही discount अपलाई करने का आश्चित है। दडडू ये सारे customers के लिए नहीं है।
s3://label-studio-in/STT_Audio_Datasets/Cult_Source/2279423_2024_10_30_08_21_GMT_384_segment_028.mp3,"जो भी जैसे कि हम से कर पा रहे हैं, almost a potential है,"
s3://label-studio-in/STT_Audio_Datasets/Cult_Source/2279423_2024_10_30_08_21_GMT_384_segment_030.mp3,"तो भी आपको रही benefits मिलेंगे, लेकिन price थोड़ा ज्यादा रहेगा."
s3://label-studio-in/STT_Audio_Datasets/Cult_Source/2279423_2024_10_30_08_21_GMT_384_segment_032.mp3,और उसी page के रहिएगा आप यही number पर purchase करना चाहते है 80761
s3://label-studio-in/STT_Audio_Datasets/Cult_Source/2279423_2024_10_30_08_21_GMT_384_segment_033.mp3,"मैंने discount apply किया है और इसको 21,000 एक कोटी पे आया है"
s3://label-studio-in/STT_Audio_Datasets/Cult_Source/2279423_2024_10_30_08_21_GMT_384_segment_034.mp3,कोई ज्यादा देजा डिस्पोंट आपने I think टाइल हिस्ते का दिया था
s3://label-studio-in/STT_Audio_Datasets/Cult_Source/2279423_2024_10_30_08_21_GMT_384_segment_035.mp3,"Already आपको 1,500 के आजपार, 1,700 के आजपार मिला है, because already 1,000 correspond apply हुआ application पे."
s3://label-studio-in/STT_Audio_Datasets/Cult_Source/2279423_2024_10_30_08_21_GMT_384_segment_036.mp3,में को 24 months में क्या best offer होगा मेरे लिए
s3://label-studio-in/STT_Audio_Datasets/Cult_Source/2279423_2024_10_30_08_21_GMT_384_segment_037.mp3,"24 months का plan कहते रहता है 24 months का plan अभी अप्टेक्ट करोगे उधर आपको 34,990 रुपीज दिखाएगा"
s3://label-studio-in/STT_Audio_Datasets/Cult_Source/2279423_2024_10_30_08_21_GMT_384_segment_038.mp3,"जिसमें आपको 24 months का plan पड़ेगा 32,490 रुपीस के लिए"
s3://label-studio-in/STT_Audio_Datasets/Cult_Source/2279423_2024_10_30_08_21_GMT_384_segment_041.mp3,दल्ली NCR में ही अगर आप दूसरे सेंटर पर जाकर चेक करोगे तो प्राइस थोड़ा डिफर रहता है
s3://label-studio-in/STT_Audio_Datasets/Cult_Source/2279423_2024_10_30_08_21_GMT_384_segment_044.mp3,1000 या 2000 इतना भी difference आ रहा है ना
s3://label-studio-in/STT_Audio_Datasets/Cult_Source/2279423_2024_10_30_08_21_GMT_384_segment_045.mp3,दिन का कितना extension आएगा हम लोग आपके membership में add करेंगे अगर वो low हो रहा है
s3://label-studio-in/STT_Audio_Datasets/Cult_Source/2279423_2024_10_30_08_21_GMT_384_segment_047.mp3,"क्योंकि बाद में मेरे को same चीज में issue ना है, आए या यह वो सब चीज पर ले,"
s3://label-studio-in/STT_Audio_Datasets/Cult_Source/2279423_2024_10_30_08_21_GMT_384_segment_048.mp3,ठीक है और इसने मेरे को best price का पड़ेगा
s3://label-studio-in/STT_Audio_Datasets/Cult_Source/2279423_2024_10_30_08_21_GMT_384_segment_049.mp3,"इसमें दो महीने का extension 30 positives मिल रहे हैं इसमें,"
s3://label-studio-in/STT_Audio_Datasets/Cult_Source/2279423_2024_10_30_08_21_GMT_384_segment_051.mp3,नहीं से यहाँ पे तो अभी credit taxes नहीं दिया है न
s3://label-studio-in/STT_Audio_Datasets/Cult_Source/2279423_2024_10_30_08_21_GMT_384_segment_052.mp3,तो आपको वो credit access जो है ना दूसरे चेंटर को access करने के लिए use कर सकते हैं
s3://label-studio-in/STT_Audio_Datasets/Cult_Source/2279423_2024_10_30_08_21_GMT_384_segment_055.mp3,तो शायद ये maintenance चल रहा है तो November end तक तो ये बंद रहेगा सिर्फ
s3://label-studio-in/STT_Audio_Datasets/Cult_Source/2279423_2024_10_30_08_21_GMT_384_segment_056.mp3,आप अपना membership कभी भी activate कर सकते हैं example अभी 30 है थे न
s3://label-studio-in/STT_Audio_Datasets/Cult_Source/2279423_2024_10_30_08_21_GMT_384_segment_061.mp3,sorry यहाँ तक date नहीं हुआ था मैं चेक नहीं किया
s3://label-studio-in/STT_Audio_Datasets/Cult_Source/2279423_2024_10_30_08_21_GMT_384_segment_065.mp3,बता रहे हैं कि एक महीने तक यह यूज करेंगे वह होने के बाद उधर आप shift करके उधर continue करोगे
s3://label-studio-in/STT_Audio_Datasets/Cult_Source/2279423_2024_10_30_08_21_GMT_384_segment_067.mp3,2 months का extension 30 pauses मिलता है साथ में
s3://label-studio-in/STT_Audio_Datasets/Cult_Source/2279423_2024_10_30_08_21_GMT_384_segment_070.mp3,23 वाले में at the same price जो मेरा current आभी है
s3://label-studio-in/STT_Audio_Datasets/Cult_Source/2279423_2024_10_30_08_21_GMT_384_segment_071.mp3,सिंगल जिम की membership लोगा जो वन year की होगी 12 months वाली
s3://label-studio-in/STT_Audio_Datasets/Cult_Source/2279423_2024_10_30_08_21_GMT_384_segment_073.mp3,"तो मैं दूसरी दिन को access करने जाता हूँ, क्या वो possible है कि मैं एक माइन दूसरी दिन को access कर लूँ?"
s3://label-studio-in/STT_Audio_Datasets/Cult_Source/2279423_2024_10_30_08_21_GMT_384_segment_075.mp3,"ये particular एक center को कर सकते हैं, तो आप"
s3://label-studio-in/STT_Audio_Datasets/Cult_Source/2279423_2024_10_30_08_21_GMT_384_segment_077.mp3,मैं transfer कर सकता हूँ but आपने बोला कि उसमें access hard लगेगा
s3://label-studio-in/STT_Audio_Datasets/Cult_Source/2279423_2024_10_30_08_21_GMT_384_segment_078.mp3,अब जब जिस time में मैं transfer करूँगा उस time पे prayers में भी higher हो
s3://label-studio-in/STT_Audio_Datasets/Cult_Source/2279423_2024_10_30_08_21_GMT_384_segment_079.mp3,तो maybe ये price higher हो जाएगा तो फिर दिक्कत है मेरे लिए
s3://label-studio-in/STT_Audio_Datasets/Cult_Source/2279423_2024_10_30_08_21_GMT_384_segment_081.mp3,क्योंकि अभी price lower है बाद में वो higher होगा definitely देवाली के बाद
s3://label-studio-in/STT_Audio_Datasets/Cult_Source/2279423_2024_10_30_08_21_GMT_384_segment_082.mp3,ठीक है मैं एक बार आपको confirm करके बताता हूँ
s3://label-studio-in/STT_Audio_Datasets/Cult_Source/2279423_2024_10_30_08_21_GMT_384_segment_087.mp3,"और अब मुझे बता दीजिए, because अभी मैं आपकी प्रोफाइल से हटूँगी, तो यह offer जो मैं apply के, और डिस्कॉर्ट वान अप्लाई हो जाएगा."
s3://label-studio-in/STT_Audio_Datasets/Cult_Source/2279423_2024_10_30_08_21_GMT_384_segment_088.mp3,कि मैं आपको call कर लेती हूँ बार evening में
s3://label-studio-in/STT_Audio_Datasets/Cult_Source/2279423_2024_10_30_08_21_GMT_384_segment_089.mp3,because आज लास दे दिवाली सेल का I'm not sure कल क्या prices available रहेगा सिर्फ
s3://label-studio-in/STT_Audio_Datasets/Cult_Source/2279423_2024_10_30_08_21_GMT_384_segment_091.mp3,टीम नंबर पर मैं आपको call back कर सकता हूँ
s3://label-studio-in/STT_Audio_Datasets/Cult_Source/2279423_2024_10_30_08_21_GMT_384_segment_094.mp3,नंबर में WhatsApp text कर सकते हैं या फिर आप call back करना तो भी कर सकते हैं
s3://label-studio-in/STT_Audio_Datasets/Cult_Source/2444035_2025_01_25_13_59_GMT_384_segment_001.mp3,"anything, anything you can select it if you select कौरमंगल अब तो not an issue"
s3://label-studio-in/STT_Audio_Datasets/Cult_Source/2130615_2024_09_23_15_30_GMT_384_segment_001.mp3,"तो they'll understand all your location, your day, your travelling place,"
s3://label-studio-in/STT_Audio_Datasets/Cult_Source/2130615_2024_09_23_15_30_GMT_384_segment_010.mp3,और you have to pay this much monthly for a psychiatrist thing
s3://label-studio-in/STT_Audio_Datasets/Cult_Source/2680072_2025_02_03_06_55_GMT_384_segment_001.mp3,"अपने के इंक्वेरी की आता है, तो ना Transform Plus Program"
s3://label-studio-in/STT_Audio_Datasets/Cult_Source/2002767_2024_08_18_10_50_GMT_384_segment_001.mp3,So उनकी तरफ से वो कर लेंगे not to worry about that लेकिन
s3://label-studio-in/STT_Audio_Datasets/Cult_Source/2002767_2024_08_18_10_50_GMT_384_segment_002.mp3,और अभी जो चल रहा है वो pro membership के अंदर ही चल रहा है
s3://label-studio-in/STT_Audio_Datasets/Cult_Source/2002767_2024_08_18_10_50_GMT_384_segment_003.mp3,उन्होंने मुझे बता कि after fiction वो elite में shift होने वाले है
s3://label-studio-in/STT_Audio_Datasets/Cult_Source/2002767_2024_08_18_10_50_GMT_384_segment_004.mp3,मैं 14 को उनको कॉल किया था पर मैं तभी out of town था
s3://label-studio-in/STT_Audio_Datasets/Cult_Source/2002767_2024_08_18_10_50_GMT_384_segment_005.mp3,तो 14 को call किया तभी उन्होंने call receive नहीं किया मैं बोला busy रहेंगे 15 को तो बंदी था right
s3://label-studio-in/STT_Audio_Datasets/Cult_Source/2002767_2024_08_18_10_50_GMT_384_segment_006.mp3,तो मैं वापस जब 16 को गया न तभी उन्होंने बता कि आज ही के दिन से हम लोग इलाइज में shift हो गए
s3://label-studio-in/STT_Audio_Datasets/Cult_Source/2002767_2024_08_18_10_50_GMT_384_segment_007.mp3,तो वही concern था अगर मैं वहाँ से membership ले लूँ
s3://label-studio-in/STT_Audio_Datasets/Cult_Source/2002767_2024_08_18_10_50_GMT_384_segment_008.mp3,तो जो width pause है 45 days का plus 12 months का
s3://label-studio-in/STT_Audio_Datasets/Cult_Source/2002767_2024_08_18_10_50_GMT_384_segment_009.mp3,मैं आपको उसमें आपको जो pricing दिखा रहा है मुंबई का location का
s3://label-studio-in/STT_Audio_Datasets/Cult_Source/2002767_2024_08_18_10_50_GMT_384_segment_010.mp3,मेरी तरफ से एक्स्ट्रा 500 का डिस्काउंड दे सकता हूँ as a sweet gift या
s3://label-studio-in/STT_Audio_Datasets/Cult_Source/2002767_2024_08_18_10_50_GMT_384_segment_011.mp3,आपके सामने में application पर price change कर देता हूँ
s3://label-studio-in/STT_Audio_Datasets/Cult_Source/2002767_2024_08_18_10_50_GMT_384_segment_013.mp3,"उधर वो 12 months का आ गया मुझे वो 14,790"
s3://label-studio-in/STT_Audio_Datasets/Cult_Source/2002767_2024_08_18_10_50_GMT_384_segment_014.mp3,start date select करके देखिये price change हो गया होगा
s3://label-studio-in/STT_Audio_Datasets/Cult_Source/2002767_2024_08_18_10_50_GMT_384_segment_015.mp3,तो in case मैं copy रहता हूँ तो एक बार clip करके
s3://label-studio-in/STT_Audio_Datasets/Cult_Source/2002767_2024_08_18_10_50_GMT_384_segment_016.mp3,मैं आपको start date और end date आपका बता देता हूँ
s3://label-studio-in/STT_Audio_Datasets/Cult_Source/2002767_2024_08_18_10_50_GMT_384_segment_017.mp3,हाँ select कीजिए कोई issue नहीं 30 days तक का start date रहेगा
s3://label-studio-in/STT_Audio_Datasets/Cult_Source/2002767_2024_08_18_10_50_GMT_384_segment_018.mp3,जैसे ही होता है आप मुझे confirm कीजिए मैं extension के बारा भी confirm कर देता हूँ
s3://label-studio-in/STT_Audio_Datasets/Cult_Source/2002767_2024_08_18_10_50_GMT_384_segment_020.mp3,application पर मैंने भी इधर proof के लिए मैंने भी रखा हुआ है
s3://label-studio-in/STT_Audio_Datasets/Cult_Source/2002767_2024_08_18_10_50_GMT_384_segment_021.mp3,और आपने भी आपके application पर आपने देखा हुआ है
s3://label-studio-in/STT_Audio_Datasets/Cult_Source/2002767_2024_08_18_10_50_GMT_384_segment_022.mp3,In case कुछ जी concern raise होगा तो you can just reach us out.
s3://label-studio-in/STT_Audio_Datasets/Cult_Source/2002767_2024_08_18_10_50_GMT_384_segment_025.mp3,EMI और NCAT पर क्लिप करने के बाद आपको उसमें मतलब bank का option पूछेगा आपका bank select कीजिए
s3://label-studio-in/STT_Audio_Datasets/Cult_Source/2002767_2024_08_18_10_50_GMT_384_segment_026.mp3,आपने 12 months का प्रो खरीदा रहा है तब इस तरह से आपने start date चलक किया हुआ
s3://label-studio-in/STT_Audio_Datasets/Cult_Source/2002767_2024_08_18_10_50_GMT_384_segment_027.mp3,"हाँ, अभी आप एक बार home page पर आके profile पर जाके check कीजिये।"
s3://label-studio-in/STT_Audio_Datasets/Cult_Source/2002767_2024_08_18_10_50_GMT_384_segment_028.mp3,मुझे अभी date of birth select करने को आ रहा है
s3://label-studio-in/STT_Audio_Datasets/Cult_Source/2002767_2024_08_18_10_50_GMT_384_segment_031.mp3,वो 45 days का जो पॉज है वो 19 अक्टौबर दक पे जो उसमें include है कि वो
s3://label-studio-in/STT_Audio_Datasets/Cult_Source/2641375_2025_01_26_06_04_GMT_384_segment_001.mp3,इसमें क्या होता है ma'am कि जैसे ही आपको कोई refer करता है
s3://label-studio-in/STT_Audio_Datasets/Cult_Source/2641375_2025_01_26_06_04_GMT_384_segment_003.mp3,application या फिर आपके number के जवाब जैसी number आप
s3://label-studio-in/STT_Audio_Datasets/Cult_Source/2641375_2025_01_26_06_04_GMT_384_segment_004.mp3,refer करते हो तो उस number पे आप जब login करते हो
s3://label-studio-in/STT_Audio_Datasets/Cult_Source/2641375_2025_01_26_06_04_GMT_384_segment_005.mp3,automatically back-end save वो already ₹500 या फिर ₹750 जो भी आपका referral bonus है
s3://label-studio-in/STT_Audio_Datasets/Cult_Source/2641375_2025_01_26_06_04_GMT_384_segment_006.mp3,वो आटमेटिकली प्राइस में कम हो जाता है और वो आपके application पे reflect करता है
s3://label-studio-in/STT_Audio_Datasets/Cult_Source/2641375_2025_01_26_06_04_GMT_384_segment_007.mp3,इसमें तो one month का additional आता है कि one month extra मिलेगा आपको
s3://label-studio-in/STT_Audio_Datasets/Cult_Source/2641375_2025_01_26_06_04_GMT_384_segment_009.mp3,4 month का तो यह 26 January वाला जो चल रहा है उसमें already हमें 4 month का मिल रहा था
s3://label-studio-in/STT_Audio_Datasets/Cult_Source/2641375_2025_01_26_06_04_GMT_384_segment_010.mp3,पूर्मत का मिल रहा है लेकिन हम यहां से backends activate करना पड़ता है
s3://label-studio-in/STT_Audio_Datasets/Cult_Source/2641375_2025_01_26_06_04_GMT_384_segment_011.mp3,"तो not only for 3 months आपका validity रहेगा, May तक रहेगा आपका validity."
s3://label-studio-in/STT_Audio_Datasets/Cult_Source/2641375_2025_01_26_06_04_GMT_384_segment_015.mp3,referral का एक महिना इसलिए नहीं मिलना क्योंकि already the prices have been dropped down.
s3://label-studio-in/STT_Audio_Datasets/Cult_Source/2641375_2025_01_26_06_04_GMT_384_segment_016.mp3,अब ये referral का कब मिलता है जब prices are
s3://label-studio-in/STT_Audio_Datasets/Cult_Source/2641375_2025_01_26_06_04_GMT_384_segment_019.mp3,जब आप refer करते हो तब in that case आपको referral bonus मिलता है apart from the discount
s3://label-studio-in/STT_Audio_Datasets/Cult_Source/2641375_2025_01_26_06_04_GMT_384_segment_020.mp3,"तो जैसे मुझे मेरी दोस्त में refer किया था तो उसको भी कुछ नहीं मिलेगा, उसका भी जस्ती यही रहेगा कि 3 plus 1 and उसको वो 500 का discount."
s3://label-studio-in/STT_Audio_Datasets/Cult_Source/2641375_2025_01_26_06_04_GMT_384_segment_023.mp3,वो क्या कहते हैं तो आपके friend को वो additional discount मिल चुका है 500 का referral का जो भी था
s3://label-studio-in/STT_Audio_Datasets/Cult_Source/2641375_2025_01_26_06_04_GMT_384_segment_024.mp3,"यह मिलता है, apart from the offers, ऐसा होता है,"
s3://label-studio-in/STT_Audio_Datasets/Cult_Source/2641375_2025_01_26_06_04_GMT_384_segment_025.mp3,"मतलब अगर मैं किसी को refer कर रही हूँ, मेरे को कुछ नहीं मिलेगा, एक just की सामने वाले को मिलेगा, right?"
s3://label-studio-in/STT_Audio_Datasets/Cult_Source/2641375_2025_01_26_06_04_GMT_384_segment_026.mp3,in case offers नहीं चल रहे हैं तो आपका extension मिल जाएगा
s3://label-studio-in/STT_Audio_Datasets/Cult_Source/2631713_2025_01_23_11_41_GMT_384_segment_001.mp3,आप नहीं देशे के online देख रहे हैं या offline प्रोग्राम
s3://label-studio-in/STT_Audio_Datasets/Cult_Source/2631713_2025_01_23_11_41_GMT_384_segment_002.mp3,ये भी कल जिन्स हैं सारे जिन्स का access होने का
s3://label-studio-in/STT_Audio_Datasets/Cult_Source/2631713_2025_01_23_11_41_GMT_384_segment_003.mp3,classes का access भी मिलेगा group classes यानि जैसे के
s3://label-studio-in/STT_Audio_Datasets/Cult_Source/2631713_2025_01_23_11_41_GMT_384_segment_004.mp3,"2 months plus 2 months का extension मिलेगा, totally आपको 14 months का program रहेगा,"
s3://label-studio-in/STT_Audio_Datasets/Cult_Source/2631713_2025_01_23_11_41_GMT_384_segment_005.mp3,"मैं आपको अपनी ओर से मेरा employee coupon apply करके,"
s3://label-studio-in/STT_Audio_Datasets/Cult_Source/2631713_2025_01_23_11_41_GMT_384_segment_006.mp3,दोनों को आपको छटी नहीं होएगा ma'am मैं बताऊंगा exactly
s3://label-studio-in/STT_Audio_Datasets/Cult_Source/2631713_2025_01_23_11_41_GMT_384_segment_010.mp3,"अगर आप 1 year का लेंगे तो आपको रह जाएगा 14,900."
s3://label-studio-in/STT_Audio_Datasets/Cult_Source/2631713_2025_01_23_11_41_GMT_384_segment_014.mp3,May the 6th months को भी आपको discount अपले करके दोगा।
s3://label-studio-in/STT_Audio_Datasets/Cult_Source/2631713_2025_01_23_11_41_GMT_384_segment_015.mp3,तो आपको 14 months का ही मिलेगा membership आप बताइए आप कुछ जानना चाहते हैं उसकी regarding की help करूँगा
s3://label-studio-in/STT_Audio_Datasets/Cult_Source/2631713_2025_01_23_11_41_GMT_384_segment_016.mp3,"कि आपको online प्रोग्राम हैगा ma'am, virtual based प्रोग्राम, weight loss, fat loss प्रोग्राम है,"
s3://label-studio-in/STT_Audio_Datasets/Cult_Source/2631713_2025_01_23_11_41_GMT_384_segment_019.mp3,"वहाँ पे ऐसा, वह तो कौन से option में आप पे?"
s3://label-studio-in/STT_Audio_Datasets/Cult_Source/2631713_2025_01_23_11_41_GMT_384_segment_025.mp3,काम करिए ma'am आपके according भी आपके fitness goal के regarding
s3://label-studio-in/STT_Audio_Datasets/Cult_Source/2631713_2025_01_23_11_41_GMT_384_segment_038.mp3,वो instead of 6 months आप 1 साल का ले लीजिए प्राइस आपको कम मिलेगा और membership भी ज़्यादा रहेगा
s3://label-studio-in/STT_Audio_Datasets/Cult_Source/2631713_2025_01_23_11_41_GMT_384_segment_040.mp3,नहीं मैम यह final pledge रहेगा इसके अलावा इसके नीचे कम नहीं होएगा मैम यह मेरी आउर्थ नहीं है
s3://label-studio-in/STT_Audio_Datasets/Cult_Source/2631713_2025_01_23_11_41_GMT_384_segment_042.mp3,"1 year का 12,000 नहीं है ma'am, 1 year का 14,900 रुपीज"
s3://label-studio-in/STT_Audio_Datasets/Cult_Source/2631713_2025_01_23_11_41_GMT_384_segment_043.mp3,"1 year का 14,000 बोल रहे और 6 months का 11,000 बोल रहे ना सब"
s3://label-studio-in/STT_Audio_Datasets/Cult_Source/2631713_2025_01_23_11_41_GMT_384_segment_046.mp3,और 3000 ऐसा लगा है तो one year का आदा था
s3://label-studio-in/STT_Audio_Datasets/Cult_Source/2631713_2025_01_23_11_41_GMT_384_segment_047.mp3,"ये मेरी और से pricing नहीं किया जाता है, ठीक है?"
s3://label-studio-in/STT_Audio_Datasets/Cult_Source/2631713_2025_01_23_11_41_GMT_384_segment_051.mp3,application पे उस पे मैं मेरा employee को open करके ये price दिया हूँ
s3://label-studio-in/STT_Audio_Datasets/Cult_Source/2631713_2025_01_23_11_41_GMT_384_segment_055.mp3,cost ये बहुत कम है ma'am दुसरे time पर यही plan जो है आपको
s3://label-studio-in/STT_Audio_Datasets/Cult_Source/2631713_2025_01_23_11_41_GMT_384_segment_056.mp3,personal training भी है ma'am personal training का लिएंगे आप
s3://label-studio-in/STT_Audio_Datasets/Cult_Source/2631713_2025_01_23_11_41_GMT_384_segment_059.mp3,जो बताया ना प्राइस वो ही है MM Final इसके नीचे नहीं होएगा
s3://label-studio-in/STT_Audio_Datasets/Cult_Source/2643222_2025_01_26_08_47_GMT_384_segment_001.mp3,हाँ पूने location के लिए कुछ offers वगर नहीं है आपके अच्छे मतलब मैंने previously जो purchase किया था
s3://label-studio-in/STT_Audio_Datasets/Cult_Source/2643222_2025_01_26_08_47_GMT_384_segment_002.mp3,comparison में तो काफी जादा prices है आपके इस बार
s3://label-studio-in/STT_Audio_Datasets/Cult_Source/2643222_2025_01_26_08_47_GMT_384_segment_003.mp3,देखो मैंने तो 2 plus 2 का लिया है अभी मुझे याद नहीं exactly बट मुझे कुछ around
s3://label-studio-in/STT_Audio_Datasets/Cult_Source/2643222_2025_01_26_08_47_GMT_384_segment_005.mp3,ज्यादा पड़ रहा है न मैंने calculate किया तो मुझे 1000
s3://label-studio-in/STT_Audio_Datasets/Cult_Source/2643222_2025_01_26_08_47_GMT_384_segment_008.mp3,"तो कितना पड़ेगा मैं देखो 14 months के लिए 14,400"
s3://label-studio-in/STT_Audio_Datasets/Cult_Source/2643222_2025_01_26_08_47_GMT_384_segment_009.mp3,कुछ उसमें और accommodate कीजे न जैसे मैंने बोला न आपको कि मेरे को जो
s3://label-studio-in/STT_Audio_Datasets/Cult_Source/2643222_2025_01_26_08_47_GMT_384_segment_011.mp3,तो उसमें like almost between 600 to 700 मुझे per month गिरा था जो आपका ऐसा
s3://label-studio-in/STT_Audio_Datasets/Cult_Source/2643222_2025_01_26_08_47_GMT_384_segment_012.mp3,"नहीं, actually मेरे दो number registered है कल से और दोनों से मैंने membership लिया हुआ है"
s3://label-studio-in/STT_Audio_Datasets/Cult_Source/2643222_2025_01_26_08_47_GMT_384_segment_013.mp3,आपका अभी आप कौन से नंबर पे call कर रहे हो में कोई 954527 पे call कर रहे हो क्या ?
s3://label-studio-in/STT_Audio_Datasets/Cult_Source/2643222_2025_01_26_08_47_GMT_384_segment_015.mp3,शायद मैंने कौन से इसके लिया था मुझे याद नहीं है बट मैंने दो नंबर से कोई एक नंबर से मैंने subscription लिया था
s3://label-studio-in/STT_Audio_Datasets/Cult_Source/2643222_2025_01_26_08_47_GMT_384_segment_022.mp3,जो offer पे depend रहे हैं right अभी मैं एक दो दिन में देखी रहता हूँ अगर आज आप बोल रहे हो
s3://label-studio-in/STT_Audio_Datasets/Cult_Source/2643222_2025_01_26_08_47_GMT_384_segment_024.mp3,तो maybe अगर आप मेरे को ऐसा offer मिलता है जैसे मैंने आपको बोला
s3://label-studio-in/STT_Audio_Datasets/Cult_Source/2643222_2025_01_26_08_47_GMT_384_segment_026.mp3,obviously हमेशा 15.516 के ऊपर ही रहता है sir इसलिए
s3://label-studio-in/STT_Audio_Datasets/Cult_Source/2643222_2025_01_26_08_47_GMT_384_segment_027.mp3,"जैन वजह पर्स को भी आपको जो भी actual price है भी cost है application पे ना like 15,200 जो भी है"
s3://label-studio-in/STT_Audio_Datasets/Cult_Source/2643222_2025_01_26_08_47_GMT_384_segment_030.mp3,मैं actually मैं कल देख रहा था तो मेरा जो 7847 वाला जो number है ना
s3://label-studio-in/STT_Audio_Datasets/Cult_Source/2643222_2025_01_26_08_47_GMT_384_segment_032.mp3,तब आओ find the statement page पे जाओगे ना सब बाओ
s3://label-studio-in/STT_Audio_Datasets/Cult_Source/2643222_2025_01_26_08_47_GMT_384_segment_034.mp3,वो तो मेरा payment gateway का offer हो गया ना
s3://label-studio-in/STT_Audio_Datasets/Cult_Source/2643222_2025_01_26_08_47_GMT_384_segment_035.mp3,"तो अभी वह 14,400 है तो वह उसको कैसे avail करना है"
s3://label-studio-in/STT_Audio_Datasets/Cult_Source/2643222_2025_01_26_08_47_GMT_384_segment_036.mp3,मेरा 7847 वाला और जो number मैंने आपको अभी बताया वो दोनों में offer 3 नहीं दिखा रहा है ये अलग-अलग है
s3://label-studio-in/STT_Audio_Datasets/Cult_Source/2643222_2025_01_26_08_47_GMT_384_segment_037.mp3,जो alternate number दिया उसते भी same ही है सच अतब
s3://label-studio-in/STT_Audio_Datasets/Cult_Source/2643222_2025_01_26_08_47_GMT_384_segment_039.mp3,200 रुपए का कोई difference आ रहा था वहाँ पे
s3://label-studio-in/STT_Audio_Datasets/Cult_Source/2643222_2025_01_26_08_47_GMT_384_segment_041.mp3,मैंने activate कर जिया है आप जिस भी number से करें रजमी में तो
s3://label-studio-in/STT_Audio_Datasets/Cult_Source/2643222_2025_01_26_08_47_GMT_384_segment_042.mp3,दोनों नंबर पर वे अक्टिवेट करें और आप directly application पर कर सकते हैं कोई बात नहीं
s3://label-studio-in/STT_Audio_Datasets/Cult_Source/2643222_2025_01_26_08_47_GMT_384_segment_043.mp3,तो previous price नहीं दिखाएगा न न new price दिखाएगा मेरे को
s3://label-studio-in/STT_Audio_Datasets/Cult_Source/2643222_2025_01_26_08_47_GMT_384_segment_044.mp3,लेकिन वो 1400 आपको best take है वो एक बार बता दो क्योंकि then you know
s3://label-studio-in/STT_Audio_Datasets/Cult_Source/2643222_2025_01_26_08_47_GMT_384_segment_045.mp3,और मैं और एक बोरा था ये referral का क्या होता है
s3://label-studio-in/STT_Audio_Datasets/Cult_Source/2643222_2025_01_26_08_47_GMT_384_segment_048.mp3,तो उसमें मेरे को कुछ discount मिल सकता है क्या?
s3://label-studio-in/STT_Audio_Datasets/Cult_Source/2643222_2025_01_26_08_47_GMT_384_segment_054.mp3,"कोई trial नहीं होना चाहिए, कोई complimentary नहीं, कोई पुराना membership नहीं, कुछ नहीं होना चाहिए."
s3://label-studio-in/STT_Audio_Datasets/Cult_Source/2643222_2025_01_26_08_47_GMT_384_segment_055.mp3,नया लिया है membership तो उसमें क्या benefit मिलता है?
s3://label-studio-in/STT_Audio_Datasets/Cult_Source/2643222_2025_01_26_08_47_GMT_384_segment_057.mp3,"trial भी नहीं लिया मैंने, और पहले मेरा membership भी नहीं था, मैं पूरे"
s3://label-studio-in/STT_Audio_Datasets/Cult_Source/2643222_2025_01_26_08_47_GMT_384_segment_058.mp3,अगर आप मुझे refer करें तो मुझे 500 या फिर 750 का discount मिलेगा
s3://label-studio-in/STT_Audio_Datasets/Cult_Source/2643222_2025_01_26_08_47_GMT_384_segment_060.mp3,जब मैं आपको refer करें तो आपको 500 का discount मिलेगा और मुझे 1 महिने का extension मिलेगा.
s3://label-studio-in/STT_Audio_Datasets/Cult_Source/2643222_2025_01_26_08_47_GMT_384_segment_062.mp3,मतलब आपके जो अभी number दिया उनको purchase करना है क्या?
s3://label-studio-in/STT_Audio_Datasets/Cult_Source/2643222_2025_01_26_08_47_GMT_384_segment_064.mp3,"कब तक purchase करेंगे, तो मैं offer को freeze कर सकती हूँ, sir, उसने time तक."
s3://label-studio-in/STT_Audio_Datasets/Cult_Source/2710720_2025_02_09_09_40_GMT_384_segment_002.mp3,nutrition का basically कोई guidance नहीं दिया जाएगा first of all
s3://label-studio-in/STT_Audio_Datasets/Cult_Source/2710720_2025_02_09_09_40_GMT_384_segment_004.mp3,export को पूछोगे trainer को पूछोगे कि क्या diet करता है they will obviously push you for the supplements
s3://label-studio-in/STT_Audio_Datasets/Cult_Source/2710720_2025_02_09_09_40_GMT_384_segment_005.mp3,"ठीक है, अब supplements का यह होता है कि हमें नहीं पता कि वो"
s3://label-studio-in/STT_Audio_Datasets/Cult_Source/2710720_2025_02_09_09_40_GMT_384_segment_006.mp3,यहाँ कोई one on one वो नहीं है सर मतलब जो trainer है
s3://label-studio-in/STT_Audio_Datasets/Cult_Source/2710720_2025_02_09_09_40_GMT_384_segment_007.mp3,मेरे को लगता है कि she is really concerned about me dropping weight and all
s3://label-studio-in/STT_Audio_Datasets/Cult_Source/2710720_2025_02_09_09_40_GMT_384_segment_009.mp3,अगर मैं boot camp को छोड़कर transform भी ले लेता हूँ न
s3://label-studio-in/STT_Audio_Datasets/Cult_Source/2710720_2025_02_09_09_40_GMT_384_segment_010.mp3,मेरे को service मिल रही है क्योंकि अगर nutritionist बोल रहे हो तो transformation मेरे को वही मिलता है
s3://label-studio-in/STT_Audio_Datasets/Cult_Source/2710720_2025_02_09_09_40_GMT_384_segment_020.mp3,"तो इन जिस 3 months आपको पड़ेगा डबल 4, डबल 9 rupees for 3 months"
s3://label-studio-in/STT_Audio_Datasets/Cult_Source/2710720_2025_02_09_09_40_GMT_384_segment_024.mp3,online consultations ले सकते हैं company nutrition expert के साथ
s3://label-studio-in/STT_Audio_Datasets/Cult_Source/2710720_2025_02_09_09_40_GMT_384_segment_027.mp3,वो आप इनको inform कर दो उसके basis में वो आपको deadline बना के दे देंगे
s3://label-studio-in/STT_Audio_Datasets/Cult_Source/2710720_2025_02_09_09_40_GMT_384_segment_028.mp3,को concern होना चाहिए कि सर मेरा weight कम नहीं हो रहा है
s3://label-studio-in/STT_Audio_Datasets/Cult_Source/2710720_2025_02_09_09_40_GMT_384_segment_030.mp3,मैं ये बोलना चाहिए कि सर मेरे लिए तो right है मतलब दिखो सर मेरे को तो weight जल्दी lose करना है
s3://label-studio-in/STT_Audio_Datasets/Cult_Source/2710720_2025_02_09_09_40_GMT_384_segment_031.mp3,I wouldn't give you that 100% assurance कि हां सर कि ये थे और आपको personally boot camp में आके
s3://label-studio-in/STT_Audio_Datasets/Cult_Source/2710720_2025_02_09_09_40_GMT_384_segment_033.mp3,"आपने बोला कि बाई मेरे को X amount of protein लेना है,"
s3://label-studio-in/STT_Audio_Datasets/Cult_Source/2710720_2025_02_09_09_40_GMT_384_segment_037.mp3,कि मैं ये नहीं कर पा रहा तो आपने एक alternative दी है ठीक है same चीज आप achieve करो
s3://label-studio-in/STT_Audio_Datasets/Cult_Source/2710720_2025_02_09_09_40_GMT_384_segment_038.mp3,अगर training में भी मान लो अगर मैं पहले दिन गया
s3://label-studio-in/STT_Audio_Datasets/Cult_Source/2710720_2025_02_09_09_40_GMT_384_segment_039.mp3,जा रखते से already क्योंकि मतलब वही सही बात है आप
s3://label-studio-in/STT_Audio_Datasets/Cult_Source/2710720_2025_02_09_09_40_GMT_384_segment_041.mp3,existing class में add करते हो जहाँ जैसे slot होता है
s3://label-studio-in/STT_Audio_Datasets/Cult_Source/2710720_2025_02_09_09_40_GMT_384_segment_043.mp3,तीन दिन से कौन नहीं आया अगर मैंने को तीन दिन वाला ही treatment हो रहा है
s3://label-studio-in/STT_Audio_Datasets/Cult_Source/2710720_2025_02_09_09_40_GMT_384_segment_045.mp3,करा रहे हो कि भाई ठीक है 4 अक्ते के बाद आपको इतना minimum तो करी लेना चाहिए
s3://label-studio-in/STT_Audio_Datasets/Cult_Source/2710720_2025_02_09_09_40_GMT_384_segment_047.mp3,expectation आप मेरे को करते नहीं मैं भी ऐसा ही कर दूँ जैसा वो कर रहा है
s3://label-studio-in/STT_Audio_Datasets/Cult_Source/2710720_2025_02_09_09_40_GMT_384_segment_049.mp3,मेरे लिए तो demoralizing है न यार कहाँ आ गया गलत आ गया circle
s3://label-studio-in/STT_Audio_Datasets/Cult_Source/2710720_2025_02_09_09_40_GMT_384_segment_050.mp3,"इसमें अगर आपसे नहीं हो रहा है, तो in that case, ये expert जो है,"
s3://label-studio-in/STT_Audio_Datasets/Cult_Source/2710720_2025_02_09_09_40_GMT_384_segment_051.mp3,उनके पास आके इसका secondary option क्या है वो बता देंगे
s3://label-studio-in/STT_Audio_Datasets/Cult_Source/2710720_2025_02_09_09_40_GMT_384_segment_053.mp3,to do each and every kind of workout हर किसी की body language अलग है
s3://label-studio-in/STT_Audio_Datasets/Cult_Source/2710720_2025_02_09_09_40_GMT_384_segment_055.mp3,तो नीज में मैं वो नहीं maintain कर पाता हूँ ठीक है आप मेरे को वो बोलो लंजेस बोलो ये सब बोलो
s3://label-studio-in/STT_Audio_Datasets/Cult_Source/2710720_2025_02_09_09_40_GMT_384_segment_058.mp3,एवरी वर्काउट जो होता है उसका एक scale down version भी होता है
s3://label-studio-in/STT_Audio_Datasets/Cult_Source/2710720_2025_02_09_09_40_GMT_384_segment_061.mp3,"secondary option क्या है, इसका scale down version क्या है,"
s3://label-studio-in/STT_Audio_Datasets/Cult_Source/2710720_2025_02_09_09_40_GMT_384_segment_062.mp3,any kind of workout उसका scale down version experts आपको बताएंगे
s3://label-studio-in/STT_Audio_Datasets/Cult_Source/2401097_2024_11_29_07_24_GMT_384_segment_005.mp3,"तो वो basically आपने 12,000 change कुछ pay किया था"
s3://label-studio-in/STT_Audio_Datasets/Cult_Source/2401097_2024_11_29_07_24_GMT_384_segment_006.mp3,लेकिन अभी आपको actual cost अगर आप देख सकते हैं तो
s3://label-studio-in/STT_Audio_Datasets/Cult_Source/2401097_2024_11_29_07_24_GMT_384_segment_007.mp3,"आपको अभी हमारा नया वाला प्लान लॉन्च है, which is called as Pro Plus."
s3://label-studio-in/STT_Audio_Datasets/Cult_Source/2401097_2024_11_29_07_24_GMT_384_segment_015.mp3,"तो आप कहीं तो भी four sessions आप access कर सकते हैं,"
s3://label-studio-in/STT_Audio_Datasets/Cult_Source/2401097_2024_11_29_07_24_GMT_384_segment_016.mp3,और उसके साथ आपको मतलब हो जैसे कि 60 days का process हो गया तो
s3://label-studio-in/STT_Audio_Datasets/Cult_Source/2401097_2024_11_29_07_24_GMT_384_segment_019.mp3,और basically अगर आप member to member transfer अगर आप देखेंगे
s3://label-studio-in/STT_Audio_Datasets/Cult_Source/2401097_2024_11_29_07_24_GMT_384_segment_028.mp3,support team को drop कर दीजिए कि I just want to transfer my membership
s3://label-studio-in/STT_Audio_Datasets/Cult_Source/2401097_2024_11_29_07_24_GMT_384_segment_029.mp3,तो उस समय क्या होगा ये आकर आपको within 90
s3://label-studio-in/STT_Audio_Datasets/Cult_Source/2401097_2024_11_29_07_24_GMT_384_segment_030.mp3,तो उस समय क्या होगा आपकी membership जो भी आपके मतलब भाई या दोस्तों को जिसको भी transfer करना आना चाहते है
s3://label-studio-in/STT_Audio_Datasets/Cult_Source/2401097_2024_11_29_07_24_GMT_384_segment_031.mp3,उनको आप transfer कर सकते हैं without any extra cost
s3://label-studio-in/STT_Audio_Datasets/Cult_Source/2401097_2024_11_29_07_24_GMT_384_segment_033.mp3,previously आपको transfer option था लेकिन on an exceptional basis
s3://label-studio-in/STT_Audio_Datasets/Cult_Source/2401097_2024_11_29_07_24_GMT_384_segment_038.mp3,"हाँ, वो ही मतलब, normal pro वाला चाहिए, plus नहीं चाहिए, आप बता रहते, right?"
s3://label-studio-in/STT_Audio_Datasets/Cult_Source/2401097_2024_11_29_07_24_GMT_384_segment_045.mp3,आपका location आपका क्या शत्य है बाहर दली शत्य है right
s3://label-studio-in/STT_Audio_Datasets/Cult_Source/2401097_2024_11_29_07_24_GMT_384_segment_047.mp3,तो अभी मैं price change कर रहा हूँ आपको start date select करके next place पे जाके देखिये
s3://label-studio-in/STT_Audio_Datasets/Cult_Source/2401097_2024_11_29_07_24_GMT_384_segment_050.mp3,तो उसके basis पर हम नए center भी launch कर सकते हैं
s3://label-studio-in/STT_Audio_Datasets/Cult_Source/2401097_2024_11_29_07_24_GMT_384_segment_051.mp3,तो you need not to worry आप select कर सकते है preferred center
s3://label-studio-in/STT_Audio_Datasets/Cult_Source/2401097_2024_11_29_07_24_GMT_384_segment_055.mp3,It is the same thing इसमें भी आपको वो ही दिखा रहा है.
s3://label-studio-in/STT_Audio_Datasets/Cult_Source/2401097_2024_11_29_07_24_GMT_384_segment_058.mp3,वो क्या होगा अभी जो amount आपको दिखा रहा है न
s3://label-studio-in/STT_Audio_Datasets/Cult_Source/2401097_2024_11_29_07_24_GMT_384_segment_059.mp3,अभी जो amount आपको लिखा रहा है वो आपके card में blocked हो जाएगा
s3://label-studio-in/STT_Audio_Datasets/Cult_Source/2401097_2024_11_29_07_24_GMT_384_segment_061.mp3,वापस तो जो amount debit हुआ है वो वापस आपके card में आ जाएगा
s3://label-studio-in/STT_Audio_Datasets/Cult_Source/2401097_2024_11_29_07_24_GMT_384_segment_062.mp3,और हर महीना आपको सिर्फ जो EMI है वो EMI पे करनी पड़ी गए।
s3://label-studio-in/STT_Audio_Datasets/Cult_Source/2401097_2024_11_29_07_24_GMT_384_segment_068.mp3,"कल person तक नहीं, अगर आप कल person तक रुकेंगे"
s3://label-studio-in/STT_Audio_Datasets/Cult_Source/2401097_2024_11_29_07_24_GMT_384_segment_074.mp3,अगर वो लेंगे तो आपको unlimited access throughout India मिलेगा
s3://label-studio-in/STT_Audio_Datasets/Cult_Source/2401097_2024_11_29_07_24_GMT_384_segment_076.mp3,45 नहीं 60 days रहेंगे 2 मेने का extreme 2 मेने का pause days रहेगा
s3://label-studio-in/STT_Audio_Datasets/Cult_Source/2401097_2024_11_29_07_24_GMT_384_segment_080.mp3,अब कहीं तो भी access कर सकते हैं all around India
s3://label-studio-in/STT_Audio_Datasets/Cult_Source/2401097_2024_11_29_07_24_GMT_384_segment_081.mp3,वो आकर वो भी new वाला membership है जैसे कि plus launch वा है right
s3://label-studio-in/STT_Audio_Datasets/Cult_Source/2401097_2024_11_29_07_24_GMT_384_segment_082.mp3,वैसे यही यह भी All India Pack भी recently launch वहाँ है
s3://label-studio-in/STT_Audio_Datasets/Cult_Source/2401097_2024_11_29_07_24_GMT_384_segment_084.mp3,आप एक बार वापस से home page पर आके elite पर select कीजिए
s3://label-studio-in/STT_Audio_Datasets/Cult_Source/2401097_2024_11_29_07_24_GMT_384_segment_085.mp3,"elite पर select किया, elite पर आकर आपको 12 months, 6 months करके रहेगा, last"
s3://label-studio-in/STT_Audio_Datasets/Cult_Source/2401097_2024_11_29_07_24_GMT_384_segment_087.mp3,हाँ उस पर क्लिक कीजिए आपको pricing दिखा रहा होगा 25139 actual cost था 26
s3://label-studio-in/STT_Audio_Datasets/Cult_Source/2401097_2024_11_29_07_24_GMT_384_segment_091.mp3,"option पे जाइए, pay now पे जाके, EMI and cards पे जाके, आप same option select कर सकते हैं,"
s3://label-studio-in/STT_Audio_Datasets/Cult_Source/2401097_2024_11_29_07_24_GMT_384_segment_093.mp3,क्यों मतलब basically मुझे सिर्फ दो काट के बारे में पता है
s3://label-studio-in/STT_Audio_Datasets/Cult_Source/2401097_2024_11_29_07_24_GMT_384_segment_095.mp3,तो बेसिकली ये अलग तरह का अलग offer रहेगा लेकिन जो card में आपको उतने offer रहते थे
s3://label-studio-in/STT_Audio_Datasets/Cult_Source/2530863_2024_12_31_04_08_GMT_384_segment_003.mp3,"आपसे answer तो मैं बाद मिलूँगा, आपसे answer में कुछ चाहिए नहीं मिलको, तो आपकी team court में आके answer देगे इन सब चीजों का."
s3://label-studio-in/STT_Audio_Datasets/Cult_Source/2530863_2024_12_31_04_08_GMT_384_segment_007.mp3,"मैं message कर रहा हूँ, मैं chase कर रहा हूँ कि आपने citation change कर आपने बात करी है।"
s3://label-studio-in/STT_Audio_Datasets/Cult_Source/2530863_2024_12_31_04_08_GMT_384_segment_010.mp3,उनकी shift अगर 9 to 6 है तो मैंने 5 pm पे message किया वो
s3://label-studio-in/STT_Audio_Datasets/Cult_Source/2530863_2024_12_31_04_08_GMT_384_segment_012.mp3,"मेम, conference call पर लो न, understood से क्या होगा आपके?"
s3://label-studio-in/STT_Audio_Datasets/Cult_Source/2530863_2024_12_31_04_08_GMT_384_segment_013.mp3,"48 मिनट में reply करो, आज court खुला है, नहीं तो मैं तो court जा रहा हूँ, मैं तो इतना frustrated मुझे थे."
s3://label-studio-in/STT_Audio_Datasets/Cult_Source/2530863_2024_12_31_04_08_GMT_384_segment_015.mp3,मेरे अपने clients को भी handle गर नहीं होता है
s3://label-studio-in/STT_Audio_Datasets/Cult_Source/2530863_2024_12_31_04_08_GMT_384_segment_021.mp3,"मैं wrong हूँ, तो मैं आपको justifications दूँगा, आपको सारी, मेरे बारे पर chat भी है,"
s3://label-studio-in/STT_Audio_Datasets/Cult_Source/2530863_2024_12_31_04_08_GMT_384_segment_023.mp3,if she knows कि मैंने उनको बोल रखा है coach के लिए 5 दिन से
s3://label-studio-in/STT_Audio_Datasets/Cult_Source/2530863_2024_12_31_04_08_GMT_384_segment_024.mp3,मेरा mental peace तो खराब कर दिया हो सकता है
s3://label-studio-in/STT_Audio_Datasets/Cult_Source/2530863_2024_12_31_04_08_GMT_384_segment_025.mp3,और मैं जो email लिखा हूँ मैं पागल हूँ email लिखा हूँ आपको time लगा कितना
s3://label-studio-in/STT_Audio_Datasets/Cult_Source/2530863_2024_12_31_04_08_GMT_384_segment_027.mp3,वर्ड बोल रहा हूं अभी call पे 24 घंटे में अगर call back या मेरे को response नहीं आता
s3://label-studio-in/STT_Audio_Datasets/Cult_Source/2530863_2024_12_31_04_08_GMT_384_segment_029.mp3,"मैं आज ही response expect कर रहा हूँ, मैं नई साल पर इस चीज़ को नहीं लिजाना चाहता, मैं कल आर्थ से फिर frustrated हूँ, मैं आज frustrated हूँ, मैं आज ही अपनी सारी frustration निजालना चाहता हूँ आप लोगों के"
s3://label-studio-in/STT_Audio_Datasets/Cult_Source/2530863_2024_12_31_04_08_GMT_384_segment_030.mp3,मेरे को यह answer एक बजे से पहले पहले lunch तक चाहिए है
s3://label-studio-in/STT_Audio_Datasets/Cult_Source/2714363_2025_02_10_06_35_GMT_384_segment_001.mp3,"ओके, perfect sir, any friends or family members you would like to refer, so I can give them the same referral benefits."
s3://label-studio-in/STT_Audio_Datasets/Cult_Source/2612931_2025_01_21_06_40_GMT_384_segment_033.mp3,max to max 8 to 10 clients handle करता है
s3://label-studio-in/STT_Audio_Datasets/Cult_Source/2595694_2025_01_15_12_31_GMT_384_segment_003.mp3,इसमें आपको unlimited access की pro gyms के लिए मिलेगा आपके
s3://label-studio-in/STT_Audio_Datasets/Cult_Source/2595694_2025_01_15_12_31_GMT_384_segment_004.mp3,"तो credits यूज़ करने से आपको elite gym से elite centers के लिए भी access करेगा, okay?"
s3://label-studio-in/STT_Audio_Datasets/Cult_Source/2595694_2025_01_15_12_31_GMT_384_segment_010.mp3,और अगर आप per month अमोन दिखें तो कोशिश 937 टुपिस पर try per month
s3://label-studio-in/STT_Audio_Datasets/Cult_Source/2595694_2025_01_15_12_31_GMT_384_segment_014.mp3,22491 यह सारा including GST taxes and all बता रहा हूँ
s3://label-studio-in/STT_Audio_Datasets/Cult_Source/2595694_2025_01_15_12_31_GMT_384_segment_015.mp3,इसमें आपको 2.5 months का extension रहेगा और 45 days का membership pause भी रहेगा
s3://label-studio-in/STT_Audio_Datasets/Cult_Source/2595694_2025_01_15_12_31_GMT_384_segment_019.mp3,जिसे आपको साथ-साथ 2.5 months का extension मिल रहा है
s3://label-studio-in/STT_Audio_Datasets/Cult_Source/2595694_2025_01_15_12_31_GMT_384_segment_020.mp3,और final price है suppose थी 15497 रुपीज पढ़ रहा है sir
s3://label-studio-in/STT_Audio_Datasets/Cult_Source/2595694_2025_01_15_12_31_GMT_384_segment_021.mp3,अगर 14 months को divide करते हैं तो कितना हो आता पर month इन्हां पड़ता
s3://label-studio-in/STT_Audio_Datasets/Cult_Source/2595694_2025_01_15_12_31_GMT_384_segment_022.mp3,14.5 months से मैं divide करूँगा तो 1068 rupees पड़ रहा है per month
s3://label-studio-in/STT_Audio_Datasets/Cult_Source/2595694_2025_01_15_12_31_GMT_384_segment_023.mp3,अगर आप EMI auction के साथ जाएंगे तो आपको 12 months तक का EMI आएगा तो
s3://label-studio-in/STT_Audio_Datasets/Cult_Source/2595694_2025_01_15_12_31_GMT_384_segment_024.mp3,"कि जो 2.5 months का by extension, वो हम लोग free में दे रहे हैं,"
s3://label-studio-in/STT_Audio_Datasets/Cult_Source/2595694_2025_01_15_12_31_GMT_384_segment_026.mp3,यानि कि बीज नहीं करना चाहते हो भी कर सकती होगी यह आपके ऊपर dependent है
s3://label-studio-in/STT_Audio_Datasets/Cult_Source/2595694_2025_01_15_12_31_GMT_384_segment_028.mp3,कितना होगा अभी total amount जो मैं 12 months के लिए ले रहा हूँ
s3://label-studio-in/STT_Audio_Datasets/Cult_Source/2595694_2025_01_15_12_31_GMT_384_segment_029.mp3,discount के माथ मैं यह amount reduce किया हूँ around 15497 rupees के लिए sir
s3://label-studio-in/STT_Audio_Datasets/Cult_Source/2595694_2025_01_15_12_31_GMT_384_segment_033.mp3,अगर आपका membership उदर march 15 से पहले end होता है तो मैं दुसरा option भी आपको suggest कर सकता हूँ
s3://label-studio-in/STT_Audio_Datasets/Cult_Source/2595694_2025_01_15_12_31_GMT_384_segment_034.mp3,तो एक मेने से पहले आप कभी भी सिर्फ date शेलेट करना है
s3://label-studio-in/STT_Audio_Datasets/Cult_Source/2595694_2025_01_15_12_31_GMT_384_segment_035.mp3,और बीच में सर अगर आपको date change करना है तो वो option भी मिलेगा
s3://label-studio-in/STT_Audio_Datasets/Cult_Source/2595694_2025_01_15_12_31_GMT_384_segment_036.mp3,"जब आप date change करेंगे न, तब आपको और एक महना add-ons होज़ेगा,"
s3://label-studio-in/STT_Audio_Datasets/Cult_Source/2595694_2025_01_15_12_31_GMT_384_segment_039.mp3,रेट करें तो आप EMI option के साथ जा सकते हैं
s3://label-studio-in/STT_Audio_Datasets/Cult_Source/2595694_2025_01_15_12_31_GMT_384_segment_041.mp3,वसीद एक preference के लिए असर उतना है कुछ ज्यादा नहीं
s3://label-studio-in/STT_Audio_Datasets/Cult_Source/2595694_2025_01_15_12_31_GMT_384_segment_042.mp3,तो यही नंबर पे call back कर सकते हो थे आप
s3://label-studio-in/STT_Audio_Datasets/Cult_Source/2595694_2025_01_15_12_31_GMT_384_segment_044.mp3,मुझे notification आएगा जैसे notification आएगा मैं आपको call back कर लोगा ठीक है
s3://label-studio-in/STT_Audio_Datasets/Cult_Source/2595694_2025_01_15_12_31_GMT_384_segment_046.mp3,कि actually में right now क्या है पड़ा तो अभी में हम लोग का group है
s3://label-studio-in/STT_Audio_Datasets/Cult_Source/2119517_2024_09_21_06_56_GMT_384_segment_001.mp3,"जी सर धन्यवाद, confirmation click है, सही समय सर, बात चमने के लिए आपके साथ?"
s3://label-studio-in/STT_Audio_Datasets/Cult_Source/2119517_2024_09_21_06_56_GMT_384_segment_002.mp3,थोड़ा का idea दे दूसरा है मुझे I am keen to join your basically
s3://label-studio-in/STT_Audio_Datasets/Cult_Source/2119517_2024_09_21_06_56_GMT_384_segment_004.mp3,"वो like alternative days में अलग-अलग like formats रहेंगे आपको, ठीक है?"
s3://label-studio-in/STT_Audio_Datasets/Cult_Source/2119517_2024_09_21_06_56_GMT_384_segment_006.mp3,अगर आप अभी ready हैं purchasing के लिए तो मैं आपको final payable करवा के दूँगी
s3://label-studio-in/STT_Audio_Datasets/Cult_Source/2119517_2024_09_21_06_56_GMT_384_segment_008.mp3,And elite gyms याने की cult owned gyms जो owned by cult and run by cult and some of the gold gyms are affiliated with cult.
s3://label-studio-in/STT_Audio_Datasets/Cult_Source/2119517_2024_09_21_06_56_GMT_384_segment_009.mp3,अगर आपको 24 months चाहिए तो लेकिन आप 24 months लेते सकते हैं वरना all in your package है 12 months के लिए ठीक है
s3://label-studio-in/STT_Audio_Datasets/Cult_Source/2119517_2024_09_21_06_56_GMT_384_segment_011.mp3,"जहां पे आपको price cost हो रहा है 24,990, average per month cost रहेगा 1,700, sir."
s3://label-studio-in/STT_Audio_Datasets/Cult_Source/2119517_2024_09_21_06_56_GMT_384_segment_012.mp3,"इसमें आपको ढाई मेने का extension मिलेगा, और 45 days membership pause मिलेगा, ठीक है सा, including extension 12+,"
s3://label-studio-in/STT_Audio_Datasets/Cult_Source/2119517_2024_09_21_06_56_GMT_384_segment_013.mp3,"2.5, 14.5 months का membership और 45 days pause मिलेगा"
s3://label-studio-in/STT_Audio_Datasets/Cult_Source/2119517_2024_09_21_06_56_GMT_384_segment_014.mp3,पॉस्ट को मिला के आपका overall membership रहेगा like 16 months के लिए आपना सिर्फ 12 months के लिए पे कर रहे हैं ठीक है
s3://label-studio-in/STT_Audio_Datasets/Cult_Source/2119517_2024_09_21_06_56_GMT_384_segment_016.mp3,जब भी आपको membership नहीं लेनी है एक दिन पहले ही आप membership को post करनी है जो भी दिन आप post करेंगे वो दिन waste नहीं हो सकता है वो overall membership में add हो जाएगा sir
s3://label-studio-in/STT_Audio_Datasets/Cult_Source/2119517_2024_09_21_06_56_GMT_384_segment_018.mp3,क्या है मेरे को समझा सकते हैं because मेरे को ring road पास पड़ेगा
s3://label-studio-in/STT_Audio_Datasets/Cult_Source/2119517_2024_09_21_06_56_GMT_384_segment_020.mp3,Elite membership लेते हैं तो दोनों के लिए भी access करते हैं.
s3://label-studio-in/STT_Audio_Datasets/Cult_Source/2119517_2024_09_21_06_56_GMT_384_segment_023.mp3,"तो देख लीजिए कैसे होता है ना कल्पिट्स ऐसे नहीं कि आपको waiting period 2 months, 3 months यह सब नहीं रहेगा ठीक है"
s3://label-studio-in/STT_Audio_Datasets/Cult_Source/2119517_2024_09_21_06_56_GMT_384_segment_024.mp3,"four days priorly calendar हम आपको दिये जाएंगे, ठीक है?"
s3://label-studio-in/STT_Audio_Datasets/Cult_Source/2119517_2024_09_21_06_56_GMT_384_segment_025.mp3,ऐसा है कि आज आपने purchase कर लिया and कल का date select किया है कल से आपका membership शुरू हो जाएगी ठीक है
s3://label-studio-in/STT_Audio_Datasets/Cult_Source/2119517_2024_09_21_06_56_GMT_384_segment_026.mp3,आज मैं पेमेंट कर देता हूँ और I'll go from first because
s3://label-studio-in/STT_Audio_Datasets/Cult_Source/2119517_2024_09_21_06_56_GMT_384_segment_027.mp3,"first to first would be the better because आज तो almost a month gone ही है,"
s3://label-studio-in/STT_Audio_Datasets/Cult_Source/2119517_2024_09_21_06_56_GMT_384_segment_028.mp3,and मुझे trials के लिए कुछ पता मिल सकता है
s3://label-studio-in/STT_Audio_Datasets/Cult_Source/2119517_2024_09_21_06_56_GMT_384_segment_031.mp3,मेरे इसमें पॉस्ट के अलावा कुछ additional month भी आ रहे हैं
s3://label-studio-in/STT_Audio_Datasets/Cult_Source/2119517_2024_09_21_06_56_GMT_384_segment_032.mp3,अच्छा in future कभी मैं कभी city change करता हूँ तो हो जाता है मेरा membership change हो जाता है ना?
s3://label-studio-in/STT_Audio_Datasets/Cult_Source/2119517_2024_09_21_06_56_GMT_384_segment_033.mp3,"because मैं अभी card ward carry नहीं कर रहा हूँ, मैं नीचे walk कर रहा हूँ,"
s3://label-studio-in/STT_Audio_Datasets/Cult_Source/2119517_2024_09_21_06_56_GMT_384_segment_034.mp3,"मुझे एक घंटे बाद फोन, दो घंटे बाद फोन कर लो, मैं कर देता हूँ payment, मुझे कोई problem नहीं है."
s3://label-studio-in/STT_Audio_Datasets/Cult_Source/2119517_2024_09_21_06_56_GMT_384_segment_035.mp3,"या आप एक्टिव कर दो, मैं दो घंटे में पेविमेंट कर दो, तीन चार घंटे में पेविमेंट कर दोंगा मैं, that is why I am telling you."
s3://label-studio-in/STT_Audio_Datasets/Cult_Source/2119517_2024_09_21_06_56_GMT_384_segment_036.mp3,लिए ये सिर्फ like 20 to 30 minutes रहता है जो genuine and interesting on-call customers के लिए है
s3://label-studio-in/STT_Audio_Datasets/Cult_Source/2119517_2024_09_21_06_56_GMT_384_segment_038.mp3,I can understand sale pressure भी होता है I am also in a sale
s3://label-studio-in/STT_Audio_Datasets/Cult_Source/2119517_2024_09_21_06_56_GMT_384_segment_039.mp3,"जो चार्जेस होते हैं उसमें इंटरेस्ट होता है उसमें GST, Service Tax, CA सब चीज़ें लगी होती हैं"
s3://label-studio-in/STT_Audio_Datasets/Cult_Source/2119517_2024_09_21_06_56_GMT_384_segment_040.mp3,like EMI is 2000 rupees per month उसके ऊपर GST उसके ऊपर ये
s3://label-studio-in/STT_Audio_Datasets/Cult_Source/2119517_2024_09_21_06_56_GMT_384_segment_044.mp3,"ठीक है सर, application में ही आप देख सकते हैं, application open कीजियें,"
s3://label-studio-in/STT_Audio_Datasets/Cult_Source/2119517_2024_09_21_06_56_GMT_384_segment_046.mp3,And also इसी number से ही आप membership purchase करेंगे न 9871445678
s3://label-studio-in/STT_Audio_Datasets/Cult_Source/2119517_2024_09_21_06_56_GMT_384_segment_047.mp3,"जी सर, सर, so in advance welcome to cult, hope to see you soon at cult fit."
s3://label-studio-in/STT_Audio_Datasets/Cult_Source/2119517_2024_09_21_06_56_GMT_384_segment_048.mp3,all the best for your fitness journey with us and इसके लाभा आपको कोई queries या
s3://label-studio-in/STT_Audio_Datasets/Cult_Source/2119517_2024_09_21_06_56_GMT_384_segment_049.mp3,कुछ भी doubts है जहां पे मैं आपको गाइडिया assist कर सकती हूँ sir.
s3://label-studio-in/STT_Audio_Datasets/Cult_Source/2119517_2024_09_21_06_56_GMT_384_segment_050.mp3,मैंने अपने सारे doubts वो आपसे वैसे पूछ लिये हैं
s3://label-studio-in/STT_Audio_Datasets/Cult_Source/2119517_2024_09_21_06_56_GMT_384_segment_051.mp3,मेरा doubt सिर्फ यही है because मैं आपको clear हो चुका हूँ because
s3://label-studio-in/STT_Audio_Datasets/Cult_Source/2119517_2024_09_21_06_56_GMT_384_segment_052.mp3,वो ऐसा ना हुआ तो योगा ना होती हो तो बस ये मेरा एक worry point है
s3://label-studio-in/STT_Audio_Datasets/Cult_Source/2119517_2024_09_21_06_56_GMT_384_segment_056.mp3,या राज नहीं आज weekend है to be very friendly आज party day है
s3://label-studio-in/STT_Audio_Datasets/Cult_Source/2119517_2024_09_21_06_56_GMT_384_segment_060.mp3,नहीं नहीं अब उदर आपको search option दिख रहा है
s3://label-studio-in/STT_Audio_Datasets/Cult_Source/2119517_2024_09_21_06_56_GMT_384_segment_062.mp3,हाँ try it for free दिखा रहा है देख लिया मैंने
s3://label-studio-in/STT_Audio_Datasets/Cult_Source/2119517_2024_09_21_06_56_GMT_384_segment_065.mp3,"add classes to your calendar, ठीक है, मैंने कर दिया,"
s3://label-studio-in/STT_Audio_Datasets/Cult_Source/2175750_2024_10_16_05_33_GMT_384_segment_002.mp3,"आपका preferred city आपने मताया था Bangalore है, if I am not wrong."
s3://label-studio-in/STT_Audio_Datasets/Cult_Source/2175750_2024_10_16_05_33_GMT_384_segment_003.mp3,"और आपका जो है, आपके साथ, आपके friend या फिर family members कौन join होने वाला हैं साथ?"
s3://label-studio-in/STT_Audio_Datasets/Cult_Source/2175750_2024_10_16_05_33_GMT_384_segment_008.mp3,ये pauses क्या है मैं आपको बता देती हूँ अगर आप gym नहीं जा पा रहे हैं.
s3://label-studio-in/STT_Audio_Datasets/Cult_Source/2175750_2024_10_16_05_33_GMT_384_segment_009.mp3,"मेरे तरफ से 750 of employer open code लगा के,"
s3://label-studio-in/STT_Audio_Datasets/Cult_Source/2175750_2024_10_16_05_33_GMT_384_segment_013.mp3,"और जहांपे कल के लिए जो prices ज्यादा हुए थे,"
s3://label-studio-in/STT_Audio_Datasets/Cult_Source/2175750_2024_10_16_05_33_GMT_384_segment_014.mp3,आज के दिन के लिए मैं आपको reduce down करके
s3://label-studio-in/STT_Audio_Datasets/Cult_Source/2175750_2024_10_16_05_33_GMT_384_segment_018.mp3,आपको option मिलेगा EMA ON CARD आप उसके पर click करके आप कोई भी card जो use करें credit card
s3://label-studio-in/STT_Audio_Datasets/Cult_Source/2175750_2024_10_16_05_33_GMT_384_segment_020.mp3,3648 मैं आपको employee coupon code 750 लगा देती हूँ
s3://label-studio-in/STT_Audio_Datasets/Cult_Source/2175750_2024_10_16_05_33_GMT_384_segment_021.mp3,"अगर मैं 12 मैने का EMI पर डिवाइड करती हूँ तो,"
s3://label-studio-in/STT_Audio_Datasets/Cult_Source/2175750_2024_10_16_05_33_GMT_384_segment_022.mp3,जिससे 15 मिनट का EMA हो गया तो 1058 रूप से
s3://label-studio-in/STT_Audio_Datasets/Cult_Source/2175750_2024_10_16_05_33_GMT_384_segment_024.mp3,"क्यूंकि जहां पे demand जादा रहता है, prices भी जादा रहते हैं."
s3://label-studio-in/STT_Audio_Datasets/Cult_Source/2175750_2024_10_16_05_33_GMT_384_segment_027.mp3,"मान लो जो amazon voucher है वो 1700, 1800 या 1900 ऐसा"
s3://label-studio-in/STT_Audio_Datasets/Cult_Source/2175750_2024_10_16_05_33_GMT_384_segment_031.mp3,और वही प्रेसेज जो है upcoming days में भी रहता है
s3://label-studio-in/STT_Audio_Datasets/Cult_Source/2175750_2024_10_16_05_33_GMT_384_segment_033.mp3,जो आपके friend ने purchase किया है उस time पे जो prices है और अभी के prices है
s3://label-studio-in/STT_Audio_Datasets/Cult_Source/2175750_2024_10_16_05_33_GMT_384_segment_035.mp3,1000 is a price यहाँ पर आपको unlimited access मिलेगा
s3://label-studio-in/STT_Audio_Datasets/Cult_Source/2175750_2024_10_16_05_33_GMT_384_segment_036.mp3,Elite Gyms आगे Premium Gym है जो कि Curl Certified Gym है सबसे.
s3://label-studio-in/STT_Audio_Datasets/Cult_Source/2175750_2024_10_16_05_33_GMT_384_segment_037.mp3,"और आपको group classes भी मिल रहे हैं जैसे dance, fitness, boxing"
s3://label-studio-in/STT_Audio_Datasets/Cult_Source/2175750_2024_10_16_05_33_GMT_384_segment_038.mp3,"तो basically एक चीज आप जो purchase कर रहे हैं,"
s3://label-studio-in/STT_Audio_Datasets/Cult_Source/2175750_2024_10_16_05_33_GMT_384_segment_039.mp3,"तो according to the metro quality city जो है हम बांगिर में,"
s3://label-studio-in/STT_Audio_Datasets/Cult_Source/2175750_2024_10_16_05_33_GMT_384_segment_040.mp3,"तो वही same चीज same prices में नहीं रहेंगे, for sure जो है everything of a price is doubling in the upcoming days."
s3://label-studio-in/STT_Audio_Datasets/Cult_Source/2175750_2024_10_16_05_33_GMT_384_segment_041.mp3,जो offer and amount है वो बहुत dynamic है वो change होते रहते हैं इससे
s3://label-studio-in/STT_Audio_Datasets/Cult_Source/2175750_2024_10_16_05_33_GMT_384_segment_042.mp3,तो मैं market चाहती हूँ तो इसलिए very difficult to get
s3://label-studio-in/STT_Audio_Datasets/Cult_Source/2175750_2024_10_16_05_33_GMT_384_segment_043.mp3,"जब जब demand जादा रहो, obviously जो crisis हो जादा ही रहेंगे सब."
s3://label-studio-in/STT_Audio_Datasets/Cult_Source/2175750_2024_10_16_05_33_GMT_384_segment_044.mp3,"लेकिन आपको जो है 1000 रुपीज के अंडर आपको जो है access मिलेगा group classes के लिए जैसे dance, fitness, boxing, HRX, strength and conditioning, burn, yoga"
s3://label-studio-in/STT_Audio_Datasets/Cult_Source/2175750_2024_10_16_05_33_GMT_384_segment_046.mp3,"मैं force नहीं करूँगी, लेकिन मैं scenario बता रहे हूँ."
s3://label-studio-in/STT_Audio_Datasets/Cult_Source/2175750_2024_10_16_05_33_GMT_384_segment_047.mp3,"उस particular day के लिए, इस particular membership के लिए अगर जाएंगे,"
s3://label-studio-in/STT_Audio_Datasets/Cult_Source/2175750_2024_10_16_05_33_GMT_384_segment_048.mp3,"तो 15,000 का जो change है वो best price रहेंगे sir."
s3://label-studio-in/STT_Audio_Datasets/Cult_Source/2175750_2024_10_16_05_33_GMT_384_segment_049.mp3,"अगर आप एक साल पहले अगर आप देखा होगा पेमेंट के related तो 15,000 ही था सर."
s3://label-studio-in/STT_Audio_Datasets/Cult_Source/2175750_2024_10_16_05_33_GMT_384_segment_056.mp3,अब इसके हिसाथ से अगर मैं अगर additional response लगा के दूँगी
s3://label-studio-in/STT_Audio_Datasets/Cult_Source/2175750_2024_10_16_05_33_GMT_384_segment_058.mp3,"और अडिशनल employee coupon को लगा रहे हैं जहाँ पे आपको 15,000 पेकर."
s3://label-studio-in/STT_Audio_Datasets/Cult_Source/2175750_2024_10_16_05_33_GMT_384_segment_059.mp3,आपको जब भी भी 1000 के नीचे रहेगा आप purchase कर सकते हैं
s3://label-studio-in/STT_Audio_Datasets/Cult_Source/2175750_2024_10_16_05_33_GMT_384_segment_060.mp3,क्योंकि हमारे पास जो offers and amount से computerized रहते हैं
s3://label-studio-in/STT_Audio_Datasets/Cult_Source/2175750_2024_10_16_05_33_GMT_384_segment_062.mp3,कितना discount होगा उसके लिए तो और भी ज्यादा पड़ेगा ना monthly
s3://label-studio-in/STT_Audio_Datasets/Cult_Source/2175750_2024_10_16_05_33_GMT_384_segment_063.mp3,"और आपको 15 मेने को membership आपको 15,000 में मिल रहा है।"
s3://label-studio-in/STT_Audio_Datasets/Cult_Source/2175750_2024_10_16_05_33_GMT_384_segment_065.mp3,जी जी जी 6 months में अगर आप जाते हैं तो क्या होता है जो prices है वो ज्यादा रहेंगे तो आपको पी करने के लिए
s3://label-studio-in/STT_Audio_Datasets/Cult_Source/2175750_2024_10_16_05_33_GMT_384_segment_067.mp3,तो आपके लिए loss ही होगा अगर आप one time investment देख रहे हैं
s3://label-studio-in/STT_Audio_Datasets/Cult_Source/2175750_2024_10_16_05_33_GMT_384_segment_071.mp3,"अगर आप one time investment जाता है तो 12,000 के जो है"
s3://label-studio-in/STT_Audio_Datasets/Cult_Source/2175750_2024_10_16_05_33_GMT_384_segment_073.mp3,"देखिए सर, STD भी हमने बताया था, उन बाद particular day जो भी prices गिये थे, हमने आपको बता दिया था, सर."
s3://label-studio-in/STT_Audio_Datasets/Cult_Source/2175750_2024_10_16_05_33_GMT_384_segment_075.mp3,उस particular day के दिन के लिए जो भी offers रहेंगे हम वो ही बता सकते हैं.
s3://label-studio-in/STT_Audio_Datasets/Cult_Source/2175750_2024_10_16_05_33_GMT_384_segment_077.mp3,Already 760 का employee coupon code मैंने आपको बताया था से.
s3://label-studio-in/STT_Audio_Datasets/Cult_Source/2175750_2024_10_16_05_33_GMT_384_segment_078.mp3,मैं आपको 750 का employee coupon code add कर दूँगी
s3://label-studio-in/STT_Audio_Datasets/Cult_Source/2175750_2024_10_16_05_33_GMT_384_segment_079.mp3,अगर additional discount बैंक की तरफ से आता है तो cultured app में ही show करेगा।
s3://label-studio-in/STT_Audio_Datasets/Cult_Source/2175750_2024_10_16_05_33_GMT_384_segment_080.mp3,"मैं आपको reduce down करके 15,800 की खरीब-खरीब मैं आपको provide कर दूँगी prices"
s3://label-studio-in/STT_Audio_Datasets/Cult_Source/2175750_2024_10_16_05_33_GMT_384_segment_081.mp3,और अगर आप no cost GMX credit card के ऊपर जाते हैं तो अगर bank के तरह से कोई additional discounts वागेरा रहेगा
s3://label-studio-in/STT_Audio_Datasets/Cult_Source/2175750_2024_10_16_05_33_GMT_384_segment_082.mp3,वो रहता है मैं इनकी तरफ से discount मैं पूछ रहा हूँ
s3://label-studio-in/STT_Audio_Datasets/Cult_Source/2175750_2024_10_16_05_33_GMT_384_segment_083.mp3,अगर show कर रहा है तो well and good वीडियो प्रोसेस है।
s3://label-studio-in/STT_Audio_Datasets/Cult_Source/2175750_2024_10_16_05_33_GMT_384_segment_084.mp3,तो अगर मैं यहाँ पर activate करूँगी तभी आपको जो price of corset आप में दिखाई देगा
s3://label-studio-in/STT_Audio_Datasets/Cult_Source/2175750_2024_10_16_05_33_GMT_384_segment_088.mp3,"तो आपको बैंक के डिटेल्स लेकिन HDFC, Axis Bank, ICICI और आपको"
s3://label-studio-in/STT_Audio_Datasets/Cult_Source/2175750_2024_10_16_05_33_GMT_384_segment_089.mp3,आप उसके पर क्लिक करेंगे तो final price आपको क्या पढ़ रहे हैं देखिए
s3://label-studio-in/STT_Audio_Datasets/Cult_Source/2175750_2024_10_16_05_33_GMT_384_segment_091.mp3,हमने एक link भेजा था yesterday आपको 750 का discount लगा के
s3://label-studio-in/STT_Audio_Datasets/Cult_Source/2175750_2024_10_16_05_33_GMT_384_segment_094.mp3,1 month EMI है 8 to 12 months के लिए
s3://label-studio-in/STT_Audio_Datasets/Cult_Source/2175750_2024_10_16_05_33_GMT_384_segment_095.mp3,1357 है वो no cost TMI discount है वो नहीं
s3://label-studio-in/STT_Audio_Datasets/Cult_Source/2175750_2024_10_16_05_33_GMT_384_segment_096.mp3,"का discount लगाओंगी तो आपके जो pocket message आएगा 14,720 रुपी जाएगा सर"
s3://label-studio-in/STT_Audio_Datasets/Cult_Source/2175750_2024_10_16_05_33_GMT_384_segment_100.mp3,एक बार back जाइए सर और फिर से reopen कीजिए सिर्फ एक एक
s3://label-studio-in/STT_Audio_Datasets/Cult_Source/2175750_2024_10_16_05_33_GMT_384_segment_101.mp3,"मैंने calculate किया था, कैसे calculate किया था मैं आपको,"
s3://label-studio-in/STT_Audio_Datasets/Cult_Source/2175750_2024_10_16_05_33_GMT_384_segment_107.mp3,बेंक तरफ से कोई discount नहीं है आप जो पहले जो बोले थे न वो ही amount पर रहा है
s3://label-studio-in/STT_Audio_Datasets/Cult_Source/2175750_2024_10_16_05_33_GMT_384_segment_108.mp3,"हाँ, first तू बोले तो वही amount पर रहे है"
s3://label-studio-in/STT_Audio_Datasets/Cult_Source/2175750_2024_10_16_05_33_GMT_384_segment_109.mp3,"वो 15,000 अगर आप मैं calculate करूँगी 15 मने के लिए 1050 रुपी शेर्ज पर."
s3://label-studio-in/STT_Audio_Datasets/Cult_Source/2175750_2024_10_16_05_33_GMT_384_segment_113.mp3,"क्योंकि आज के दिन के लिए 45 days का pause नहीं है, 60 days का, आपको 3 मेने का pause नहीं है."
s3://label-studio-in/STT_Audio_Datasets/Cult_Source/2175750_2024_10_16_05_33_GMT_384_segment_115.mp3,तो 12 months plus 10 days आपकी membership में increase हो जाएंगे sir.
s3://label-studio-in/STT_Audio_Datasets/Cult_Source/2175750_2024_10_16_05_33_GMT_384_segment_116.mp3,2 months का आपको जो पॉस्ट जेस मिल रहे हैं
s3://label-studio-in/STT_Audio_Datasets/Cult_Source/2175750_2024_10_16_05_33_GMT_384_segment_117.mp3,"overall आपको 17 मेने का membership मिल रहा है, including pause days."
s3://label-studio-in/STT_Audio_Datasets/Cult_Source/2175750_2024_10_16_05_33_GMT_384_segment_119.mp3,"जो भी आप 600 का difference देख रहे हैं, right?"
s3://label-studio-in/STT_Audio_Datasets/Cult_Source/2175750_2024_10_16_05_33_GMT_384_segment_120.mp3,3 month extension लगा के बोल रहा हूँ 3 month extension लगा के 15 महीने का मेरा
s3://label-studio-in/STT_Audio_Datasets/Cult_Source/2175750_2024_10_16_05_33_GMT_384_segment_123.mp3,तो उसके साथ से जो भी additional discounts या offers रहते थे
s3://label-studio-in/STT_Audio_Datasets/Cult_Source/2175750_2024_10_16_05_33_GMT_384_segment_124.mp3,"अगर आप plan करें membership लेने के लिए, तो ये best चाहेगा करके."
s3://label-studio-in/STT_Audio_Datasets/Cult_Source/2175750_2024_10_16_05_33_GMT_384_segment_126.mp3,"अगर कुछ भी additional discounts and offers रहते हैं, तो मैं आपको on-call you provide."
s3://label-studio-in/STT_Audio_Datasets/Cult_Source/2175750_2024_10_16_05_33_GMT_384_segment_128.mp3,और उसके ऊपर हम लोग employee coupon code भी activate कर सकते हैं जैसे yesterday हमने activate किया था
s3://label-studio-in/STT_Audio_Datasets/Cult_Source/2175750_2024_10_16_05_33_GMT_384_segment_132.mp3,मेरा को कोई भी दिक्कत नहीं मेरे के Amazon बाउचर दे दो
s3://label-studio-in/STT_Audio_Datasets/Cult_Source/2175750_2024_10_16_05_33_GMT_384_segment_134.mp3,Amazon का voucher भी चलेगा Flipkart का voucher भी चलेगा
s3://label-studio-in/STT_Audio_Datasets/Cult_Source/2175750_2024_10_16_05_33_GMT_384_segment_136.mp3,नहीं सर नहीं सर जो भी additional discounts रहेगा हमारे तरफ से हमने already आपने update कर लिये
s3://label-studio-in/STT_Audio_Datasets/Cult_Source/2175750_2024_10_16_05_33_GMT_384_segment_138.mp3,"उस particular day के लिए आज के दिन के लिए 15,000 आज हो गया"
s3://label-studio-in/STT_Audio_Datasets/Cult_Source/2175750_2024_10_16_05_33_GMT_384_segment_139.mp3,"जो भी हमारे तरफ से best and best रहेगा, आप जितना request करें, उसके हिसाब से हमने provide कर लिया है, sir."
s3://label-studio-in/STT_Audio_Datasets/Cult_Source/2175750_2024_10_16_05_33_GMT_384_segment_140.mp3,अगर आप जादा भी request करेंगे तो हम लोगों को ऐसा नहीं लगेगा.
s3://label-studio-in/STT_Audio_Datasets/Cult_Source/2175750_2024_10_16_05_33_GMT_384_segment_144.mp3,अगर आज के दिन के लिए 3 months का miss out कर देते हैं तो maybe कल के दिन के लिए
s3://label-studio-in/STT_Audio_Datasets/Cult_Source/2175750_2024_10_16_05_33_GMT_384_segment_146.mp3,"आप एक बार देख लीजिए का, अगर आप 60 days का, 45 days का पॉलिस देश ही रहेगा,"
s3://label-studio-in/STT_Audio_Datasets/Cult_Source/2175750_2024_10_16_05_33_GMT_384_segment_150.mp3,आप तो बता सकते हो इसमें तो यह तो lowest price नहीं है
s3://label-studio-in/STT_Audio_Datasets/Cult_Source/2175750_2024_10_16_05_33_GMT_384_segment_152.mp3,आपकी friend जब purchase करें आप उनसे भी पूछ लेंगे sir.
s3://label-studio-in/STT_Audio_Datasets/Cult_Source/2175750_2024_10_16_05_33_GMT_384_segment_153.mp3,"उन्होंने जब भी भी purchase किया था prices, दो या तीन मेने, चार मेने पहले भी,"
s3://label-studio-in/STT_Audio_Datasets/Cult_Source/2175750_2024_10_16_05_33_GMT_384_segment_155.mp3,जो कि आपको 15 days जो है 2 महने का pause day आपको मिल रहा है
s3://label-studio-in/STT_Audio_Datasets/Cult_Source/2175750_2024_10_16_05_33_GMT_384_segment_158.mp3,क्योंकि network issue के regarding payment जो ब्लॉक होने के भी chances हैं क्योंकि offers update होते हैं
s3://label-studio-in/STT_Audio_Datasets/Cult_Source/2175750_2024_10_16_05_33_GMT_384_segment_166.mp3,जिगमाई जैसे calculate करके मैं आपको बता रही हूँ तो उसके साथ से बता रही हूँ
s3://label-studio-in/STT_Audio_Datasets/Cult_Source/2175750_2024_10_16_05_33_GMT_384_segment_167.mp3,"जो भी best offers जाएगा उसके बाद ही जो 15,900"
s3://label-studio-in/STT_Audio_Datasets/Cult_Source/2175750_2024_10_16_05_33_GMT_384_segment_169.mp3,"gym workout करेंगे, जब demand जाता रहता है, wash up prices happen."
s3://label-studio-in/STT_Audio_Datasets/Cult_Source/2175750_2024_10_16_05_33_GMT_384_segment_170.mp3,करने से पहले अगर आपकी कोई friend या family member है तो आप उनको refer कर सकते है
s3://label-studio-in/STT_Audio_Datasets/Cult_Source/2700495_2025_02_07_05_43_GMT_384_segment_004.mp3,इसलिए दोनों चाहिए कौन सा एक bad mental है और
s3://label-studio-in/STT_Audio_Datasets/Cult_Source/2700495_2025_02_07_05_43_GMT_384_segment_005.mp3,और play में similar prizes actually जो आप select की बात कर रहे हैं
s3://label-studio-in/STT_Audio_Datasets/Cult_Source/2700495_2025_02_07_05_43_GMT_384_segment_007.mp3,"अगर 24 months का बात करें, bat metal का, वो 19,000 है, sir."
s3://label-studio-in/STT_Audio_Datasets/Cult_Source/2700495_2025_02_07_05_43_GMT_384_segment_010.mp3,जब पर month आपको 938 रुपीश का पड़ रहा है
s3://label-studio-in/STT_Audio_Datasets/Cult_Source/2700495_2025_02_07_05_43_GMT_384_segment_011.mp3,और इसमें जो offers रहे हैं additional रुपी 3500 off already applied है और 60 days का आपको membership pause जैसे मिल रहा है
s3://label-studio-in/STT_Audio_Datasets/Cult_Source/2700495_2025_02_07_05_43_GMT_384_segment_014.mp3,months का back button सिर्फ back button के लिए जाएंगे रहे
s3://label-studio-in/STT_Audio_Datasets/Cult_Source/2700495_2025_02_07_05_43_GMT_384_segment_015.mp3,"10,000 बता रहा है, 11 to 10,000 बता रहा है"
s3://label-studio-in/STT_Audio_Datasets/Cult_Source/2700495_2025_02_07_05_43_GMT_384_segment_016.mp3,वो ही आप कल play membership ले लेते हैं तो 6 months के लिए
s3://label-studio-in/STT_Audio_Datasets/Cult_Source/2700495_2025_02_07_05_43_GMT_384_segment_017.mp3,तो सिर्फ जो difference amount आ रहा है 500 के फरीब करीब आ रहा है सब।
s3://label-studio-in/STT_Audio_Datasets/Cult_Source/2700495_2025_02_07_05_43_GMT_384_segment_018.mp3,यह मैंने कहा जियांपे per month आपको Rs.1925 का पड़ेगा
s3://label-studio-in/STT_Audio_Datasets/Cult_Source/2700495_2025_02_07_05_43_GMT_384_segment_019.mp3,तो वेदार इसके related अगर आप plan करें तो मैं additional discounts भी लगा देती हूँ
s3://label-studio-in/STT_Audio_Datasets/Cult_Source/2700495_2025_02_07_05_43_GMT_384_segment_021.mp3,एक मेने का membership में मिल जाएगा overall 7 month का membership से
s3://label-studio-in/STT_Audio_Datasets/Cult_Source/2700495_2025_02_07_05_43_GMT_384_segment_023.mp3,"7 months का membership है, 7 months आप जो है sports का use कर सकते हैं towards Bangalore."
s3://label-studio-in/STT_Audio_Datasets/Cult_Source/2700495_2025_02_07_05_43_GMT_384_segment_024.mp3,"ठीक है, 7 months का membership, 30 days का membership, pause जो separate थी,"
s3://label-studio-in/STT_Audio_Datasets/Cult_Source/2700495_2025_02_07_05_43_GMT_384_segment_027.mp3,"अच्छा अच्छा, just a moment sir, मैं activate कर देखूँ आपके लिए"
s3://label-studio-in/STT_Audio_Datasets/Cult_Source/2700495_2025_02_07_05_43_GMT_384_segment_028.mp3,और मैं navigation link भी आपके लिए activate कर देती हूँ.
s3://label-studio-in/STT_Audio_Datasets/Cult_Source/2700495_2025_02_07_05_43_GMT_384_segment_029.mp3,WhatsApp में अगर मिलता है तो well and good sir
s3://label-studio-in/STT_Audio_Datasets/Cult_Source/2700495_2025_02_07_05_43_GMT_384_segment_030.mp3,मैं additionally add किया है अगर आप मुझे on call मुझे confirm करते हैं तो it will be well and good.
s3://label-studio-in/STT_Audio_Datasets/Cult_Source/2700495_2025_02_07_05_43_GMT_384_segment_032.mp3,6 मैने का play membership आप select कर सकते हैं sir
s3://label-studio-in/STT_Audio_Datasets/Cult_Source/2700495_2025_02_07_05_43_GMT_384_segment_033.mp3,"एक काम कर सकते हैं, मैं disconnect कर देती हूँ,"
s3://label-studio-in/STT_Audio_Datasets/Cult_Source/2700495_2025_02_07_05_43_GMT_384_segment_034.mp3,के बाद एक बार upload करके play membership में जाके जो की start करके आप जब start करना चाहते हैं आपको pick a start date option मिलेगा सर 30 days
s3://label-studio-in/STT_Audio_Datasets/Cult_Source/2700495_2025_02_07_05_43_GMT_384_segment_035.mp3,तो शाम तक मतलब आप मुझे specific time दे देते हैं तो उस time तक मैं आपको freeze कर लेती हूँ sir.
s3://label-studio-in/STT_Audio_Datasets/Cult_Source/2700495_2025_02_07_05_43_GMT_384_segment_037.mp3,"जो duty वे जे जो on call offer मैंने बताय था, मैं आज के दिन के लिए"
s3://label-studio-in/STT_Audio_Datasets/Cult_Source/2700495_2025_02_07_05_43_GMT_384_segment_038.mp3,"at your convenient time, इस call के बाद हो सकता है, तो आप process कर दीजेगा, sir, आपसे, मैंने discount activate कर दिया है,"
s3://label-studio-in/STT_Audio_Datasets/Cult_Source/2700495_2025_02_07_05_43_GMT_384_segment_039.mp3,अगर आपने जो है already thought कर लिया है कि आपको जो है plane membership लेना है जहाँ पे filming
s3://label-studio-in/STT_Audio_Datasets/Cult_Source/2700495_2025_02_07_05_43_GMT_384_segment_040.mp3,"आपको activities मिलता है, unlimited, throughout the city of Bangalore,"
s3://label-studio-in/STT_Audio_Datasets/Cult_Source/2700495_2025_02_07_05_43_GMT_384_segment_042.mp3,"ठीक है, अब directly purchase कर सकते हैं call set app के अंदर."
s3://label-studio-in/STT_Audio_Datasets/Cult_Source/2700495_2025_02_07_05_43_GMT_384_segment_044.mp3,6 months के लिए यही है तो अगर आप higher pack के लिए 12 months और 24 months के लिए जाते तो
s3://label-studio-in/STT_Audio_Datasets/Cult_Source/2115158_2024_09_20_05_01_GMT_384_segment_001.mp3,I am comfortable मेरे को Hindi भी आती है कोई मात नहीं है
s3://label-studio-in/STT_Audio_Datasets/Cult_Source/2115158_2024_09_20_05_01_GMT_384_segment_004.mp3,"ये बस जो है 4 weeks का रहेगा, जो initially हर month का"
s3://label-studio-in/STT_Audio_Datasets/Cult_Source/2115158_2024_09_20_05_01_GMT_384_segment_007.mp3,और ये workforce जो है हर दिन एक hour held होएगा
s3://label-studio-in/STT_Audio_Datasets/Cult_Source/2115158_2024_09_20_05_01_GMT_384_segment_008.mp3,और ये जो है selected center में होएगा और according to you comfortable time पे नहीं रहेगा ये selected
s3://label-studio-in/STT_Audio_Datasets/Cult_Source/2115158_2024_09_20_05_01_GMT_384_segment_012.mp3,और इसके अंदर आपको 2-3 किलो का weight loss का guarantee देंगे हम लोग.
s3://label-studio-in/STT_Audio_Datasets/Cult_Source/2115158_2024_09_20_05_01_GMT_384_segment_014.mp3,"तो इससे बेहतर आप जो है एक साल का 6 months का transforming ले लीजिए आपको nutrition expert मिल जाएगा customized workout, customized diet, customized"
s3://label-studio-in/STT_Audio_Datasets/Cult_Source/2115158_2024_09_20_05_01_GMT_384_segment_017.mp3,"आपके city के अंदर, Bangalore के अंदर जितने भी gym है न, cult के gym, सारे gym का access मिलेगा आपको, आप जहां भी जाकर gym और coach करके आ सकते हैं,"
s3://label-studio-in/STT_Audio_Datasets/Cult_Source/2115158_2024_09_20_05_01_GMT_384_segment_018.mp3,और इसके अलावा आपको group classes का access मिलेगा जैसे कि dance class
s3://label-studio-in/STT_Audio_Datasets/Cult_Source/2115158_2024_09_20_05_01_GMT_384_segment_019.mp3,"योगा क्लास, बॉक्सिंग, HRX, Burn, ऐसे classes का access मिलेगा, जहां एक group में held होएगा, like 20-25 people का group रहेगा,"
s3://label-studio-in/STT_Audio_Datasets/Cult_Source/2115158_2024_09_20_05_01_GMT_384_segment_020.mp3,वो आपको 50 minutes का class रहेगा एक दिन में
s3://label-studio-in/STT_Audio_Datasets/Cult_Source/2115158_2024_09_20_05_01_GMT_384_segment_021.mp3,"इसी तरह अगर आप pro package लेंगे, pro package के अंदर आपको सारे gym का access नहीं मिलेगा, but pro gym का access मिलेगा,"
s3://label-studio-in/STT_Audio_Datasets/Cult_Source/2080713_2024_09_10_05_44_GMT_384_segment_001.mp3,या दिपारी I am calling for your weight loss program for the Transome Plus membership.
s3://label-studio-in/STT_Audio_Datasets/Cult_Source/2576629_2025_02_06_08_35_GMT_384_segment_001.mp3,तक आपने purchase ने किया तो सोचा एक बार आपको call करके update कर दो
s3://label-studio-in/STT_Audio_Datasets/Cult_Source/2576629_2025_02_06_08_35_GMT_384_segment_002.mp3,schedule भी सही है इससे साथ से इसलिए मैंने कज लिया नहीं
s3://label-studio-in/STT_Audio_Datasets/Cult_Source/2576629_2025_02_06_08_35_GMT_384_segment_004.mp3,"तो अगर मैं उसमें डाल रहा हूँ ना, तो मेरे को वो membership दिखाता है कुछ 12-15,000 रुपएगा"
s3://label-studio-in/STT_Audio_Datasets/Cult_Source/2576629_2025_02_06_08_35_GMT_384_segment_005.mp3,"कोई timing नहीं है, gyms में आप कभी भी जा सकते हो morning 5.30 से open होता है, शाम के 10.30 बड़े तक open रहता है"
s3://label-studio-in/STT_Audio_Datasets/Cult_Source/2576629_2025_02_06_08_35_GMT_384_segment_006.mp3,तो इतने time के अंदर आप दिन में एक बार दो बार भी access कर सकते हो directly जाके कहीं पे भी within the boundaries आपके city के boundaries सिर्फ एक particular gym के लिए नहीं
s3://label-studio-in/STT_Audio_Datasets/Cult_Source/2576629_2025_02_06_08_35_GMT_384_segment_009.mp3,और सारे trainers कल्ट में minimum 2 years experience के साथ हैं और most of the trainers है athletes
s3://label-studio-in/STT_Audio_Datasets/Cult_Source/2576629_2025_02_06_08_35_GMT_384_segment_010.mp3,तो उनका 100% best assurance देंगे आपको like fitness goal आपका achieve करने को
s3://label-studio-in/STT_Audio_Datasets/Cult_Source/2576629_2025_02_06_08_35_GMT_384_segment_012.mp3,थोड़ा बहुत reduce कर सकता हूँ आपका price जो कुछ भी cult के application में दिखा रहा है
s3://label-studio-in/STT_Audio_Datasets/Cult_Source/2576629_2025_02_06_08_35_GMT_384_segment_013.mp3,"थोड़ा बहुत price reduce कर सकता हूँ, जो कुछ भी आपको cult के application में दिखा रहा है न,"
s3://label-studio-in/STT_Audio_Datasets/Cult_Source/2576629_2025_02_06_08_35_GMT_384_segment_014.mp3,"इससे अलावा मैं थोड़ा बहुत reduce कर सकता हूँ आपको, मैं जान सकता हूँ किस particular"
s3://label-studio-in/STT_Audio_Datasets/Cult_Source/2576629_2025_02_06_08_35_GMT_384_segment_015.mp3,"मैं आपको location बताता हूँ, आप मेरा pin code note कर लो, 1100."
s3://label-studio-in/STT_Audio_Datasets/Cult_Source/2576629_2025_02_06_08_35_GMT_384_segment_016.mp3,कहीं पे भी आप access कर सकते हो अल्लिमिरेट टाइम्स
s3://label-studio-in/STT_Audio_Datasets/Cult_Source/2576629_2025_02_06_08_35_GMT_384_segment_017.mp3,आपको आज के दिन अगर आप purchase करेंगे 12 months के लिए आपको 2 months का extension मिलेगा
s3://label-studio-in/STT_Audio_Datasets/Cult_Source/2576629_2025_02_06_08_35_GMT_384_segment_018.mp3,"मतलब आपको 2 months free of course, extra मिलेगा as a welcome bonus."
s3://label-studio-in/STT_Audio_Datasets/Cult_Source/2576629_2025_02_06_08_35_GMT_384_segment_019.mp3,तो total आपका membership जो है वो 14 मिनट के लिए रहेगा
s3://label-studio-in/STT_Audio_Datasets/Cult_Source/2576629_2025_02_06_08_35_GMT_384_segment_020.mp3,और इसके साथ आपको आज के दिन अगर आप पत्ये सरोगे तो 750 रुपीस का Amazon वोचर मिलेगा आज के आज बन
s3://label-studio-in/STT_Audio_Datasets/Cult_Source/2576629_2025_02_06_08_35_GMT_384_segment_021.mp3,"अगर आपने 750 रुपीज का Amazon voucher include किया, तो 13,690 रुपीज cost करेगा आपको 14 days के लिए, plus आपको 30 days का pause days में मिलेगा."
s3://label-studio-in/STT_Audio_Datasets/Cult_Source/2576629_2025_02_06_08_35_GMT_384_segment_022.mp3,मैं ये किसी PDF या किसी चीज में देख सकता हूँ
s3://label-studio-in/STT_Audio_Datasets/Cult_Source/2576629_2025_02_06_08_35_GMT_384_segment_023.mp3,क्योंकि मेरे को जो आपका offer है अच्छा तो लग रहा है
s3://label-studio-in/STT_Audio_Datasets/Cult_Source/2576629_2025_02_06_08_35_GMT_384_segment_024.mp3,डिरेक्ट करके अप्लीकेशन भी ओपन कर सकते हैं आपको 12 months pro membership बोलकर रहता है उस पर क्लिक कीजिए
s3://label-studio-in/STT_Audio_Datasets/Cult_Source/2576629_2025_02_06_08_35_GMT_384_segment_025.mp3,अच्छा वहाँ जो दिखा रहा है उसमें price दिखा रहा है
s3://label-studio-in/STT_Audio_Datasets/Cult_Source/2576629_2025_02_06_08_35_GMT_384_segment_026.mp3,जी बिल्कुल जो कुछ भी प्राइस दिखा रहा है उससे थोड़ा बहुत reduce पर सकता हूँ
s3://label-studio-in/STT_Audio_Datasets/Cult_Source/2576629_2025_02_06_08_35_GMT_384_segment_027.mp3,मेरा major issue पता ही क्या है मैं चाहता हूँ कि अगर ये month wise pay होता है या फिर मतलब कोई part pay होता है या कुछ
s3://label-studio-in/STT_Audio_Datasets/Cult_Source/2576629_2025_02_06_08_35_GMT_384_segment_028.mp3,"फूल पेमेंट ही होता है, अगर आपके पास क्रेडिट कार्ड है तो आप नो कॉस्ट CMA पे जा सकते हो, जहां पर मंतली मंतली आप पे सकते हो"
s3://label-studio-in/STT_Audio_Datasets/Cult_Source/2576629_2025_02_06_08_35_GMT_384_segment_029.mp3,"और इसके अलावा आपको band की तरफ से, credit card की तरफ से भी आपको cashback reward रहेगा."
s3://label-studio-in/STT_Audio_Datasets/Cult_Source/2576629_2025_02_06_08_35_GMT_384_segment_033.mp3,और आपको 30 days का pause days में मिलेगा बाकी local days में आपको pause days वगैरह कुछ भी provide नहीं करते
s3://label-studio-in/STT_Audio_Datasets/Cult_Source/2576629_2025_02_06_08_35_GMT_384_segment_034.mp3,और इसके साथ आपको trainers के लिए additional take करने रहता है मगर इसमें
s3://label-studio-in/STT_Audio_Datasets/Cult_Source/2576629_2025_02_06_08_35_GMT_384_segment_036.mp3,लेकिन मतलब अब जबी भी अब एक साल का membership लोग है तो of course ऐसा नहीं कि आप continuously एक साल gym जाओगे
s3://label-studio-in/STT_Audio_Datasets/Cult_Source/2576629_2025_02_06_08_35_GMT_384_segment_037.mp3,"तो उस दिन के लिए आप membership pause कर दिये, तो आपका दिन waste नहीं होगा."
s3://label-studio-in/STT_Audio_Datasets/Cult_Source/2576629_2025_02_06_08_35_GMT_384_segment_038.mp3,उतना दिन आपके कल्ट के application में आइड होके membership फिर दुबारा से exchange हो जाएगा आपके लिए
s3://label-studio-in/STT_Audio_Datasets/Cult_Source/2576629_2025_02_06_08_35_GMT_384_segment_039.mp3,तो ऐसा नहीं कि आप जिम नहीं गए तो आपका दिन waste हो गया।
s3://label-studio-in/STT_Audio_Datasets/Cult_Source/2576629_2025_02_06_08_35_GMT_384_segment_042.mp3,उससे ज़्यादा पॉस्ट करूँगा तो वो अनकाउंटेड हो जागा बस 30 days ही count हो सकता right
s3://label-studio-in/STT_Audio_Datasets/Cult_Source/2576629_2025_02_06_08_35_GMT_384_segment_044.mp3,बिल्कुल swimming pool के लिए भी हमारे पास membership है मगर उसके लिए आपको दुसरा membership purchase करना पड़ेगा क्यों बोले तो वो completely एक different category है
s3://label-studio-in/STT_Audio_Datasets/Cult_Source/2576629_2025_02_06_08_35_GMT_384_segment_045.mp3,जो भी है वो sports के enter आता है ये completely fitness के enter आता है
s3://label-studio-in/STT_Audio_Datasets/Cult_Source/2576629_2025_02_06_08_35_GMT_384_segment_046.mp3,तो both combine नहीं हो सकता तो अगर swimming pool के लिए आपको
s3://label-studio-in/STT_Audio_Datasets/Cult_Source/2576629_2025_02_06_08_35_GMT_384_segment_048.mp3,तो Cult Play अगर 12 months के लिए लेना चाहते हो तो उसके लिए भी थोड़ा-बहुत reduce कर दूंगा Cult Play के लिए आपको 45 days का pause days मिलेगा
s3://label-studio-in/STT_Audio_Datasets/Cult_Source/2576629_2025_02_06_08_35_GMT_384_segment_049.mp3,उसका अगर आप 12 months के लिए आज purchase करते हो तो 12 months के साथ आपको
s3://label-studio-in/STT_Audio_Datasets/Cult_Source/2576629_2025_02_06_08_35_GMT_384_segment_051.mp3,मतलब आपको totally आपका membership दिया हो वो 13.5 months करेगा कल play के लिए
s3://label-studio-in/STT_Audio_Datasets/Cult_Source/2576629_2025_02_06_08_35_GMT_384_segment_053.mp3,per month आपको 1090-60 rupees आएगा with 45 days of pause days
s3://label-studio-in/STT_Audio_Datasets/Cult_Source/2576629_2025_02_06_08_35_GMT_384_segment_054.mp3,मैं चाहे तो आपको फिर दुबारा से call back करो 5-6 बजे या 7 बजे
s3://label-studio-in/STT_Audio_Datasets/Cult_Source/2576629_2025_02_06_08_35_GMT_384_segment_057.mp3,अब इसमें है तो चलो मैं ये भी देख लेता हूँ एक बड़ी क्या process है
s3://label-studio-in/STT_Audio_Datasets/Cult_Source/2576629_2025_02_06_08_35_GMT_384_segment_059.mp3,ठीक है मैं अपना अभी अपका number save कर लेता हूँ
s3://label-studio-in/STT_Audio_Datasets/Cult_Source/2576629_2025_02_06_08_35_GMT_384_segment_060.mp3,मैं आपको बताता हूँ कैसे कर सकता है यह WhatsApp पे भी अवेलेवल है क्या?
s3://label-studio-in/STT_Audio_Datasets/Cult_Source/2576629_2025_02_06_08_35_GMT_384_segment_063.mp3,"उसी number, WhatsApp number पे मेरे को message कीजिए, अगर कोई बेतर offer है, तो surely आपको help करूँगा, best of best,"
s3://label-studio-in/STT_Audio_Datasets/Cult_Source/2576629_2025_02_06_08_35_GMT_384_segment_065.mp3,यहाँ पे उनसे बताइए अगर उनको समझ में नहीं है तो उन्हें WhatsApp नंबर पे message कीजे
s3://label-studio-in/STT_Audio_Datasets/Cult_Source/2576629_2025_02_06_08_35_GMT_384_segment_066.mp3,बिल्कुल मैं उनके लिए भी call करके उनके लिए भी बेतर offer apply कर दूँगा और उनके लिए भी explain कर दूँगा
s3://label-studio-in/STT_Audio_Datasets/Cult_Source/2594475_2025_01_15_08_59_GMT_384_segment_001.mp3,लेकिन can we have a call for two minutes in case if you are free sir
s3://label-studio-in/STT_Audio_Datasets/Cult_Source/1808159_2024_07_03_10_15_GMT_384_segment_001.mp3,आराम से कोई बात नहीं आप आज जी आपने time ले सकते हैं
s3://label-studio-in/STT_Audio_Datasets/Cult_Source/1808159_2024_07_03_10_15_GMT_384_segment_002.mp3,अगर आप किसी को refer करते हैं तो आपको 15 से 30 दिन
s3://label-studio-in/STT_Audio_Datasets/Cult_Source/1808159_2024_07_03_10_15_GMT_384_segment_005.mp3,"तो मेरे लिए 70, 80 और 100 कोई बड़ी बात नहीं होगी और आपके लिए discount करने के, but कोई मेरे system में option ही नहीं है,"
s3://label-studio-in/STT_Audio_Datasets/Cult_Source/1808159_2024_07_03_10_15_GMT_384_segment_006.mp3,कल में आपको Amazon voucher भी नहीं मिल रही थी और pricing भी higher थी
s3://label-studio-in/STT_Audio_Datasets/Cult_Source/1808159_2024_07_03_10_15_GMT_384_segment_012.mp3,क्योंकि Amazon voucher भी हर रोज नहीं आती है और मेरी additional discount भी रोज नहीं आती है।
s3://label-studio-in/STT_Audio_Datasets/Cult_Source/1808159_2024_07_03_10_15_GMT_384_segment_013.mp3,"तो वो उस दिन से start कर सकते हैं, अगर वो घर जा रहे हैं, तो उसे फिर से date भी postpone कर सकते हैं, मैंने बताया,"
s3://label-studio-in/STT_Audio_Datasets/Cult_Source/1808159_2024_07_03_10_15_GMT_384_segment_014.mp3,"दो महीने की उन्हें buffer time मिल जा रही है,"
s3://label-studio-in/STT_Audio_Datasets/Cult_Source/1808159_2024_07_03_10_15_GMT_384_segment_016.mp3,"देखिए फिर वहाँ पे EMI और कार्ड जाएगी, कौन सी credit card है आपकी?"
s3://label-studio-in/STT_Audio_Datasets/Cult_Source/1808159_2024_07_03_10_15_GMT_384_segment_017.mp3,"HDFC, ठीक है, तो उसने देखे, no cost CMI option available है, तो,"
s3://label-studio-in/STT_Audio_Datasets/Cult_Source/1808159_2024_07_03_10_15_GMT_384_segment_018.mp3,"और 12 months, 9 months, 6 months कौन से plan के साथ जाएंगे आप"
s3://label-studio-in/STT_Audio_Datasets/Cult_Source/1808159_2024_07_03_10_15_GMT_384_segment_020.mp3,देखिये अगर वो आपको दिख रहा है बट वो शायद होती नहीं है basically वो बस दिखा रही होगी वो चलेगी नहीं शायद
s3://label-studio-in/STT_Audio_Datasets/Cult_Source/1808159_2024_07_03_10_15_GMT_384_segment_021.mp3,जी अबाजी देखिए ये basically हमारे पास cancellation policy तो नहीं है
s3://label-studio-in/STT_Audio_Datasets/Cult_Source/1808159_2024_07_03_10_15_GMT_384_segment_024.mp3,customer support को reach कर सकते है but वही है कि मैं आपको इसमें कुछ बोल नहीं सकता हूँ
s3://label-studio-in/STT_Audio_Datasets/Cult_Source/1808159_2024_07_03_10_15_GMT_384_segment_027.mp3,ठीक है ठीक है आप करिएगा तो मैं वहीं पे add कर दूँगा आप वहाँ से
s3://label-studio-in/STT_Audio_Datasets/Cult_Source/1808159_2024_07_03_10_15_GMT_384_segment_028.mp3,क्या आप एक बर cult application खोल सकते हैं वहाँ पर?
s3://label-studio-in/STT_Audio_Datasets/Cult_Source/1808159_2024_07_03_10_15_GMT_384_segment_029.mp3,किसी को refer करता हूँ मेरे को तो 15 to 30 days extension होगा
s3://label-studio-in/STT_Audio_Datasets/Cult_Source/1808159_2024_07_03_10_15_GMT_384_segment_032.mp3,क्योंकि वो होगा नहीं अगर वो डाउनलोड किये होंगे पहले application तो
s3://label-studio-in/STT_Audio_Datasets/Cult_Source/1808159_2024_07_03_10_15_GMT_384_segment_033.mp3,"वहाँ पे देखिये, 12 months कल पास elite रहेगा, लिखा हुआ,"
s3://label-studio-in/STT_Audio_Datasets/Cult_Source/1808159_2024_07_03_10_15_GMT_384_segment_034.mp3,"आपको orders दिखा, orders पे आप click किये right, 12 months early click किये."
s3://label-studio-in/STT_Audio_Datasets/Cult_Source/1808159_2024_07_03_10_15_GMT_384_segment_036.mp3,"orders में करिए, फिर 12 months elite देखिए, लिखा होगा,"
s3://label-studio-in/STT_Audio_Datasets/Cult_Source/1808159_2024_07_03_10_15_GMT_384_segment_037.mp3,फिर उस पर क्लिक करिये 12 months elite पे और आप नीचे स्क्रॉल करियेगा
s3://label-studio-in/STT_Audio_Datasets/Cult_Source/1808159_2024_07_03_10_15_GMT_384_segment_038.mp3,"ठीक है, अब उसे copy करके आप paste करिए, Google या browser Safari आप जो भी use करते हैं अपने phone में."
s3://label-studio-in/STT_Audio_Datasets/Cult_Source/1808159_2024_07_03_10_15_GMT_384_segment_041.mp3,अच्छा ठीक है तो आप एक काम करिए वो Amazon application तो नहीं खोलेगी बट मैं suggest करूँगा
s3://label-studio-in/STT_Audio_Datasets/Cult_Source/1808159_2024_07_03_10_15_GMT_384_segment_042.mp3,"आप अपने number पे Amazon डाउनलोड कर लीजे एक बार, तो मैं वहाँ पे आइट करवा दूँगा आपके लिए."
s3://label-studio-in/STT_Audio_Datasets/Cult_Source/1808159_2024_07_03_10_15_GMT_384_segment_044.mp3,ठीक है अभी वापस आप cult application खोल दीजिये आप एक बार login कर लीजिये
s3://label-studio-in/STT_Audio_Datasets/Cult_Source/1808159_2024_07_03_10_15_GMT_384_segment_045.mp3,वो link google पे पेश करिये आप या कहीं पे
s3://label-studio-in/STT_Audio_Datasets/Cult_Source/1808159_2024_07_03_10_15_GMT_384_segment_046.mp3,"देखिए आप paste करेंगे तो एक page खुलेगी, वहाँ पे आपको बोला जाएगा,"
s3://label-studio-in/STT_Audio_Datasets/Cult_Source/1808159_2024_07_03_10_15_GMT_384_segment_047.mp3,"यह वाली, आप नंबर देजे तो आपको एक OTP आ जाएगी."
s3://label-studio-in/STT_Audio_Datasets/Cult_Source/1808159_2024_07_03_10_15_GMT_384_segment_052.mp3,"हाँ, एक काम करें, आप जैसे copy कर लिये हैं, अब आप Amazon application खोलिये,"
s3://label-studio-in/STT_Audio_Datasets/Cult_Source/1808159_2024_07_03_10_15_GMT_384_segment_053.mp3,"और वहाँ पे देखे, नीचे में आपको Amazon, मतलब वहाँ पे तीन line दिख रही होगी, menu करके,"
s3://label-studio-in/STT_Audio_Datasets/Cult_Source/1808159_2024_07_03_10_15_GMT_384_segment_056.mp3,उस पे क्लिक करिए और फिर देखिए आपको वहाँ पे आप जब Amazon Pay पे क्लिक करते हैं तो Add Gift Cards करके एक ओक्शन आएगी
s3://label-studio-in/STT_Audio_Datasets/Cult_Source/1808159_2024_07_03_10_15_GMT_384_segment_057.mp3,"sorry, हाँ, जो आपने code copy की थी न, उसे paste कर दीजिये आप वहाँ पर,"
s3://label-studio-in/STT_Audio_Datasets/Cult_Source/1808159_2024_07_03_10_15_GMT_384_segment_059.mp3,और दूसरी चीज आपके friend के लिए अगर आप बोलेंगे
s3://label-studio-in/STT_Audio_Datasets/Cult_Source/2676868_2025_02_02_08_49_GMT_384_segment_009.mp3,यही best offer है आज के लिए और future days के लिए because अभी कोई भी festival या कुछ भी नहीं है
s3://label-studio-in/STT_Audio_Datasets/Cult_Source/2380485_2024_11_25_12_51_GMT_384_segment_001.mp3,पर्ट की application में प्राइजेज चेक करें तो राइट मेंबर्शिप रिन्यू करने के लिए
s3://label-studio-in/STT_Audio_Datasets/Cult_Source/2380485_2024_11_25_12_51_GMT_384_segment_002.mp3,Elite membership के लिए अगर आप देख रहे हैं तो
s3://label-studio-in/STT_Audio_Datasets/Cult_Source/2380485_2024_11_25_12_51_GMT_384_segment_003.mp3,"प्राइसिंग आके 24 months के लिए अगर मैं स्टार्ट करता हूँ तो प्राइसिंग आपको 34,990 पढ़ रहा है"
s3://label-studio-in/STT_Audio_Datasets/Cult_Source/2380485_2024_11_25_12_51_GMT_384_segment_005.mp3,"या तो मैं 26 month का membership आपको दे सकता हूँ,"
s3://label-studio-in/STT_Audio_Datasets/Cult_Source/2380485_2024_11_25_12_51_GMT_384_segment_008.mp3,"उसमें option तो आ रहा था free tire का, लेकिन उसके बाद मैं proceed नहीं कर पाया."
s3://label-studio-in/STT_Audio_Datasets/Cult_Source/2380485_2024_11_25_12_51_GMT_384_segment_010.mp3,अगर आपको दिखाएगा तो दो बार दिखाएगा मतलब trials आपके पास दो trials होंगे
s3://label-studio-in/STT_Audio_Datasets/Cult_Source/2380485_2024_11_25_12_51_GMT_384_segment_013.mp3,यह महीं करना है मुझे तो group classes नहीं करनी है
s3://label-studio-in/STT_Audio_Datasets/Cult_Source/2380485_2024_11_25_12_51_GMT_384_segment_014.mp3,आप अगर discount या offer के लिए देख रहे हैं तो price already कम है जिसमें आपको और discount provide कर सकता हूँ मैं.
s3://label-studio-in/STT_Audio_Datasets/Cult_Source/2380485_2024_11_25_12_51_GMT_384_segment_015.mp3,2000 से अच्छा तो मैं 2 महीने extend करा लूँ फिर
s3://label-studio-in/STT_Audio_Datasets/Cult_Source/2380485_2024_11_25_12_51_GMT_384_segment_017.mp3,नहीं भी भी जा सकते 2 month का extension चाहिए आपको तो मैं वो activate करके आपके application में रख सकता हूँ
s3://label-studio-in/STT_Audio_Datasets/Cult_Source/2380485_2024_11_25_12_51_GMT_384_segment_020.mp3,"अगर उपर नीचे होता भी है, तो payment के बाद आपके पास एक और option रहेगा,"
s3://label-studio-in/STT_Audio_Datasets/Cult_Source/2380485_2024_11_25_12_51_GMT_384_segment_021.mp3,"जहांपे आप अपना started, pre-pwned या postponed एक और बार कर सकते हैं."
s3://label-studio-in/STT_Audio_Datasets/Cult_Source/2380485_2024_11_25_12_51_GMT_384_segment_022.mp3,एक payment से पहले आते हैं एक payment के बाद आएगा
s3://label-studio-in/STT_Audio_Datasets/Cult_Source/2380485_2024_11_25_12_51_GMT_384_segment_025.mp3,बट आप elite plus में convert करते हैं तो आपको pause period जो है 120 pause period मिलेगा total
s3://label-studio-in/STT_Audio_Datasets/Cult_Source/2380485_2024_11_25_12_51_GMT_384_segment_028.mp3,"जहांपे ये पॉस्ट बेट बोलता है, मतलब for example आज आपने purchase कर लिया, तीन दिन बाद आपका कुछ प्लान है,"
s3://label-studio-in/STT_Audio_Datasets/Cult_Source/2380485_2024_11_25_12_51_GMT_384_segment_030.mp3,"तो अब आप अपना membership एक दिन पहले 5 दिन के लिए freeze कर सकते हैं,"
s3://label-studio-in/STT_Audio_Datasets/Cult_Source/2380485_2024_11_25_12_51_GMT_384_segment_031.mp3,"तो भी ये carry forward होगा back के end में,"
s3://label-studio-in/STT_Audio_Datasets/Cult_Source/2380485_2024_11_25_12_51_GMT_384_segment_037.mp3,"24 मैं यही बोल रहा हूँ कि आपको दुसरे city में,"
s3://label-studio-in/STT_Audio_Datasets/Cult_Source/2380485_2024_11_25_12_51_GMT_384_segment_039.mp3,"आप attain कर सकते हैं दूसरे city में, but elite plus में आप convert करते हैं ना,"
s3://label-studio-in/STT_Audio_Datasets/Cult_Source/2380485_2024_11_25_12_51_GMT_384_segment_041.mp3,120 x 120 बार आप दुसरे city में कहीं भी भी access कर सकते हैं
s3://label-studio-in/STT_Audio_Datasets/Cult_Source/2380485_2024_11_25_12_51_GMT_384_segment_042.mp3,एक और option है जहाँ पे आप 120 दिन के अंदर
s3://label-studio-in/STT_Audio_Datasets/Cult_Source/2380485_2024_11_25_12_51_GMT_384_segment_043.mp3,अपना membership किसी और को भी transfer करना चाहे तो कर सकते हैं.
s3://label-studio-in/STT_Audio_Datasets/Cult_Source/2380485_2024_11_25_12_51_GMT_384_segment_044.mp3,"और ये transfer होनी को होगा जो नए user है, मतलब..."
s3://label-studio-in/STT_Audio_Datasets/Cult_Source/2380485_2024_11_25_12_51_GMT_384_segment_045.mp3,जब पहले किसी ने occult use नहीं किया उनको ही transfer हो जाएगा ये अगर आप चाहते हैं तो
s3://label-studio-in/STT_Audio_Datasets/Cult_Source/2380485_2024_11_25_12_51_GMT_384_segment_046.mp3,"और साथी साथ आपको यहाँ पे Cult Home Membership भी मिलेगा,"
s3://label-studio-in/STT_Audio_Datasets/Cult_Source/2380485_2024_11_25_12_51_GMT_384_segment_047.mp3,"अब Cult Home Membership में क्या होता है कि आपको live workout मिलता है, मतलब आप अपने smart TV से connect करेंगे ना,"
s3://label-studio-in/STT_Audio_Datasets/Cult_Source/2380485_2024_11_25_12_51_GMT_384_segment_049.mp3,जापे आप अपने family members भी attend कर सकते हैं साथ साथ meditation
s3://label-studio-in/STT_Audio_Datasets/Cult_Source/2380485_2024_11_25_12_51_GMT_384_segment_050.mp3,और आपको protein related intake मतलब protein बनाने के लिए क्या-क्या
s3://label-studio-in/STT_Audio_Datasets/Cult_Source/2380485_2024_11_25_12_51_GMT_384_segment_051.mp3,"ये सब आपको guide किया जाएगा इसने, cult home membership में."
s3://label-studio-in/STT_Audio_Datasets/Cult_Source/2380485_2024_11_25_12_51_GMT_384_segment_056.mp3,"elite में नहीं मिलेगा, बट elite plus में आपको 10 मिलेगा, total."
s3://label-studio-in/STT_Audio_Datasets/Cult_Source/2380485_2024_11_25_12_51_GMT_384_segment_057.mp3,लस के लिए देख रहे थो या तो मैं आपको discount राइक कर सकता हूँ उसने भी
s3://label-studio-in/STT_Audio_Datasets/Cult_Source/2380485_2024_11_25_12_51_GMT_384_segment_060.mp3,"अगर मैं आपको 2500 का discount दूँगा तो 35,490 आपको मिलेगा"
s3://label-studio-in/STT_Audio_Datasets/Cult_Source/2380485_2024_11_25_12_51_GMT_384_segment_061.mp3,"और अगर आप लो कॉस्ट TMI से पर्चेस करेंगे तो आपको और डिस्काउंट मिल सकता है, वहाँ पे में 700 से लेके 2000 तक और प्राइस डॉप हो जाएगा."
s3://label-studio-in/STT_Audio_Datasets/Cult_Source/2380485_2024_11_25_12_51_GMT_384_segment_065.mp3,"देखिये 24 months अगर elite plus के लिए तो discount के बाद 35,490 होगा"
s3://label-studio-in/STT_Audio_Datasets/Cult_Source/2380485_2024_11_25_12_51_GMT_384_segment_067.mp3,"but bank के offer के साथ आपको 33 कुछ पड़ेगा,"
s3://label-studio-in/STT_Audio_Datasets/Cult_Source/2380485_2024_11_25_12_51_GMT_384_segment_068.mp3,"मेरे discount के बाद और bank offer के साथ आपको almost 30,000 में पड़ेगा,"
s3://label-studio-in/STT_Audio_Datasets/Cult_Source/2380485_2024_11_25_12_51_GMT_384_segment_070.mp3,"तो आपको दो महीने का extension दे दूँ आपने प्राइसे सीम रहे हैं अगर 34,990"
s3://label-studio-in/STT_Audio_Datasets/Cult_Source/2380485_2024_11_25_12_51_GMT_384_segment_073.mp3,तो भी आपको pay करना होगा क्योंकि prices ज्यादा है इसमें
s3://label-studio-in/STT_Audio_Datasets/Cult_Source/2380485_2024_11_25_12_51_GMT_384_segment_074.mp3,"या तो मैं आपको 2500 पर discount राइट कर सकता हूँ, या तो 2 मेने का extension है।"
s3://label-studio-in/STT_Audio_Datasets/Cult_Source/2380485_2024_11_25_12_51_GMT_384_segment_075.mp3,बेटे देखिये अगर आप extension लेते हैं तो दो साल के बाद
s3://label-studio-in/STT_Audio_Datasets/Cult_Source/2380485_2024_11_25_12_51_GMT_384_segment_076.mp3,भी आपको मतलब कुछ action of pay करेंगे जरूरत नहीं क्योंकि आपका तो membership वहाँ पे running होगा
s3://label-studio-in/STT_Audio_Datasets/Cult_Source/2380485_2024_11_25_12_51_GMT_384_segment_077.mp3,कि वापस purchase करेंगे तो तब तक तो price हल्का जादा जाएगा
s3://label-studio-in/STT_Audio_Datasets/Cult_Source/2380485_2024_11_25_12_51_GMT_384_segment_078.mp3,आप Elite Plus के लिए देखने हैं या फिर Elite Membership के लिए हैं?
s3://label-studio-in/STT_Audio_Datasets/Cult_Source/2380485_2024_11_25_12_51_GMT_384_segment_079.mp3,"मैंने वैसे काम किया, मैंने दोनों में activate कर दिया है,"
s3://label-studio-in/STT_Audio_Datasets/Cult_Source/2380485_2024_11_25_12_51_GMT_384_segment_080.mp3,आप 24 months के लिए दोनों में check कर पाएंगे application में.
s3://label-studio-in/STT_Audio_Datasets/Cult_Source/2380485_2024_11_25_12_51_GMT_384_segment_082.mp3,या तो आप WhatsApp में मैंने आपको data share किया है
s3://label-studio-in/STT_Audio_Datasets/Cult_Source/2380485_2024_11_25_12_51_GMT_384_segment_090.mp3,Elite में membership है तो आपको access सारे में मिलेंगे
s3://label-studio-in/STT_Audio_Datasets/Cult_Source/2380485_2024_11_25_12_51_GMT_384_segment_091.mp3,Elite Plus में आपको 10 classes मिलेंगे overall दो साल के अंदर.
s3://label-studio-in/STT_Audio_Datasets/Cult_Source/2380485_2024_11_25_12_51_GMT_384_segment_093.mp3,"आप चाहें तो purchase आप 12 बजे के पहले कर सकते हैं, sorry 11 बजे के पहले कर सकते हैं,"
s3://label-studio-in/STT_Audio_Datasets/Cult_Source/2380485_2024_11_25_12_51_GMT_384_segment_094.mp3,बट आप interested है तो मैं आपको discount बता सकता हूँ कितने तक आपको मिल सकता है no cost EMI में
s3://label-studio-in/STT_Audio_Datasets/Cult_Source/2380485_2024_11_25_12_51_GMT_384_segment_101.mp3,"कोई भी center select कीजिएगा, बाद में change कर सकते हैं आप,"
s3://label-studio-in/STT_Audio_Datasets/Cult_Source/2380485_2024_11_25_12_51_GMT_384_segment_105.mp3,"payment option में आपको cards on EMI करके option आए, credit card, debit card and cards on EMI,"
s3://label-studio-in/STT_Audio_Datasets/Cult_Source/2380485_2024_11_25_12_51_GMT_384_segment_106.mp3,EMI cards वो select करने के बाद आपका जो bank है
s3://label-studio-in/STT_Audio_Datasets/Cult_Source/2380485_2024_11_25_12_51_GMT_384_segment_107.mp3,बारा मेने का रहेगा उसमें EMI Max to Max और बारा मेने में सिलेक्ट कर सकता है।
s3://label-studio-in/STT_Audio_Datasets/Cult_Source/2380485_2024_11_25_12_51_GMT_384_segment_108.mp3,12 months select करने के बाद आपका payable कुछ और drop हो जाएगा
s3://label-studio-in/STT_Audio_Datasets/Cult_Source/2380485_2024_11_25_12_51_GMT_384_segment_111.mp3,आपको OTP और सब कार्ड details add करना होगा but आपको एक है
s3://label-studio-in/STT_Audio_Datasets/Cult_Source/2380485_2024_11_25_12_51_GMT_384_segment_114.mp3,आप अपना कार्ड डिटेल करके OTP कर दीजिएगा तो आपका पेविंट भी हो जाएगा
s3://label-studio-in/STT_Audio_Datasets/Cult_Source/2380485_2024_11_25_12_51_GMT_384_segment_116.mp3,"but आप पहले से बताकर नहीं रखेंगे, मतलब पूछ रहा हूँ, just,"
s3://label-studio-in/STT_Audio_Datasets/Cult_Source/2380485_2024_11_25_12_51_GMT_384_segment_120.mp3,जब तक purchase कर लीजिएगा तो आपको discount prices मिल जाएगा
s3://label-studio-in/STT_Audio_Datasets/Cult_Source/2380485_2024_11_25_12_51_GMT_384_segment_123.mp3,"जिम नहीं है, group classes है वो, मतलब आपको dance fitness, boxing,"
s3://label-studio-in/STT_Audio_Datasets/Cult_Source/2380485_2024_11_25_12_51_GMT_384_segment_125.mp3,"जान सकते हैं, even आपको muscle building के लिए देख रहे हैं तो मैं"
s3://label-studio-in/STT_Audio_Datasets/Cult_Source/2380485_2024_11_25_12_51_GMT_384_segment_126.mp3,रेकमेंट करूँगा आपको स्ट्रेंटेंट कर्निश्टिनिंग और HRX वर्काउट है ना
s3://label-studio-in/STT_Audio_Datasets/Cult_Source/2380485_2024_11_25_12_51_GMT_384_segment_129.mp3,मैंको यहाँ पे distance तो नहीं दिखा रहा बट ये आके पंकज रोड में है
s3://label-studio-in/STT_Audio_Datasets/Cult_Source/2380485_2024_11_25_12_51_GMT_384_segment_130.mp3,पापा भी देख रहे है तो उनके नंबर भी मैं activate कर देता हूँ CM discount
s3://label-studio-in/STT_Audio_Datasets/Cult_Source/2380485_2024_11_25_12_51_GMT_384_segment_132.mp3,आपका मतलब कई flight वो मैं देख पा रहा हूँ यहाँ पर membership था
s3://label-studio-in/STT_Audio_Datasets/Cult_Source/2380485_2024_11_25_12_51_GMT_384_segment_133.mp3,"मैं भी एक बाद चेक कर लेता हूँ, उनके number पर अगर available है,"
s3://label-studio-in/STT_Audio_Datasets/Cult_Source/2380485_2024_11_25_12_51_GMT_384_segment_134.mp3,में उनको सिर्फ 500 का discount मिलेगा और आपको एक मेने का extension
s3://label-studio-in/STT_Audio_Datasets/Cult_Source/2380485_2024_11_25_12_51_GMT_384_segment_135.mp3,"but मैं या तो 2000 का discount, या तो 2 मेने का extension पर आइड कर सकता हूँ."
s3://label-studio-in/STT_Audio_Datasets/Cult_Source/2380485_2024_11_25_12_51_GMT_384_segment_136.mp3,extensions में आपको provide किया है 120 तो आपको pause field भी मिल रहा है
s3://label-studio-in/STT_Audio_Datasets/Cult_Source/2380485_2024_11_25_12_51_GMT_384_segment_138.mp3,WhatsApp में मेरे पास option नहीं है वो सिर्फ मेरे पास यहाँ पे WhatsApp में detail बेजने का options है
s3://label-studio-in/STT_Audio_Datasets/Cult_Source/2380485_2024_11_25_12_51_GMT_384_segment_139.mp3,नेता आप बताएंगे तो मैं note down कर लेता हूँ यहाँ पे
s3://label-studio-in/STT_Audio_Datasets/Cult_Source/2380485_2024_11_25_12_51_GMT_384_segment_140.mp3,add करने के लिए क्योंकि आपने सिर्फ number या ना name भी पूछते हैं में को add करने के लिए
s3://label-studio-in/STT_Audio_Datasets/Cult_Source/2380485_2024_11_25_12_51_GMT_384_segment_144.mp3,extension कर दो ना plus के लिए और दोनों के लिए मैं कर देता हूँ
s3://label-studio-in/STT_Audio_Datasets/Cult_Source/2380485_2024_11_25_12_51_GMT_384_segment_151.mp3,कि जो आपको कमी मिल रहा है वैसे अब calculate करेंगे ना
s3://label-studio-in/STT_Audio_Datasets/Cult_Source/2380485_2024_11_25_12_51_GMT_384_segment_152.mp3,"बाकि आप जिम से भी compare करेंगे न, लोकल जिम से भी, उससे भी कम आपको अकल्ट में मिल रहा है."
s3://label-studio-in/STT_Audio_Datasets/Cult_Source/2380485_2024_11_25_12_51_GMT_384_segment_154.mp3,general trainer provide किया जाएगा आपको AI access रहेगा यहाँ पे AI मतलब artificial intelligence
s3://label-studio-in/STT_Audio_Datasets/Cult_Source/2380485_2024_11_25_12_51_GMT_384_segment_155.mp3,जो आपके BMI report मतलब आपके body mass and index
s3://label-studio-in/STT_Audio_Datasets/Cult_Source/2380485_2024_11_25_12_51_GMT_384_segment_156.mp3,"fitness goal set करेंगे ना AI में मतलब weight gain, weight loss और general fitness कोई भी"
s3://label-studio-in/STT_Audio_Datasets/Cult_Source/2380485_2024_11_25_12_51_GMT_384_segment_159.mp3,"कितना weight loss किया, कितना gain किया, कितना muscle percentage आपका increase हुआ,"
s3://label-studio-in/STT_Audio_Datasets/Cult_Source/2380485_2024_11_25_12_51_GMT_384_segment_160.mp3,अब BMI report आप free of cost निकाल सकते सेंटर से
s3://label-studio-in/STT_Audio_Datasets/Cult_Source/2380485_2024_11_25_12_51_GMT_384_segment_162.mp3,"नहीं, इंसान भी रहेगा, मतलब trainer भी रहेगे वहाँ पे आपको,"
s3://label-studio-in/STT_Audio_Datasets/Cult_Source/2380485_2024_11_25_12_51_GMT_384_segment_164.mp3,"workout कितना calories कितना gain करें, कितना lose करें आप"
s3://label-studio-in/STT_Audio_Datasets/Cult_Source/2380485_2024_11_25_12_51_GMT_384_segment_167.mp3,"मैं बोल रहा हूँ कि आपको दो guidance में मिलेंगे साथ इस साथ,"
s3://label-studio-in/STT_Audio_Datasets/Cult_Source/2380485_2024_11_25_12_51_GMT_384_segment_170.mp3,"back hair, shoulders के लिए workout बताइए तो वो guide करेंगे वैसे"
s3://label-studio-in/STT_Audio_Datasets/Cult_Source/2380485_2024_11_25_12_51_GMT_384_segment_171.mp3,अगर कोई भी confusion होता है तो आप call back कर सकते इसी number पे मेरा नाम वचन है
s3://label-studio-in/STT_Audio_Datasets/Cult_Source/2380485_2024_11_25_12_51_GMT_384_segment_172.mp3,तो मुझे notification आएगा और मैं आपको call back कर लूगा अपने से
s3://label-studio-in/STT_Audio_Datasets/Cult_Source/2380485_2024_11_25_12_51_GMT_384_segment_173.mp3,"आप कर सकते हैं, आप स्टार्ट करके आप change भी कर सकते हैं"
s3://label-studio-in/STT_Audio_Datasets/Cult_Source/2683696_2025_02_03_13_42_GMT_384_segment_001.mp3,जैसे कि मैं देख सकता हूँ कि आप membership purchase करने के लिए try कर रहे थे
s3://label-studio-in/STT_Audio_Datasets/Cult_Source/2683696_2025_02_03_13_42_GMT_384_segment_002.mp3,तो थोड़ा time मिल नहीं आ रहा है उसके लिए
s3://label-studio-in/STT_Audio_Datasets/Cult_Source/2683696_2025_02_03_13_42_GMT_384_segment_005.mp3,"इसमें आपको unlimited access मिलेगा सारे gyms के लिए आपके city में, okay?"
s3://label-studio-in/STT_Audio_Datasets/Cult_Source/2683696_2025_02_03_13_42_GMT_384_segment_006.mp3,"आप elite gyms को भी जा सकते हो, pro gyms को भी जा सकते हो और elite centers को भी जा सकते हो अपने सारे city में"
s3://label-studio-in/STT_Audio_Datasets/Cult_Source/2683696_2025_02_03_13_42_GMT_384_segment_007.mp3,"जो कि strength and conditioning, HRX, dance fitness, yoga और boxing sessions रहेंगे ठीक है"
s3://label-studio-in/STT_Audio_Datasets/Cult_Source/2683696_2025_02_03_13_42_GMT_384_segment_010.mp3,को explain कर दूंगा घर में अगर आप elite लेंगे elite membership लेंगे न
s3://label-studio-in/STT_Audio_Datasets/Cult_Source/2683696_2025_02_03_13_42_GMT_384_segment_011.mp3,आपको CTT transfer का option मिलेगा तो मैं देख लीजिए मैं आपको explain कर दूँगा कैसा है
s3://label-studio-in/STT_Audio_Datasets/Cult_Source/2683696_2025_02_03_13_42_GMT_384_segment_014.mp3,तब भी आपको कोई amount pay नहीं कर रहा है
s3://label-studio-in/STT_Audio_Datasets/Cult_Source/2683696_2025_02_03_13_42_GMT_384_segment_015.mp3,"आपके number of days adjust हो जाएगे membership में, ठीक है?"
s3://label-studio-in/STT_Audio_Datasets/Cult_Source/2683696_2025_02_03_13_42_GMT_384_segment_016.mp3,60 days के time के बाद आप फिर से second time या third time फिर कर सकते हो
s3://label-studio-in/STT_Audio_Datasets/Cult_Source/2683696_2025_02_03_13_42_GMT_384_segment_018.mp3,जैसे आप membership purchase करेंगे उसके बाद ही आपको app में पूरा सारा details आ देगा personal training का
s3://label-studio-in/STT_Audio_Datasets/Cult_Source/2683696_2025_02_03_13_42_GMT_384_segment_019.mp3,लेकिन सर ऐसा नहीं कि आपको personal trainer ही चाहिए बोले तो
s3://label-studio-in/STT_Audio_Datasets/Cult_Source/2683696_2025_02_03_13_42_GMT_384_segment_021.mp3,तो अगर आप gym में एक बार manager से बात करेंगे तो आपको हर trainer का यह prices बता देगे
s3://label-studio-in/STT_Audio_Datasets/Cult_Source/2683696_2025_02_03_13_42_GMT_384_segment_022.mp3,तो चाहिए तो मैं एलिट के offers भी explain कर दूँगा
s3://label-studio-in/STT_Audio_Datasets/Cult_Source/2683696_2025_02_03_13_42_GMT_384_segment_024.mp3,"इससे आपको 2 months का extension और 45 days का membership pause रहेगा,"
s3://label-studio-in/STT_Audio_Datasets/Cult_Source/2683696_2025_02_03_13_42_GMT_384_segment_025.mp3,45 days का pause और हर मेना आपको 5 session मिलेंगे
s3://label-studio-in/STT_Audio_Datasets/Cult_Source/2683696_2025_02_03_13_42_GMT_384_segment_027.mp3,जिम नहीं जाना चाहते हो तब मैंने आप membership pause कर सकते हो ठीक है
s3://label-studio-in/STT_Audio_Datasets/Cult_Source/2683696_2025_02_03_13_42_GMT_384_segment_032.mp3,2 week का count वहाँ से हो जाएगा मतलब 14 days कब हो जाएगा
s3://label-studio-in/STT_Audio_Datasets/Cult_Source/2683696_2025_02_03_13_42_GMT_384_segment_036.mp3,और ये prices के पर sir आपको discount देने के बाद मैं prices radius किया हूँ around 15640 rupees के लिए
s3://label-studio-in/STT_Audio_Datasets/Cult_Source/2683696_2025_02_03_13_42_GMT_384_segment_037.mp3,और अगर आप per month amount देखेंगे तो 1303 रुपीस पढ़ रहा है per month
s3://label-studio-in/STT_Audio_Datasets/Cult_Source/2683696_2025_02_03_13_42_GMT_384_segment_042.mp3,"आप अभी membership purchase करके न, आप एक मेने बाद भी start कर सकते हो, sir."
s3://label-studio-in/STT_Audio_Datasets/Cult_Source/2683696_2025_02_03_13_42_GMT_384_segment_044.mp3,आपको एक मेने का time मिलेगा अब ये एक मेने के अंदर
s3://label-studio-in/STT_Audio_Datasets/Cult_Source/2683696_2025_02_03_13_42_GMT_384_segment_046.mp3,और आपको EMI ऑप्शन भी अवेलेबल रहेगा हमारे तरफ से लोग पर EMI ऑप्शन अवेलेबल है
s3://label-studio-in/STT_Audio_Datasets/Cult_Source/2683696_2025_02_03_13_42_GMT_384_segment_047.mp3,कि आपके पास एक कड़ है तो EM Option के साथ जा सकते हो सिर
s3://label-studio-in/STT_Audio_Datasets/Cult_Source/2715949_2025_02_10_08_55_GMT_384_segment_001.mp3,तो यहां पर complete guidance provide की जाएगी जो की sustainable रहेगी meaning
s3://label-studio-in/STT_Audio_Datasets/Cult_Source/2715949_2025_02_10_08_55_GMT_384_segment_003.mp3,"को फिर से gain नहीं करेंगे, उसकी complete guarantee हम लोग आपको दे रहे हैं।"
s3://label-studio-in/STT_Audio_Datasets/Cult_Source/2715949_2025_02_10_08_55_GMT_384_segment_004.mp3,एक complete designated meal plan और diet plan प्रोवाइड किया जाएगा
s3://label-studio-in/STT_Audio_Datasets/Cult_Source/2715949_2025_02_10_08_55_GMT_384_segment_006.mp3,और शर्तों हम लोगों को यहां पर complete जो है
s3://label-studio-in/STT_Audio_Datasets/Cult_Source/2715949_2025_02_10_08_55_GMT_384_segment_007.mp3,प्रोग्राम है जो आपको complete हम लोग provide करते हैं
s3://label-studio-in/STT_Audio_Datasets/Cult_Source/2715949_2025_02_10_08_55_GMT_384_segment_008.mp3,यह सारी lifestyle को focus करता है जो पहले वाला है
s3://label-studio-in/STT_Audio_Datasets/Cult_Source/2715949_2025_02_10_08_55_GMT_384_segment_009.mp3,वो सिर्फ transform है वो एक general workout के लिए है यहां पर आपको
s3://label-studio-in/STT_Audio_Datasets/Cult_Source/2715949_2025_02_10_08_55_GMT_384_segment_011.mp3,"और आपको बस maintain करना है तो transform रहेगा, आपको अगर wait"
s3://label-studio-in/STT_Audio_Datasets/Cult_Source/2715949_2025_02_10_08_55_GMT_384_segment_017.mp3,तो आपके food cuisine के हिसाब से और आपके food preferences के हिसाब से
s3://label-studio-in/STT_Audio_Datasets/Cult_Source/2715949_2025_02_10_08_55_GMT_384_segment_018.mp3,उनसे one to one मेरी बात हो सकते हैं या सर्फ मुझे diet plan मिलेगा उनकी एंसे
s3://label-studio-in/STT_Audio_Datasets/Cult_Source/2715949_2025_02_10_08_55_GMT_384_segment_020.mp3,तो frequently मैं ही उनसे connect कर सकती हूँ या फिर उनको लग रहा है कि हाँ मेरे में कुछ changes नहीं आ रहा है
s3://label-studio-in/STT_Audio_Datasets/Cult_Source/2715949_2025_02_10_08_55_GMT_384_segment_021.mp3,आगे से call करेंगे और आपको complete provide करेंगे guidance यहाँ
s3://label-studio-in/STT_Audio_Datasets/Cult_Source/2715949_2025_02_10_08_55_GMT_384_segment_022.mp3,यहां पर आपको सबसे पहली चीज देखनी है कि आपका human interaction
s3://label-studio-in/STT_Audio_Datasets/Cult_Source/2715949_2025_02_10_08_55_GMT_384_segment_023.mp3,क्यूंकि technology की हिसाब से आप यह भी बोल सकते हो या फिर मैं भी बोल सकता हूँ आपको
s3://label-studio-in/STT_Audio_Datasets/Cult_Source/2715949_2025_02_10_08_55_GMT_384_segment_026.mp3,अगर AI based technology के ऊपर dependent रहना है तो आपके लिए वो बहतर हैगा
s3://label-studio-in/STT_Audio_Datasets/Cult_Source/2715949_2025_02_10_08_55_GMT_384_segment_028.mp3,"this is what I want, कि वो आगे से मुझे post करे, because"
s3://label-studio-in/STT_Audio_Datasets/Cult_Source/2715949_2025_02_10_08_55_GMT_384_segment_029.mp3,मैं चाहूँ मैं खुछ से कर सकती हूँ ठीक है I can do by myself
s3://label-studio-in/STT_Audio_Datasets/Cult_Source/2715949_2025_02_10_08_55_GMT_384_segment_030.mp3,What I need is मुझे कोई पुछ कर आगे से
s3://label-studio-in/STT_Audio_Datasets/Cult_Source/2715949_2025_02_10_08_55_GMT_384_segment_031.mp3,"सीजे से मुझे बोले कि हाँ करो, follow करो, then I can do."
s3://label-studio-in/STT_Audio_Datasets/Cult_Source/2715949_2025_02_10_08_55_GMT_384_segment_033.mp3,"ताकि वो आपका देख सकें कि आपका mood, hormonal changes, menstruation cycles,"
s3://label-studio-in/STT_Audio_Datasets/Cult_Source/2715949_2025_02_10_08_55_GMT_384_segment_035.mp3,"तो जितनी भी मतलब medical condition mindset से related है, hypertension,"
s3://label-studio-in/STT_Audio_Datasets/Cult_Source/2715949_2025_02_10_08_55_GMT_384_segment_039.mp3,4-5 years working in medical field और working in hospital से रहेगा ये तो minimum eligibility की है
s3://label-studio-in/STT_Audio_Datasets/Cult_Source/2715949_2025_02_10_08_55_GMT_384_segment_042.mp3,तो ये इन experts के साथ साथ अभी आपका जो fitness expert है वो trainer बन चाहिए
s3://label-studio-in/STT_Audio_Datasets/Cult_Source/2715949_2025_02_10_08_55_GMT_384_segment_044.mp3,और जो एक month classes हैं वो complete एक घंटे की एक class है
s3://label-studio-in/STT_Audio_Datasets/Cult_Source/2715949_2025_02_10_08_55_GMT_384_segment_045.mp3,जहां पर interactive रहेगा आपके साथ 3 या 4 लोग और workout करेंगे
s3://label-studio-in/STT_Audio_Datasets/Cult_Source/2715949_2025_02_10_08_55_GMT_384_segment_047.mp3,तो आप चाहे तो एक भी use कर सकते हो चाहे तो आप
s3://label-studio-in/STT_Audio_Datasets/Cult_Source/2715949_2025_02_10_08_55_GMT_384_segment_051.mp3,"resistant band इसलिए ताकि हम लोग आपको complete guarantee दे सके, muscle injury नहीं होगी resistant band में."
s3://label-studio-in/STT_Audio_Datasets/Cult_Source/2715949_2025_02_10_08_55_GMT_384_segment_052.mp3,एक momentum बना रहेगा कि आप जो pull कर रहे हो resistance band को
s3://label-studio-in/STT_Audio_Datasets/Cult_Source/2715949_2025_02_10_08_55_GMT_384_segment_053.mp3,तो उससे पता चलेगा कि कितने reps के dumbbells आप उठा रहे हो।
s3://label-studio-in/STT_Audio_Datasets/Cult_Source/2715949_2025_02_10_08_55_GMT_384_segment_054.mp3,"और biceps, triceps एक muscle toning के लिए body toning के लिए"
s3://label-studio-in/STT_Audio_Datasets/Cult_Source/2715949_2025_02_10_08_55_GMT_384_segment_059.mp3,जो अभी के लिए आप एक lowest price पर enroll कर सकते हो यहां पर
s3://label-studio-in/STT_Audio_Datasets/Cult_Source/2715949_2025_02_10_08_55_GMT_384_segment_060.mp3,क्योंकि आपको guidance ही मिल रही है एक full body check up तो mandatory है इसके साथ
s3://label-studio-in/STT_Audio_Datasets/Cult_Source/2715949_2025_02_10_08_55_GMT_384_segment_063.mp3,आपको complete जो diet है एक modulated diet एक PDF के format में मिलेगा आपके WhatsApp पर ही
s3://label-studio-in/STT_Audio_Datasets/Cult_Source/2715949_2025_02_10_08_55_GMT_384_segment_066.mp3,"If I need any changes कि कुछ चीज़ें मुझे डाइट में नहीं समझ आ रही हो,"
s3://label-studio-in/STT_Audio_Datasets/Cult_Source/2715949_2025_02_10_08_55_GMT_384_segment_067.mp3,Because I am so choosy मुझे कुछ-कुछ चीजें नहीं बिल्कुल जो खाने में नहीं
s3://label-studio-in/STT_Audio_Datasets/Cult_Source/2715949_2025_02_10_08_55_GMT_384_segment_070.mp3,"तो बहुत frequently जाते हैं हम 15 days, 16 days,"
s3://label-studio-in/STT_Audio_Datasets/Cult_Source/2715949_2025_02_10_08_55_GMT_384_segment_072.mp3,"इन इस duration क्या हम pause ले सकते हैं, रोक सकते हैं,"
s3://label-studio-in/STT_Audio_Datasets/Cult_Source/2715949_2025_02_10_08_55_GMT_384_segment_073.mp3,online program रहेगा तो pause days तो आपको provide नहीं होंगे यहाँ पर लेकिन
s3://label-studio-in/STT_Audio_Datasets/Cult_Source/2715949_2025_02_10_08_55_GMT_384_segment_078.mp3,convenient होता है ना कि हाँ मैंने इतने जिन घरोग
s3://label-studio-in/STT_Audio_Datasets/Cult_Source/2715949_2025_02_10_08_55_GMT_384_segment_081.mp3,15-20 days ऐसे करके पहुंचके तो वह days waste नहीं जाएंगे
s3://label-studio-in/STT_Audio_Datasets/Cult_Source/2715949_2025_02_10_08_55_GMT_384_segment_091.mp3,मैं आपको directly हम पर provide कर दूँगा program में ही.
s3://label-studio-in/STT_Audio_Datasets/Cult_Source/2715949_2025_02_10_08_55_GMT_384_segment_092.mp3,अगर आप 3 months की लिए जा रहे हैं तो 8 provides
s3://label-studio-in/STT_Audio_Datasets/Cult_Source/2715949_2025_02_10_08_55_GMT_384_segment_093.mp3,ले जा रहे हैं तो 2 प्रोवाइड कर दूंगा और आप 12 months के प्रोग्राम पर जा रहे हैं तो मैं आपको 3 लाप्टे
s3://label-studio-in/STT_Audio_Datasets/Cult_Source/2715949_2025_02_10_08_55_GMT_384_segment_095.mp3,"तो यहाँ पर 12 months का जो प्रोग्राम है वो आपको 22,500 पड़ेगा और per month का"
s3://label-studio-in/STT_Audio_Datasets/Cult_Source/2715949_2025_02_10_08_55_GMT_384_segment_098.mp3,"6 months का बताऊं, तो 6 months का आपको पड़ेगा 17,749."
s3://label-studio-in/STT_Audio_Datasets/Cult_Source/2715949_2025_02_10_08_55_GMT_384_segment_099.mp3,और अगर आप 3 months जा रहे हो तो 3 months का program आपको यहां पर
s3://label-studio-in/STT_Audio_Datasets/Cult_Source/2715949_2025_02_10_08_55_GMT_384_segment_101.mp3,क्योंकि 3 months के लिए यहाँ पर कोई बहुत सी मामूली medical condition है जो कि 3 months में ही reverse हो सकता है
s3://label-studio-in/STT_Audio_Datasets/Cult_Source/2715949_2025_02_10_08_55_GMT_384_segment_103.mp3,इससे हुआ है ताकि आपको भी complete benefit मिले और
s3://label-studio-in/STT_Audio_Datasets/Cult_Source/2715949_2025_02_10_08_55_GMT_384_segment_104.mp3,coaches आपके लिए काम कर रहे हैं उनको भी same benefit
s3://label-studio-in/STT_Audio_Datasets/Cult_Source/2715949_2025_02_10_08_55_GMT_384_segment_105.mp3,क्योंकि online प्रोग्राम है ना अगर gym की membership होती है
s3://label-studio-in/STT_Audio_Datasets/Cult_Source/2715949_2025_02_10_08_55_GMT_384_segment_108.mp3,"तो उस basis पर 12 months, 6 months और 3 months को price है।"
s3://label-studio-in/STT_Audio_Datasets/Cult_Source/2715949_2025_02_10_08_55_GMT_384_segment_109.mp3,3 months का plan compare करें तो 12 months का plan से कोई ज्यादा expensive नहीं है
s3://label-studio-in/STT_Audio_Datasets/Cult_Source/2715949_2025_02_10_08_55_GMT_384_segment_111.mp3,मेरे lifestyle मुझे ऐसा चाहिए कि मैं weight loss भी कर लूँ
s3://label-studio-in/STT_Audio_Datasets/Cult_Source/2715949_2025_02_10_08_55_GMT_384_segment_113.mp3,"हर रोज मुझे सोचना पड़ता है कि मैं क्या cook करूँ, कैसे बनूँ, क्या करना है"
s3://label-studio-in/STT_Audio_Datasets/Cult_Source/2715949_2025_02_10_08_55_GMT_384_segment_118.mp3,क्योंकि अभी प्राइस आप देखोगे माम 14 February के बाद अगर आप
s3://label-studio-in/STT_Audio_Datasets/Cult_Source/2715949_2025_02_10_08_55_GMT_384_segment_122.mp3,ऐसे कैसे process start होता है तो मुझे उनको भी समझाना है
s3://label-studio-in/STT_Audio_Datasets/Cult_Source/2715949_2025_02_10_08_55_GMT_384_segment_123.mp3,तो मुझे यही number पर आप मुझे forward कर दीजिए and plan ऐसा नहीं कि 12 months का
s3://label-studio-in/STT_Audio_Datasets/Cult_Source/2715949_2025_02_10_08_55_GMT_384_segment_124.mp3,तू एक 6 months या 3 months का भी मुझे शेयर कर देना?
s3://label-studio-in/STT_Audio_Datasets/Cult_Source/2715949_2025_02_10_08_55_GMT_384_segment_125.mp3,मैं आपको complete details शेयर करता हूँगा बस WhatsApp पर आप reply कर दीज़
s3://label-studio-in/STT_Audio_Datasets/Cult_Source/2579266_2025_01_21_10_40_GMT_384_segment_001.mp3,"या हाई सर, the call got disconnected, sorry for that"
s3://label-studio-in/STT_Audio_Datasets/Cult_Source/2579266_2025_01_21_10_40_GMT_384_segment_002.mp3,या यारतरल benefit can you please just let me know their number sir I will check and tell you what you have to do
s3://label-studio-in/STT_Audio_Datasets/Cult_Source/2579266_2025_01_21_10_40_GMT_384_segment_003.mp3,या सर as I can see that you have successfully activate the membership for the 6th month of Kalpas.
s3://label-studio-in/STT_Audio_Datasets/Cult_Source/1915951_2024_08_18_10_44_GMT_384_segment_001.mp3,"रिश्वेंगा जिरितेश कुमार, have you changed your name on the application by any chance?"
s3://label-studio-in/STT_Audio_Datasets/Cult_Source/2027669_2024_08_25_08_06_GMT_384_segment_001.mp3,प्रतिक्त I am calling for your weight loss program for the Transform Plus membership.
s3://label-studio-in/STT_Audio_Datasets/Cult_Source/2278742_2024_11_01_12_00_GMT_384_segment_003.mp3,मैंने वही बोला रहा था ना email update करने के लिए
s3://label-studio-in/STT_Audio_Datasets/Cult_Source/2278742_2024_11_01_12_00_GMT_384_segment_009.mp3,ये चो था न ये नंबर पे न referral था
s3://label-studio-in/STT_Audio_Datasets/Cult_Source/2278742_2024_11_01_12_00_GMT_384_segment_015.mp3,तो अभी जो आपका friend का number है वो मेरे को बताइए से
s3://label-studio-in/STT_Audio_Datasets/Cult_Source/2278742_2024_11_01_12_00_GMT_384_segment_016.mp3,ताकि मैं चेक कर सकूंगी उनको referral अभी तक क्यों नहीं आया
s3://label-studio-in/STT_Audio_Datasets/Cult_Source/2278742_2024_11_01_12_00_GMT_384_segment_026.mp3,आपका जो agent है हमारे इसमें जिसने activate किया था न आप उनको पूछो तो आपको detail बताएंगे
s3://label-studio-in/STT_Audio_Datasets/Cult_Source/2278742_2024_11_01_12_00_GMT_384_segment_028.mp3,यहां से मैंने कुछ refer किया था so I didn't do I didn't
s3://label-studio-in/STT_Audio_Datasets/Cult_Source/2278742_2024_11_01_12_00_GMT_384_segment_032.mp3,आपका वो जो screenshot है ना जो आपने refer करके आपको message आई you have referred your wife ऐसा करके message आई ना
s3://label-studio-in/STT_Audio_Datasets/Cult_Source/2278742_2024_11_01_12_00_GMT_384_segment_033.mp3,"जो लिख दिशे से पूरा की I had report my friend, I mean my wife and I haven't received any one month of extension."
s3://label-studio-in/STT_Audio_Datasets/Cult_Source/2278742_2024_11_01_12_00_GMT_384_segment_034.mp3,"आपको एक ticket ID मिलेगा और मेरे को एक ticket ID, you just help me with the ticket ID, that's it."
s3://label-studio-in/STT_Audio_Datasets/Cult_Source/2278742_2024_11_01_12_00_GMT_384_segment_035.mp3,जैसे आपने वहाँ उस पर email लिखा था इसी पर भी same email लिखकर same attachment
s3://label-studio-in/STT_Audio_Datasets/Cult_Source/2278742_2024_11_01_12_00_GMT_384_segment_039.mp3,जो आपने application में लिखा है वही आप email पर लिखिए
s3://label-studio-in/STT_Audio_Datasets/Cult_Source/2278742_2024_11_01_12_00_GMT_384_segment_040.mp3,और उसके साथ आप email attached मतलब वो जो photo है screenshot वो attached में
s3://label-studio-in/STT_Audio_Datasets/Cult_Source/2278742_2024_11_01_12_00_GMT_384_segment_041.mp3,वो तो already शायद registered हो चुका है न टिकेट
s3://label-studio-in/STT_Audio_Datasets/Cult_Source/2167921_2024_10_02_09_12_GMT_384_segment_003.mp3,जिसमें हम आपको तीन coaches दे रहे हैं जहाँ आपको खाली एक coach मिलता है
s3://label-studio-in/STT_Audio_Datasets/Cult_Source/2167921_2024_10_02_09_12_GMT_384_segment_004.mp3,"यहाँ में आपको psychiatrist दे रहे हैं, nutrition coach दे रहे हैं, plus you are providing your fitness coach."
s3://label-studio-in/STT_Audio_Datasets/Cult_Source/2167921_2024_10_02_09_12_GMT_384_segment_006.mp3,जब वर्काउट करूँगा जो एक trainer रहेगा मेरा personal trainer की बात कर रहे हो न आप जिसमें include होगा
s3://label-studio-in/STT_Audio_Datasets/Cult_Source/2167921_2024_10_02_09_12_GMT_384_segment_007.mp3,"हाँ जी, हाँ जी, हाँ जी, और नहीं रहेंगे, अब मेरे को बताओ, वो मेरे को कैसे guide करेंगे, समझो मैं gym में जा रहा हूँ, वहाँ पे heavy sound है, how they are going to help me out in that."
s3://label-studio-in/STT_Audio_Datasets/Cult_Source/2167921_2024_10_02_09_12_GMT_384_segment_008.mp3,"अगर मैं कोई bench press कर रहा हूँ या dumbbell ले रहा हूँ, मैं जो मेरा posture है, मेरा position है, जो मैं उसाब से उसको weight ले रहा हूँ,"
s3://label-studio-in/STT_Audio_Datasets/Cult_Source/2167921_2024_10_02_09_12_GMT_384_segment_011.mp3,for that yeah I do understand हमारा क्या होता है हम लोग online session organize कराते small group training session everyday
s3://label-studio-in/STT_Audio_Datasets/Cult_Source/2167921_2024_10_02_09_12_GMT_384_segment_014.mp3,मैं जब weight training करूँगा या जो भी करूँगा मेरा posture के लिए कैसे confirm करेगा या वो
s3://label-studio-in/STT_Audio_Datasets/Cult_Source/2167921_2024_10_02_09_12_GMT_384_segment_015.mp3,पहले जब आप कोई जिम जाएंगे तो obviously वहाँ पे एक normal trainer रहेगा ही रहेगा
s3://label-studio-in/STT_Audio_Datasets/Cult_Source/2167921_2024_10_02_09_12_GMT_384_segment_016.mp3,"तो इसलिए अगर आप एक membership ले रहे हैं, you will have a recorded video."
s3://label-studio-in/STT_Audio_Datasets/Cult_Source/2167921_2024_10_02_09_12_GMT_384_segment_017.mp3,और ऐसा नहीं है कि आपको ये membership लेने एक बाद हम आपको दोबारा call करेंगे बोलेंगे जर आप ये machine ले लो
s3://label-studio-in/STT_Audio_Datasets/Cult_Source/2167921_2024_10_02_09_12_GMT_384_segment_019.mp3,They have like 4-5 years of experience अगर आपके जिम्मेंबर्शिप नहीं है तो कोई दिक्कत के बात नहीं है
s3://label-studio-in/STT_Audio_Datasets/Cult_Source/2167921_2024_10_02_09_12_GMT_384_segment_020.mp3,इन 3 months they have lost 15 kgs of weight.
s3://label-studio-in/STT_Audio_Datasets/Cult_Source/2167921_2024_10_02_09_12_GMT_384_segment_021.mp3,"but I am not promising you, ऐसा बिल्कुल भी नहीं है, monthly I have"
s3://label-studio-in/STT_Audio_Datasets/Cult_Source/2167921_2024_10_02_09_12_GMT_384_segment_022.mp3,हम आपको healthy लेकर 2.5 to 3.5 kgs तक promise कर सकते हैं
s3://label-studio-in/STT_Audio_Datasets/Cult_Source/2167921_2024_10_02_09_12_GMT_384_segment_023.mp3,"metabolic भी depend करता है, immune system metabolic ऐसा कुछ भी है आपके रहा है तो"
s3://label-studio-in/STT_Audio_Datasets/Cult_Source/2167921_2024_10_02_09_12_GMT_384_segment_024.mp3,क्यों हर एक चीज यहाँ पे matter करता है तो
s3://label-studio-in/STT_Audio_Datasets/Cult_Source/2167921_2024_10_02_09_12_GMT_384_segment_027.mp3,ये लेट हाँ मैं मानता हूँ क्योंकि उसने refund policy नहीं है
s3://label-studio-in/STT_Audio_Datasets/Cult_Source/2167921_2024_10_02_09_12_GMT_384_segment_030.mp3,अच्छा आप बताओ आपका जो consultation जो ये जो आप plan बता रहे हो return वाला वो कितने का है?
s3://label-studio-in/STT_Audio_Datasets/Cult_Source/2167921_2024_10_02_09_12_GMT_384_segment_031.mp3,"तो आपको कोई 12, 6 months कुछ चाहिए था, 6 months से 12 months से 3 months."
s3://label-studio-in/STT_Audio_Datasets/Cult_Source/2167921_2024_10_02_09_12_GMT_384_segment_033.mp3,अगर आपको कोई भी ऐसा कुछ दाव होता है या कोई भी आपको concern है
s3://label-studio-in/STT_Audio_Datasets/Cult_Source/2167921_2024_10_02_09_12_GMT_384_segment_034.mp3,"मेरे personal clients है Australia में है, USA में है, Germany में है"
s3://label-studio-in/STT_Audio_Datasets/Cult_Source/2167921_2024_10_02_09_12_GMT_384_segment_036.mp3,अगर मैं honestly बोलो तो आपको अगर transform ले तो elite लेने का जरूरत नहीं रहेगा
s3://label-studio-in/STT_Audio_Datasets/Cult_Source/2167921_2024_10_02_09_12_GMT_384_segment_039.mp3,अगर मुझे personally पूछेंगे तो I won't recommend you to like go with both the plans
s3://label-studio-in/STT_Audio_Datasets/Cult_Source/2167921_2024_10_02_09_12_GMT_384_segment_040.mp3,But I don't want you to just invest a lot and be in the dilemma that में इतना पेशा डाल जिया है मैं और क्या करूँगा करेंगे
s3://label-studio-in/STT_Audio_Datasets/Cult_Source/2167921_2024_10_02_09_12_GMT_384_segment_042.mp3,जो इसमें हम offer करते हैं transform plus में तो आपको पड़ेगा 14249 पड़ता है ये plan ये
s3://label-studio-in/STT_Audio_Datasets/Cult_Source/2167921_2024_10_02_09_12_GMT_384_segment_044.mp3,"counseling रहेगा आपके साथ में, psychiatrist रहेगा जो आपको उस भी guide कर सकते हैं, जो भी आपको बोल रहे है bad habits है, obviously heal this car, help you out to push you out from there."
s3://label-studio-in/STT_Audio_Datasets/Cult_Source/2167921_2024_10_02_09_12_GMT_384_segment_045.mp3,इसलिए मैं बोल रहा हूँ मैं आपको 6 और 12 months नहीं चाहिए अगर आपको लाग test चाहिए तो 6 months जा सकते हैं
s3://label-studio-in/STT_Audio_Datasets/Cult_Source/2167921_2024_10_02_09_12_GMT_384_segment_047.mp3,I need that motivation bro मैं आप बता रहा हूँ ना आपको यार वो
s3://label-studio-in/STT_Audio_Datasets/Cult_Source/2167921_2024_10_02_09_12_GMT_384_segment_048.mp3,देखो कभी कभी इस इंसान को कुछ करने के लिए ना motivation की बहुत ज़रूरी है
s3://label-studio-in/STT_Audio_Datasets/Cult_Source/2167921_2024_10_02_09_12_GMT_384_segment_051.mp3,तो I want that personal bonding with someone कि वो वो बंदा मेरे पे जान दे रहा है तो मैं करूँगा ही
s3://label-studio-in/STT_Audio_Datasets/Cult_Source/2167921_2024_10_02_09_12_GMT_384_segment_052.mp3,"I'll just take a time, I'll just assign me करा दूँगा, एक जो मैं senior है, he is also of"
s3://label-studio-in/STT_Audio_Datasets/Cult_Source/2167921_2024_10_02_09_12_GMT_384_segment_053.mp3,जो आप बोल रहे हो perfect हो जाएगा लेकिन elite आपके लिए उत्तरा perfect नहीं जाएगा ठीक है आप just go ahead to gym and come back
s3://label-studio-in/STT_Audio_Datasets/Cult_Source/2167921_2024_10_02_09_12_GMT_384_segment_054.mp3,मेरे को अगर nutritionist के लिए भी अगर थोड़ा हाइलाइट के अलावा मेरे को देते हो कुछ
s3://label-studio-in/STT_Audio_Datasets/Cult_Source/2574223_2025_01_24_11_55_GMT_384_segment_001.mp3,"want the Amazon watcher, ठीक है, फिर कुछ काम नहीं आएगा,"
s3://label-studio-in/STT_Audio_Datasets/Cult_Source/2574223_2025_01_24_11_55_GMT_384_segment_002.mp3,"नहीं नहीं, correct है, मैं यह बुल रहा हूँ कि Amazon auction नहीं रहेगा, price वैसे ही रहेंगे, जो अब यह है,"
s3://label-studio-in/STT_Audio_Datasets/Cult_Source/2574223_2025_01_24_11_55_GMT_384_segment_004.mp3,मैं समझ रहा हूँ उनको कम में मिला होगा बट extension कम होगा यहाँ पे उनके पास यह extension नहीं होगा
s3://label-studio-in/STT_Audio_Datasets/Cult_Source/2574223_2025_01_24_11_55_GMT_384_segment_007.mp3,अगर मेरे पास होता तो definitely provide करता है यहाँ पे नहीं है यहाँ पे सिर्फ
s3://label-studio-in/STT_Audio_Datasets/Cult_Source/2574223_2025_01_24_11_55_GMT_384_segment_010.mp3,"मैं guide कर सकता हूँ, मैं guide कर सकता हूँ, अगर आप flipkart access credit card से purchase करेंगे न, तो वहाँ पे आपको और 4% का cash back मिलेगा,"
s3://label-studio-in/STT_Audio_Datasets/Cult_Source/2574223_2025_01_24_11_55_GMT_384_segment_014.mp3,तो तो avoid GST charges interest charges के लिए वो prices drop करके
s3://label-studio-in/STT_Audio_Datasets/Cult_Source/2574223_2025_01_24_11_55_GMT_384_segment_015.mp3,उसमें से मैंने almost दो तीन मैंने skip किया है
s3://label-studio-in/STT_Audio_Datasets/Cult_Source/2574223_2025_01_24_11_55_GMT_384_segment_017.mp3,"नहीं, रहते तो है, but they won't be having, इसमें क्या होता है न, कि application में जो है,"
s3://label-studio-in/STT_Audio_Datasets/Cult_Source/2574223_2025_01_24_11_55_GMT_384_segment_019.mp3,एक जन के लिए अलग से discount है वैसे हमारे पास यहाँ पर option ही नहीं है
s3://label-studio-in/STT_Audio_Datasets/Cult_Source/2574223_2025_01_24_11_55_GMT_384_segment_020.mp3,खुला नहीं होगा बट वहाँ पे agents रहेंगे ना नीचे
s3://label-studio-in/STT_Audio_Datasets/Cult_Source/2574223_2025_01_24_11_55_GMT_384_segment_023.mp3,available person वहाँ पे आज के लिए तो कोई किसी को खड़ा रख सकता है
s3://label-studio-in/STT_Audio_Datasets/Cult_Source/2574223_2025_01_24_11_55_GMT_384_segment_024.mp3,मैंने वैसे discount activate कर दिया है आप एक बर
s3://label-studio-in/STT_Audio_Datasets/Cult_Source/2574223_2025_01_24_11_55_GMT_384_segment_026.mp3,"ठीक है, ऐसा ऐसे काम कर सकते हैं न, मैं activate अभी लिख लेता हूँ,"
s3://label-studio-in/STT_Audio_Datasets/Cult_Source/2574223_2025_01_24_11_55_GMT_384_segment_027.mp3,"तो वहाँ पे 80% chances है, I am giving an 80% chances"
s3://label-studio-in/STT_Audio_Datasets/Cult_Source/2574223_2025_01_24_11_55_GMT_384_segment_031.mp3,यहाँ पे ऐसा है कि मेरे discount आपके application में reflect करेगा उनको वहाँ पे जाके वो activate करना होगा code लगाके
s3://label-studio-in/STT_Audio_Datasets/Cult_Source/2626557_2025_01_22_09_59_GMT_384_segment_011.mp3,"हाँ, तो मतलब possible है न, मैं वसे जानना चाहता हूँ"
s3://label-studio-in/STT_Audio_Datasets/Cult_Source/2626557_2025_01_22_09_59_GMT_384_segment_013.mp3,लेकिन different amount पे करना पड़ेगा अगर cost हो रहा है तो नहीं तो आपको
s3://label-studio-in/STT_Audio_Datasets/Cult_Source/2626557_2025_01_22_09_59_GMT_384_segment_014.mp3,ये मिलेगा extension मिलेगा आपका जो भी difference amount आएगा
s3://label-studio-in/STT_Audio_Datasets/Cult_Source/2626557_2025_01_22_09_59_GMT_384_segment_015.mp3,ये permanently shift कराने है तो भी कर सकते हैं because हम लोग
s3://label-studio-in/STT_Audio_Datasets/Cult_Source/2626557_2025_01_22_09_59_GMT_384_segment_016.mp3,overall yearly membership में और मतलब एग्रांपल अभी आपकी membership है 12 months की
s3://label-studio-in/STT_Audio_Datasets/Cult_Source/2626557_2025_01_22_09_59_GMT_384_segment_017.mp3,तीन बार तो city to city transfer कर सकते हैं
s3://label-studio-in/STT_Audio_Datasets/Cult_Source/2626557_2025_01_22_09_59_GMT_384_segment_018.mp3,इन Delhi NCA में भी मैं काम स्टार्ट कर रहा हूँ तो
s3://label-studio-in/STT_Audio_Datasets/Cult_Source/2626557_2025_01_22_09_59_GMT_384_segment_026.mp3,और मैं transfer करता हूँ तो तो कितनी fees लगेगी
s3://label-studio-in/STT_Audio_Datasets/Cult_Source/2626557_2025_01_22_09_59_GMT_384_segment_032.mp3,तो मैं आपको discount अप्लाई कर दूंगे आपके contact number पे.
s3://label-studio-in/STT_Audio_Datasets/Cult_Source/2434830_2024_12_07_12_46_GMT_384_segment_007.mp3,अगर तो उसी foot के हिसाब से आप वो guide करेंगे
s3://label-studio-in/STT_Audio_Datasets/Cult_Source/2434830_2024_12_07_12_46_GMT_384_segment_011.mp3,"हम दोनों ही करेंगे जब सब साथ में करेंगे, so that ये offer और ये जो बता रहे ना,"
s3://label-studio-in/STT_Audio_Datasets/Cult_Source/2434830_2024_12_07_12_46_GMT_384_segment_015.mp3,कल्टिफिट को मैं reach out कर सकूं और कल्टिफिट क्या है मेरी organization से जुड़ा हुआ है
s3://label-studio-in/STT_Audio_Datasets/Cult_Source/2434830_2024_12_07_12_46_GMT_384_segment_018.mp3,"तो उसको मत सोचो कि मैं आपको नहीं reach out करूँगी, मैं"
s3://label-studio-in/STT_Audio_Datasets/Cult_Source/2434830_2024_12_07_12_46_GMT_384_segment_021.mp3,तो ऐसा नहीं मैं वहाँ भी ले सकती थी और मैंने बताया ना मैं already personal trainer से coaching कर वर रही हूँ
s3://label-studio-in/STT_Audio_Datasets/Cult_Source/2434830_2024_12_07_12_46_GMT_384_segment_028.mp3,तो मुझे ये confidence है कि मेरे पास videos आएंगे मैं रोज करूँगी
s3://label-studio-in/STT_Audio_Datasets/Cult_Source/2434830_2024_12_07_12_46_GMT_384_segment_031.mp3,मैं morning आपको 10 बजे call कर लूँ कल से वरें।
s3://label-studio-in/STT_Audio_Datasets/Cult_Source/2025702_2024_08_24_11_09_GMT_384_segment_001.mp3,"इसमें क्या है कि मैं आपको discount रॉइट कर रहा हूँ, फिर आप कोई भी payment mode से use कर सकते हैं."
s3://label-studio-in/STT_Audio_Datasets/Cult_Source/2025702_2024_08_24_11_09_GMT_384_segment_002.mp3,"आप दो बार change कर सकते हैं, अब एक application में है,"
s3://label-studio-in/STT_Audio_Datasets/Cult_Source/2025702_2024_08_24_11_09_GMT_384_segment_003.mp3,"अभी while doing the payment, before the payment, एक payment के बाद एक और बार आपको option आएगा,"
s3://label-studio-in/STT_Audio_Datasets/Cult_Source/2025702_2024_08_24_11_09_GMT_384_segment_004.mp3,pre-pond भी कर सकते हैं यहां तो post-pond कर सकते हैं
s3://label-studio-in/STT_Audio_Datasets/Cult_Source/2025702_2024_08_24_11_09_GMT_384_segment_006.mp3,"मैं guide कर देता हूँ आपको कहाँ check करना है, अब यहाँ purchase करें न, on call."
s3://label-studio-in/STT_Audio_Datasets/Cult_Source/2025702_2024_08_24_11_09_GMT_384_segment_007.mp3,"ठीक है, 9th of September रख सकते हैं, बाद में payment के बाद मैं आपको option दिखा देता हूँ, जहाँ पे आप pre-pwn करना चाहें तो pre-pwn कर सकते हैं,"
s3://label-studio-in/STT_Audio_Datasets/Cult_Source/2025702_2024_08_24_11_09_GMT_384_segment_008.mp3,"या postpone मतलब एक और माहिने के लिए delay करना चाहता है,"
s3://label-studio-in/STT_Audio_Datasets/Cult_Source/2025702_2024_08_24_11_09_GMT_384_segment_009.mp3,आपको ही करना है आपकी application से आप कर सकते हैं
s3://label-studio-in/STT_Audio_Datasets/Cult_Source/2025702_2024_08_24_11_09_GMT_384_segment_010.mp3,आपको गाइड कर सकते हो कहाँ पे आपको options हैगा
s3://label-studio-in/STT_Audio_Datasets/Cult_Source/2025702_2024_08_24_11_09_GMT_384_segment_014.mp3,लिंक पर भी कर सकते हैं आप application में भी चेक कर लीजिएगा no issue क्योंकि आपके registration number
s3://label-studio-in/STT_Audio_Datasets/Cult_Source/2025702_2024_08_24_11_09_GMT_384_segment_015.mp3,"पीछे सब सेम है, जस्टी की retention pack आपको मिल रहा है,"
s3://label-studio-in/STT_Audio_Datasets/Cult_Source/2025702_2024_08_24_11_09_GMT_384_segment_016.mp3,"just because आप पहले एक customer, existing customer थे इसकी है"
s3://label-studio-in/STT_Audio_Datasets/Cult_Source/2025702_2024_08_24_11_09_GMT_384_segment_020.mp3,हाँ हाँ वो उसके expire होने के बाद ही वैसे आपको ये activate होगा इसकी उपर नहीं आएगा
s3://label-studio-in/STT_Audio_Datasets/Cult_Source/2025702_2024_08_24_11_09_GMT_384_segment_022.mp3,आपको और कम हो जाएगा शायद no cost TMI में
s3://label-studio-in/STT_Audio_Datasets/Cult_Source/2025702_2024_08_24_11_09_GMT_384_segment_023.mp3,"लोका TMI option ही select किये था न, credit card पे नहीं."
s3://label-studio-in/STT_Audio_Datasets/Cult_Source/2025702_2024_08_24_11_09_GMT_384_segment_028.mp3,"बाद में GST सब add होता है न, GST add होगा, processing fee charge होगा, generally tax वगेरा तो लगता है, तो prices ज्यादा हो जाता है."
s3://label-studio-in/STT_Audio_Datasets/Cult_Source/2025702_2024_08_24_11_09_GMT_384_segment_029.mp3,वो avoid करने के लिए payable amount आपका कम दिखाएगा
s3://label-studio-in/STT_Audio_Datasets/Cult_Source/2025702_2024_08_24_11_09_GMT_384_segment_031.mp3,तो GST आइड होने के बाद आपका जो EMI पूरा
s3://label-studio-in/STT_Audio_Datasets/Cult_Source/2025702_2024_08_24_11_09_GMT_384_segment_033.mp3,"total amount आपको 18,188 ही आएगा इससे ज्यादा नहीं आएगा"
s3://label-studio-in/STT_Audio_Datasets/Cult_Source/2025702_2024_08_24_11_09_GMT_384_segment_035.mp3,कि अगर मैं वो 2 months का भी लेता हूँ तो भी मेरा costing बढ़ रहा है
s3://label-studio-in/STT_Audio_Datasets/Cult_Source/2025702_2024_08_24_11_09_GMT_384_segment_037.mp3,बेनिफिट यह रहता है कि आप उस समय आपको वापस रिन्यू करेंगे तो जादा amount पे करना का नहीं पड़ेगा आपको at least दो माइना तीन माइने को extra मिल जाता है वहाँ पे
s3://label-studio-in/STT_Audio_Datasets/Cult_Source/2025702_2024_08_24_11_09_GMT_384_segment_038.mp3,overall package amount में cover कर रहे रहे हो न
s3://label-studio-in/STT_Audio_Datasets/Cult_Source/2025702_2024_08_24_11_09_GMT_384_segment_040.mp3,हाँ वैसे बता रहे तो वैसे लॉजिक लगा रहे तो correct है मेरी discount के बाद अभी neutral हो गया हाँ neutral हो गया है correct
s3://label-studio-in/STT_Audio_Datasets/Cult_Source/2025702_2024_08_24_11_09_GMT_384_segment_043.mp3,"नहीं नहीं कर रहा है, मैं आपको एक बता देता हूँ, कहाँ पे आप change कर सकते हैं, application open कीजिएगा एक बार,"
s3://label-studio-in/STT_Audio_Datasets/Cult_Source/2025702_2024_08_24_11_09_GMT_384_segment_047.mp3,और एक और चीज सुशान्त आपके कोई friend या family में से कोई interested होंगे membership के लिए
s3://label-studio-in/STT_Audio_Datasets/Cult_Source/2025702_2024_08_24_11_09_GMT_384_segment_048.mp3,आपको एक number देता है उनको आप एक बार पूछ कीजिए if he wants to extend
s3://label-studio-in/STT_Audio_Datasets/Cult_Source/2025702_2024_08_24_11_09_GMT_384_segment_049.mp3,होने वाला होगा I am not sure एक बार बात कर लीजिए हमसे
s3://label-studio-in/STT_Audio_Datasets/Cult_Source/2025702_2024_08_24_11_09_GMT_384_segment_050.mp3,"नहीं expire नहीं हुआ है, exist customer दिखा रहा है, हो सकता है वो data में को एक बार"
s3://label-studio-in/STT_Audio_Datasets/Cult_Source/2025702_2024_08_24_11_09_GMT_384_segment_052.mp3,अच्छे tell me something इसके और भी premium gems भी आता है न
s3://label-studio-in/STT_Audio_Datasets/Cult_Source/2025702_2024_08_24_11_09_GMT_384_segment_058.mp3,"पर general trainer रहेंगे, personal trainer नहीं, personal का अलग है, charge."
s3://label-studio-in/STT_Audio_Datasets/Cult_Source/2025702_2024_08_24_11_09_GMT_384_segment_059.mp3,but आपको वहाँ पे require नहीं है क्योंकि general trainer more professional
s3://label-studio-in/STT_Audio_Datasets/Cult_Source/2025702_2024_08_24_11_09_GMT_384_segment_061.mp3,"तो crowd वहाँ पे, मतलब out of 100, I can say 5-10% अभी crowd है."
s3://label-studio-in/STT_Audio_Datasets/Cult_Source/2025702_2024_08_24_11_09_GMT_384_segment_062.mp3,membership के बीच आ रहा है अभी मतलब highlight हो रहा है अभी
s3://label-studio-in/STT_Audio_Datasets/Cult_Source/2025702_2024_08_24_11_09_GMT_384_segment_065.mp3,"वो equipments रहेंगे आपको, workout लिए space separate रहेगा, जहाँ पर combined workout plan होता है,"
s3://label-studio-in/STT_Audio_Datasets/Cult_Source/2025702_2024_08_24_11_09_GMT_384_segment_068.mp3,"और बाद में आपको separate आपको workout करना है, तो आपको cabinet भी provide किया जाएगा, there you have a displays and"
s3://label-studio-in/STT_Audio_Datasets/Cult_Source/2025702_2024_08_24_11_09_GMT_384_segment_069.mp3,that you can go and work out also peacefully or meditation करना है तो
s3://label-studio-in/STT_Audio_Datasets/Cult_Source/2025702_2024_08_24_11_09_GMT_384_segment_071.mp3,और आपको facilities हर तरह के provide किया जाएगा even आपको diet chart वगैरह भी वहाँ पे
s3://label-studio-in/STT_Audio_Datasets/Cult_Source/2025702_2024_08_24_11_09_GMT_384_segment_073.mp3,"आप एक बार यह भी कर सकते हैं, विजिट करना तो एक बार विजिट करके भी आ सकते हैं, वहाँ पे just meet center manager, saying that I am exploring over here, मतलब आप देख रहे हैं यहाँ पे,"
s3://label-studio-in/STT_Audio_Datasets/Cult_Source/2025702_2024_08_24_11_09_GMT_384_segment_075.mp3,"luxury में आपको मतलब जादा भी centers है नहीं है, है नहीं वैसे फिलाल के लिए,"
s3://label-studio-in/STT_Audio_Datasets/Cult_Source/2025702_2024_08_24_11_09_GMT_384_segment_076.mp3,अगर आपकी nearby होता है तो आप एक बार वहाँ पर visit कर सकते हैं no doubt
s3://label-studio-in/STT_Audio_Datasets/Cult_Source/2025702_2024_08_24_11_09_GMT_384_segment_078.mp3,मैं explain नहीं कर पा रहा हूँ यहाँ पे शायद
s3://label-studio-in/STT_Audio_Datasets/Cult_Source/2025702_2024_08_24_11_09_GMT_384_segment_079.mp3,"type है, मतलब दोनों combine आपको option मिलेगा, goal chain का भी facility"
s3://label-studio-in/STT_Audio_Datasets/Cult_Source/2025702_2024_08_24_11_09_GMT_384_segment_082.mp3,आप एक बार explore कर सकते है इनकेस आपको update करना है तो इसलिए मुझे call back कीजिए का really help you out
s3://label-studio-in/STT_Audio_Datasets/Cult_Source/2025702_2024_08_24_11_09_GMT_384_segment_083.mp3,"call कर लेता हूँ, check कर लेता हूँ यहाँ पे,"
s3://label-studio-in/STT_Audio_Datasets/Cult_Source/2025702_2024_08_24_11_09_GMT_384_segment_085.mp3,"मुझे notification मिलेगा, मैं आपको immediately call back कर लूगा."
s3://label-studio-in/STT_Audio_Datasets/Cult_Source/2426439_2024_12_05_10_19_GMT_384_segment_001.mp3,यहां पर मैं जब चेक कर पा रहा हूँ ना मुझे exactly कौन तो center है वो
s3://label-studio-in/STT_Audio_Datasets/Cult_Source/2426439_2024_12_05_10_19_GMT_384_segment_005.mp3,पहले वहाँ पर दो floors होते थे group classes की
s3://label-studio-in/STT_Audio_Datasets/Cult_Source/2426439_2024_12_05_10_19_GMT_384_segment_011.mp3,और अब आप ये कह रहे हो कि हम facilities हम reduce कर देंगे
s3://label-studio-in/STT_Audio_Datasets/Cult_Source/2426439_2024_12_05_10_19_GMT_384_segment_014.mp3,जब decision outcome open house में क्या दिया गया है सर्जी तो उसके किसी प्रकार का series नहीं हुपा है सर्जी
s3://label-studio-in/STT_Audio_Datasets/Cult_Source/2426439_2024_12_05_10_19_GMT_384_segment_016.mp3,नहीं आप नहीं आओगे क्योंकि आपको इतनी emails करी गई हैं
s3://label-studio-in/STT_Audio_Datasets/Cult_Source/2426439_2024_12_05_10_19_GMT_384_segment_020.mp3,"तो उन्होंने ये चीज जो already है forward किया है relevant teams को यानि कि वो update आने में 48 hours होते है maybe उस वजह से but यहाँ पर ये एक चीज मैं समझ सकता हूँ बिल्कुल sir आपको call connect करके नहीं बात किया गया है, कोशिश भी नहीं की गयी है"
s3://label-studio-in/STT_Audio_Datasets/Cult_Source/2426439_2024_12_05_10_19_GMT_384_segment_022.mp3,पर जो long term में आपके से loyal जस्तों है रहे हैं जब वो ही नहीं आएंगे तो
s3://label-studio-in/STT_Audio_Datasets/Cult_Source/2426439_2024_12_05_10_19_GMT_384_segment_027.mp3,"तो कल्ट रमेश नगर अभी राजोरीना गाड़न के रगापे कल्ट रमेश नगर निकला है, correct?"
s3://label-studio-in/STT_Audio_Datasets/Cult_Source/2426439_2024_12_05_10_19_GMT_384_segment_029.mp3,और मेरे घर के बाद भी लोकल जिम है। मैं टीन ट्रैवल करूँ 5 km दीर।
s3://label-studio-in/STT_Audio_Datasets/Cult_Source/2426439_2024_12_05_10_19_GMT_384_segment_030.mp3,जैसे ची मैं यहाँ पर देख सकता हूँ जो अब राजोरी garden भी आप जाते थे ठीक है
s3://label-studio-in/STT_Audio_Datasets/Cult_Source/2426439_2024_12_05_10_19_GMT_384_segment_031.mp3,"तो आप mostly evening classes करें होगे, करें जो साथ, साड़े, साथ,"
s3://label-studio-in/STT_Audio_Datasets/Cult_Source/2426439_2024_12_05_10_19_GMT_384_segment_033.mp3,उसमें बहुत से classes reduce हो गए यानि कि variant कम हो गए comparison to राजोरी garden
s3://label-studio-in/STT_Audio_Datasets/Cult_Source/2426439_2024_12_05_10_19_GMT_384_segment_034.mp3,मेरे को अगर HRX करना है या burn करनी है या friend plus करनी है
s3://label-studio-in/STT_Audio_Datasets/Cult_Source/2426439_2024_12_05_10_19_GMT_384_segment_046.mp3,जो आप कह रहे हो जिस हिसाब से आप calculate करके कह रहे हो बिल्कुल बात तो सही है अगर लेना हो
s3://label-studio-in/STT_Audio_Datasets/Cult_Source/2426439_2024_12_05_10_19_GMT_384_segment_047.mp3,एक time पर अगर 2 sessions हैं तो आपके पार थोड़ा और option होता है कि whether I choose this or whether I choose that यही है न
s3://label-studio-in/STT_Audio_Datasets/Cult_Source/2426439_2024_12_05_10_19_GMT_384_segment_048.mp3,तो वहाँ पर क्या है कि अभी space जो है वो थोड़ा minimize हो गई है comparative to Rajwari Garden
s3://label-studio-in/STT_Audio_Datasets/Cult_Source/2426439_2024_12_05_10_19_GMT_384_segment_049.mp3,"जिस वजह से एक time पे एक ही session चलेगा, correct?"
s3://label-studio-in/STT_Audio_Datasets/Cult_Source/2426439_2024_12_05_10_19_GMT_384_segment_050.mp3,तो इसका मतलब यह है आप यह कह रहे हो कि you know मेरे पास एक alternative sessions का कुछ scheduling है ही नहीं
s3://label-studio-in/STT_Audio_Datasets/Cult_Source/2426439_2024_12_05_10_19_GMT_384_segment_053.mp3,"हम जो लोग हैं, mostly जो साथ वजह वाले हैं"
s3://label-studio-in/STT_Audio_Datasets/Cult_Source/2426439_2024_12_05_10_19_GMT_384_segment_054.mp3,वो सिर्फ HRX करने आते हैं या burn करने आते हैं सेल्प्लस करने आते हैं
s3://label-studio-in/STT_Audio_Datasets/Cult_Source/2426439_2024_12_05_10_19_GMT_384_segment_057.mp3,जैसे कि आपको पता है कि hybrid हो गया है तो space is limited and everything हो तो आपको clarity पता है
s3://label-studio-in/STT_Audio_Datasets/Cult_Source/2426439_2024_12_05_10_19_GMT_384_segment_062.mp3,आपको call पर बताने से कुछ नहीं होगा न आप या तो openly लिखो कि भाईया हम कुछ नहीं करने वाले आपको जो करना है आप कर लो
s3://label-studio-in/STT_Audio_Datasets/Cult_Source/2426439_2024_12_05_10_19_GMT_384_segment_064.mp3,"आप वो भी नहीं करना चाहते, पर आप customer को solution में नहीं लेना चाहते,"
s3://label-studio-in/STT_Audio_Datasets/Cult_Source/2426439_2024_12_05_10_19_GMT_384_segment_071.mp3,के के suddenly दो floor gym कर दो और एक floor में ही खाली session कर दो तो
s3://label-studio-in/STT_Audio_Datasets/Cult_Source/2426439_2024_12_05_10_19_GMT_384_segment_072.mp3,मैं समझ सकता हूँ number of classes reduce हो जाते हैं
s3://label-studio-in/STT_Audio_Datasets/Cult_Source/2426439_2024_12_05_10_19_GMT_384_segment_075.mp3,do whatever you want to do हम तो यही करने वाले हैं
s3://label-studio-in/STT_Audio_Datasets/Cult_Source/2426439_2024_12_05_10_19_GMT_384_segment_077.mp3,कुछ customer ऐसे थे जिनको मैं जानना हूँ जो सिर्फ boxing करने आते थे
s3://label-studio-in/STT_Audio_Datasets/Cult_Source/2426439_2024_12_05_10_19_GMT_384_segment_078.mp3,"अगर आपको पता ही करना है ना, कि आपके managers हैं,"
s3://label-studio-in/STT_Audio_Datasets/Cult_Source/2426439_2024_12_05_10_19_GMT_384_segment_084.mp3,बहुत कुछ variations देते थे format के आप जब ज्यादा पैसे ले रहे हो और
s3://label-studio-in/STT_Audio_Datasets/Cult_Source/2426439_2024_12_05_10_19_GMT_384_segment_086.mp3,provide कर रहे हो features in the sense pause days हो गया extension हो गया
s3://label-studio-in/STT_Audio_Datasets/Cult_Source/2426439_2024_12_05_10_19_GMT_384_segment_087.mp3,तो वो भी कम कर दिये हो तो you are okay with paying additional charges also वो भी problem नहीं है आपको but facilities तो पुरा में जैसा चाहिए यही
s3://label-studio-in/STT_Audio_Datasets/Cult_Source/2426439_2024_12_05_10_19_GMT_384_segment_091.mp3,तो मैं आप पुछ चेक करो कि रजोरी सेंटर के लिए और रवेशने के सेंटर के लिए कितने feedback
s3://label-studio-in/STT_Audio_Datasets/Cult_Source/2426439_2024_12_05_10_19_GMT_384_segment_092.mp3,हर तरीके के हर जगह से इतनी details pull out कर सकते है
s3://label-studio-in/STT_Audio_Datasets/Cult_Source/2426439_2024_12_05_10_19_GMT_384_segment_094.mp3,अगर मेरे agree मतलब मैं check करने से अच्छा ना जिस फरीके से आप कह रहे हो ना सर जी obviously जिसे आप है वैसे और भी members होंगे
s3://label-studio-in/STT_Audio_Datasets/Cult_Source/2426439_2024_12_05_10_19_GMT_384_segment_097.mp3,"तो मैं समझता हूँ sir, obviously sir एक center अगर relocate होता है तो मैं समझ सकता हूँ की"
s3://label-studio-in/STT_Audio_Datasets/Cult_Source/2426439_2024_12_05_10_19_GMT_384_segment_098.mp3,"कितना, कितने members disappointed होते, कितने members को queries होते उसके related"
s3://label-studio-in/STT_Audio_Datasets/Cult_Source/2426439_2024_12_05_10_19_GMT_384_segment_099.mp3,वो समझ सकता है तो इतना something की मैं check करूँगा तो ही मुझे बता चले रहा थी
s3://label-studio-in/STT_Audio_Datasets/Cult_Source/2426439_2024_12_05_10_19_GMT_384_segment_100.mp3,मुझे ना भी मुझे थोड़ा सा समय दीजिए sir मैं check करके आपके पास जरूर से इसके related convey करूंगा sir जो भी है जैसा भी है
s3://label-studio-in/STT_Audio_Datasets/Cult_Source/2426439_2024_12_05_10_19_GMT_384_segment_101.mp3,मैं कोई ऐसा लूपफुल नहीं छोड़ना चाहता सती जहाँ पर you know there is expectation from us and
s3://label-studio-in/STT_Audio_Datasets/Cult_Source/2426439_2024_12_05_10_19_GMT_384_segment_104.mp3,आया है मतलब हमारे तरह से यह कहा गया है response वोले तो ऐसा बोला गया है की
s3://label-studio-in/STT_Audio_Datasets/Cult_Source/2426439_2024_12_05_10_19_GMT_384_segment_105.mp3,हम अपने टीम को forward की हैं जब हमारे पास update आएगा तो हम आपको connect करेंगे
s3://label-studio-in/STT_Audio_Datasets/Cult_Source/2426439_2024_12_05_10_19_GMT_384_segment_106.mp3,तो आपको यही बोला था या तो आप कीज बढ़ाने और facility मत कंकरो
s3://label-studio-in/STT_Audio_Datasets/Cult_Source/2426439_2024_12_05_10_19_GMT_384_segment_107.mp3,"नीचे का floor अभी available है, खाली बड़ा है ground floor वाला."
s3://label-studio-in/STT_Audio_Datasets/Cult_Source/2426439_2024_12_05_10_19_GMT_384_segment_108.mp3,वो अगर rent पे चले गया या lease पे चले गया फिर
s3://label-studio-in/STT_Audio_Datasets/Cult_Source/2426439_2024_12_05_10_19_GMT_384_segment_113.mp3,जी मेरे को please sign कीजिए sir जी I'm really sorry for their experience और email के भी आप से भी I'm really sorry
s3://label-studio-in/STT_Audio_Datasets/Cult_Source/2426439_2024_12_05_10_19_GMT_384_segment_114.mp3,"बट मैं जरूर इतना तो आपको ये करूँगा सद्धि, at least मैं कुछ नहीं कर पाऊँ बट experience customer support का है"
s3://label-studio-in/STT_Audio_Datasets/Cult_Source/2426439_2024_12_05_10_19_GMT_384_segment_116.mp3,"I would try my best sir, at least कोई एक चीज़ तो positive निकाल पाऊं।"
s3://label-studio-in/STT_Audio_Datasets/Cult_Source/2426439_2024_12_05_10_19_GMT_384_segment_117.mp3,अगर मैं हो सके I would be more than happier than you sir कि मैं आपको कहूँ कि sir जी ये कुछ नहीं है
s3://label-studio-in/STT_Audio_Datasets/Cult_Source/2426439_2024_12_05_10_19_GMT_384_segment_118.mp3,ऐसा revert मेरे को आये कि I would call you and happily say you something about it
s3://label-studio-in/STT_Audio_Datasets/Cult_Source/2426439_2024_12_05_10_19_GMT_384_segment_120.mp3,मतलब जो जो अलग-अलग ये सब ये अलग-अलग factors होते है कि क्या है
s3://label-studio-in/STT_Audio_Datasets/Cult_Source/2426439_2024_12_05_10_19_GMT_384_segment_121.mp3,और हर factors handled होता है अलग अलग अलग अलग
s3://label-studio-in/STT_Audio_Datasets/Cult_Source/2426439_2024_12_05_10_19_GMT_384_segment_122.mp3,मतलब ऐसा नहीं है कि मैं आपको ऐसे ही मतलब आप हमें पीसे follow करते रहेंगे क्या हुआ बोलो बोलो ऐसा नहीं करूँगा सब जी
s3://label-studio-in/STT_Audio_Datasets/Cult_Source/2426439_2024_12_05_10_19_GMT_384_segment_124.mp3,"अगर एक factor का भी मेरे को update आता है वरोंजी, मैं usually हम नहीं करते हैं सामसारों,"
s3://label-studio-in/STT_Audio_Datasets/Cult_Source/2426439_2024_12_05_10_19_GMT_384_segment_126.mp3,तो मैं जरूर से connect करूँगा आपको at least one thing address करूँगा ताकि
s3://label-studio-in/STT_Audio_Datasets/Cult_Source/2426439_2024_12_05_10_19_GMT_384_segment_128.mp3,आपने लगबग लगबग मेरे साथ 30 minutes spend किया चाहिए
s3://label-studio-in/STT_Audio_Datasets/Cult_Source/2426439_2024_12_05_10_19_GMT_384_segment_129.mp3,"यह जितना भी आपने कहा, I would ensure कि एक word भी इदर उदर ना हो, और मैं वैसे ही कन्वे करूँ से,"
s3://label-studio-in/STT_Audio_Datasets/Cult_Source/2426439_2024_12_05_10_19_GMT_384_segment_130.mp3,"धन्यवाद सर आपका समय देने के लिए, I am really happy to have you as a member sir, thank you so much."
s3://label-studio-in/STT_Audio_Datasets/Cult_Source/2358151_2024_11_19_12_41_GMT_384_segment_002.mp3,या सर anything else apart from this I can help and guide you.
s3://label-studio-in/STT_Audio_Datasets/Cult_Source/2715475_2025_02_10_12_40_GMT_384_segment_002.mp3,सर बारन महिना का अच्छा सा offer चल रहा है
s3://label-studio-in/STT_Audio_Datasets/Cult_Source/2715475_2025_02_10_12_40_GMT_384_segment_005.mp3,मतलब आपको final price रहेगा ये एक second बदाता हूँ
s3://label-studio-in/STT_Audio_Datasets/Cult_Source/2715475_2025_02_10_12_40_GMT_384_segment_008.mp3,कोई number देते हो तो उसका referral भी add करते हो
s3://label-studio-in/STT_Audio_Datasets/Cult_Source/2715475_2025_02_10_12_40_GMT_384_segment_009.mp3,उसका भी करते हैं तो उसका आपको one month extension मिल जाएगा
s3://label-studio-in/STT_Audio_Datasets/Cult_Source/2715475_2025_02_10_12_40_GMT_384_segment_013.mp3,इसमें total 30 days का pause days मिल जाएगी है आपको
s3://label-studio-in/STT_Audio_Datasets/Cult_Source/2715475_2025_02_10_12_40_GMT_384_segment_014.mp3,और elite access मिल जागा है जैसे कि आपके बस 50 credit रहेंगे
s3://label-studio-in/STT_Audio_Datasets/Cult_Source/2715475_2025_02_10_12_40_GMT_384_segment_017.mp3,"इसमें आपका 1000 रूपी का Amazon वो चर्जे रहा होना, सर्व."
s3://label-studio-in/STT_Audio_Datasets/Cult_Source/2715475_2025_02_10_12_40_GMT_384_segment_021.mp3,वो ये membership 90 days में transfer भी कर सकते हो किसी को भी
s3://label-studio-in/STT_Audio_Datasets/Cult_Source/2715475_2025_02_10_12_40_GMT_384_segment_023.mp3,कोई बात नहीं है तो मैंने clean भेजा है ठीक है ना
s3://label-studio-in/STT_Audio_Datasets/Cult_Source/2715475_2025_02_10_12_40_GMT_384_segment_029.mp3,कोट पर क्लिक करने के बाद आप क्लिक कीजिए by now पे
s3://label-studio-in/STT_Audio_Datasets/Cult_Source/2715475_2025_02_10_12_40_GMT_384_segment_033.mp3,upgrade to pro plus upgrade to pro plus करके click कीजिए
s3://label-studio-in/STT_Audio_Datasets/Cult_Source/2715475_2025_02_10_12_40_GMT_384_segment_034.mp3,कि करने के बाद अभी बताइए मेरे को next option क्या दिखा रहा है?
s3://label-studio-in/STT_Audio_Datasets/Cult_Source/2715475_2025_02_10_12_40_GMT_384_segment_036.mp3,जिस दिन से जिम को जाना चाहोगे उस दिन का date आप select कर लेगे होगा
s3://label-studio-in/STT_Audio_Datasets/Cult_Source/2715475_2025_02_10_12_40_GMT_384_segment_037.mp3,तो total आपको price आएना चाहिए उधर मैं बतातू हूँ एक second
s3://label-studio-in/STT_Audio_Datasets/Cult_Source/2715475_2025_02_10_12_40_GMT_384_segment_040.mp3,sorry sorry sorry sorry sorry sir मैंने जो link भेजा है ना वो बैंगलो का भेज दिया कूँ मैंने आपको
s3://label-studio-in/STT_Audio_Datasets/Cult_Source/2715475_2025_02_10_12_40_GMT_384_segment_043.mp3,तो उसमें आपको हजार पैंग Amazon Watcher दो महिना का extension मतलब
s3://label-studio-in/STT_Audio_Datasets/Cult_Source/2715475_2025_02_10_12_40_GMT_384_segment_044.mp3,तो टोटली आपको 16 महना का membership मिल रहा है सर
s3://label-studio-in/STT_Audio_Datasets/Cult_Source/2715475_2025_02_10_12_40_GMT_384_segment_045.mp3,"हाँ sir वो 11,000 बोला था वो actually मैं Bangalore का price बोल दिया था भूलके"
s3://label-studio-in/STT_Audio_Datasets/Cult_Source/2715475_2025_02_10_12_40_GMT_384_segment_047.mp3,अभी देखो Amazon Watcher को भी हम लोग कोई activate करके देना पड़ेगा मेरे तरफ से
s3://label-studio-in/STT_Audio_Datasets/Cult_Source/2715475_2025_02_10_12_40_GMT_384_segment_049.mp3,नहीं सर मैं माफ़े चाहता हूँ actually आपको बारा हजारी पड़ेगा
s3://label-studio-in/STT_Audio_Datasets/Cult_Source/2213900_2024_10_14_07_28_GMT_384_segment_001.mp3,"अवशी मनी मेगले, what a beautiful name, I'll call you in the evening, okay, thank you."
s3://label-studio-in/STT_Audio_Datasets/Cult_Source/2596644_2025_01_16_05_12_GMT_384_segment_001.mp3,आप भी कुछ नहीं कर सकते हो I know this
s3://label-studio-in/STT_Audio_Datasets/Cult_Source/2596644_2025_01_16_05_12_GMT_384_segment_003.mp3,हम लोग को app में दिखता है कि somebody is your personal trainer
s3://label-studio-in/STT_Audio_Datasets/Cult_Source/2596644_2025_01_16_05_12_GMT_384_segment_005.mp3,ठीक है मैं personal training की भी बात नहीं कर रही हूँ क्योंकि ठीक है हम लोग पैसा देंगे personal training का
s3://label-studio-in/STT_Audio_Datasets/Cult_Source/2596644_2025_01_16_05_12_GMT_384_segment_006.mp3,उसे app में क्यों दिखाते हो कि this is your personal trainer for the day
s3://label-studio-in/STT_Audio_Datasets/Cult_Source/2596644_2025_01_16_05_12_GMT_384_segment_008.mp3,एक बार treadmill पर पता है injury होने से मैं बच्ची हूँ
s3://label-studio-in/STT_Audio_Datasets/Cult_Source/2596644_2025_01_16_05_12_GMT_384_segment_011.mp3,उनको दिन भर में time नहीं मलता equipment repair करने का
s3://label-studio-in/STT_Audio_Datasets/Cult_Source/2596644_2025_01_16_05_12_GMT_384_segment_012.mp3,"जब customer आएगा, वो उस लिए मैं, मैंटम आप इधर हो जाओ, मैंटम आप उधर हो जाओ, अब इधर चले जाओ, उधर चले जाओ, तभी जहाड फूँके, दूल उड़ाके, उसको repair करेंगे, अच्छा ठीक है, repair करो,"
s3://label-studio-in/STT_Audio_Datasets/Cult_Source/2596644_2025_01_16_05_12_GMT_384_segment_018.mp3,"किसको जिम जाने है, मेरे घर के जिस साइड में ही cold gym है,"
s3://label-studio-in/STT_Audio_Datasets/Cult_Source/2596644_2025_01_16_05_12_GMT_384_segment_020.mp3,जो road side में मेरा घर है उसी side में ही यह पढ़ता है
s3://label-studio-in/STT_Audio_Datasets/Cult_Source/2596644_2025_01_16_05_12_GMT_384_segment_025.mp3,"फिर मैंने कहा, money नहीं जड़ता, अब समझ रहे हो न, money नहीं जड़ता,"
s3://label-studio-in/STT_Audio_Datasets/Cult_Source/2596644_2025_01_16_05_12_GMT_384_segment_028.mp3,मैं इसको देख रहे हूँ एक इसको दिखा रहा है only for you guaranteed best price enabled claim करने पर
s3://label-studio-in/STT_Audio_Datasets/Cult_Source/2635900_2025_01_24_13_07_GMT_384_segment_003.mp3,या 2 years per month it will cost you on an average 1400 rupees per month on an average it will cost you
s3://label-studio-in/STT_Audio_Datasets/Cult_Source/2238405_2024_10_20_09_57_GMT_384_segment_001.mp3,तो सर अगर आप हमारा elite membership आपको first of all
s3://label-studio-in/STT_Audio_Datasets/Cult_Source/2238405_2024_10_20_09_57_GMT_384_segment_012.mp3,और यहाँ पर भी shower वगैरा की facilities हैं आपके बाद
s3://label-studio-in/STT_Audio_Datasets/Cult_Source/2238405_2024_10_20_09_57_GMT_384_segment_014.mp3,यहाँ पर सिर्फ bike parking का और washroom का है।
s3://label-studio-in/STT_Audio_Datasets/Cult_Source/2715301_2025_02_10_07_55_GMT_384_segment_002.mp3,तो उससे कुछ और offers लिया दोंगे इस पर्टर नंबर 6 में
s3://label-studio-in/STT_Audio_Datasets/Cult_Source/2611893_2025_01_19_09_22_GMT_384_segment_005.mp3,"मैं आपके बाद बिल्कुल समझ सकती हूँ, बट मेरे पास ही maximum discounted price है 24 month पे."
s3://label-studio-in/STT_Audio_Datasets/Cult_Source/2611893_2025_01_19_09_22_GMT_384_segment_007.mp3,अगर आपने check भी किया होगा तो बहुत ज़्यादा price changes नहीं हुए
s3://label-studio-in/STT_Audio_Datasets/Cult_Source/2611893_2025_01_19_09_22_GMT_384_segment_011.mp3,"वो हमको आपके अंदर ही दिये रहते हैं, we don't have any further discounts to apply on here."
s3://label-studio-in/STT_Audio_Datasets/Cult_Source/2611893_2025_01_19_09_22_GMT_384_segment_012.mp3,तो अगर मैं try भी करूँ तो भी हम लोग नहीं कर सके क्या होता है जो भी हम price update करते है वो हमें app में go होता है क्या बूलते है उसको
s3://label-studio-in/STT_Audio_Datasets/Cult_Source/2611893_2025_01_19_09_22_GMT_384_segment_015.mp3,मतलब आप उसमें वो तो shift होने का तो वैसे भी वो नहीं रहता ना पक्का की है या हो रहा है या नहीं
s3://label-studio-in/STT_Audio_Datasets/Cult_Source/2611893_2025_01_19_09_22_GMT_384_segment_016.mp3,अगर जब होंगे तब आप shift कर सकते हैं अपने membership course में
s3://label-studio-in/STT_Audio_Datasets/Cult_Source/2611893_2025_01_19_09_22_GMT_384_segment_021.mp3,यह membership expire हुआ था तब आपके पास renewal का offer भी तो आया होगा ना
s3://label-studio-in/STT_Audio_Datasets/Cult_Source/2611893_2025_01_19_09_22_GMT_384_segment_022.mp3,पर भी नहीं दिखा रहा है कोई भी renewal officer
s3://label-studio-in/STT_Audio_Datasets/Cult_Source/2611893_2025_01_19_09_22_GMT_384_segment_026.mp3,वो तो already आपको मिल रहा है वो तो हम भी दे सकते हैं
s3://label-studio-in/STT_Audio_Datasets/Cult_Source/2611893_2025_01_19_09_22_GMT_384_segment_028.mp3,extra month नहीं होता है sir लेकिन आपको 10 महीने का अगर मान लीजिए आपको 5000 रुपए
s3://label-studio-in/STT_Audio_Datasets/Cult_Source/2611893_2025_01_19_09_22_GMT_384_segment_031.mp3,"को वो ही बता रही हूँ, आप All India Pact चेक कर रहे हैं, आप इसको back"
s3://label-studio-in/STT_Audio_Datasets/Cult_Source/2611893_2025_01_19_09_22_GMT_384_segment_032.mp3,"जो elite membership है उसका price है 20,990 और all india का price है 24,000"
s3://label-studio-in/STT_Audio_Datasets/Cult_Source/2611893_2025_01_19_09_22_GMT_384_segment_037.mp3,"और इसमें कुछ month भी extra है, at least वो कुछ month extra दे देते हैं, तो भी हमें ठीक लगता है."
s3://label-studio-in/STT_Audio_Datasets/Cult_Source/2611893_2025_01_19_09_22_GMT_384_segment_039.mp3,"आप अपने RM लेविन पे एक बार बात करके देखे, दो customers हैं, पुरानी हैं बिचारे,"
s3://label-studio-in/STT_Audio_Datasets/Cult_Source/2611893_2025_01_19_09_22_GMT_384_segment_040.mp3,"मैं आपको बता रही हूँ, मैंने आपको बताया ना, जो भी हमको offers होते ना, देखिए मैंने जहाँ पे आपको payment link share किया है, आप एक बार hire भेजी, मैं आपको दिखाती हूँ किस तरह से हमको"
s3://label-studio-in/STT_Audio_Datasets/Cult_Source/2611893_2025_01_19_09_22_GMT_384_segment_041.mp3,हमने देखा है हमारे सामने even मेरा cousin गया था
s3://label-studio-in/STT_Audio_Datasets/Cult_Source/2611893_2025_01_19_09_22_GMT_384_segment_042.mp3,उसने चार लोगों को पांच लोगों को गुरुप उसने एक साथ जोइंट ले तो हमारी expectation को बहुत ही कम में जोइंट ले लोगों को
s3://label-studio-in/STT_Audio_Datasets/Cult_Source/2611893_2025_01_19_09_22_GMT_384_segment_044.mp3,बस उतना ही है क्योंकि मेरे पास है नहीं ना offer अगर मेरे पास होता है मैं definitely provide करती हूँ but अगर उनके पास कोई separate offer है
s3://label-studio-in/STT_Audio_Datasets/Cult_Source/2611893_2025_01_19_09_22_GMT_384_segment_045.mp3,"ऐसे कोई offer नहीं आते हैं, यह maximum discount है, और इससे कम तो कभी भी नहीं गया है आज तक."
s3://label-studio-in/STT_Audio_Datasets/Cult_Source/2611893_2025_01_19_09_22_GMT_384_segment_049.mp3,मैं वो ही तो आपको बता रही हूँ मेरे पास offer नहीं है और कोई
s3://label-studio-in/STT_Audio_Datasets/Cult_Source/2611893_2025_01_19_09_22_GMT_384_segment_051.mp3,"मैंने लिया 18,000 में 12 मन्त प्लस 3 मन्त extension था"
s3://label-studio-in/STT_Audio_Datasets/Cult_Source/2611893_2025_01_19_09_22_GMT_384_segment_052.mp3,"तीन चार और चीज़ी हमने पकड़ी थी, मैं बता दो न उससे मेरे को 1100 और 1150 रुपए कुछ पड़ा था परमंत के साथ, मैंने जब calculate किया था,"
s3://label-studio-in/STT_Audio_Datasets/Cult_Source/2611893_2025_01_19_09_22_GMT_384_segment_053.mp3,"अगर कुछ ऐसा आता है तो मैं definitely आपको call करती हूँ, वैसे मेरे ख्याल से इससे कम कुछ भी नहीं आएगा कभी में."
s3://label-studio-in/STT_Audio_Datasets/Cult_Source/2622093_2025_01_22_12_57_GMT_384_segment_002.mp3,"और जैसे कि मैं चेक कर पा रही हूँ, उन्होंने आपका number दिया था मैं मुझे, कि आप interested हैं purchase करने के लिए."
s3://label-studio-in/STT_Audio_Datasets/Cult_Source/2622093_2025_01_22_12_57_GMT_384_segment_004.mp3,तो मैं आपको explain कर देती हूँ ma'am prices और offers के बारे में
s3://label-studio-in/STT_Audio_Datasets/Cult_Source/2622093_2025_01_22_12_57_GMT_384_segment_007.mp3,to one month के लिए जो है आपको cost करेगा twenty thousand two hundred and forty
s3://label-studio-in/STT_Audio_Datasets/Cult_Source/2622093_2025_01_22_12_57_GMT_384_segment_008.mp3,2500 रुपिस of discount which is already applied on it.
s3://label-studio-in/STT_Audio_Datasets/Cult_Source/2622093_2025_01_22_12_57_GMT_384_segment_011.mp3,"एक के लिए देख रहे हैं, तो आपको prices कम ही मिलेगा, man, compared to that."
s3://label-studio-in/STT_Audio_Datasets/Cult_Source/2622093_2025_01_22_12_57_GMT_384_segment_012.mp3,"तो उसके लिए आपको 12 months के लिए काम ही पड़ेगा, it was around"
s3://label-studio-in/STT_Audio_Datasets/Cult_Source/2622093_2025_01_22_12_57_GMT_384_segment_014.mp3,"अगर आप चाहते हैं, application से payment करने के लिए, yes, you can go through with that as well, with an application."
s3://label-studio-in/STT_Audio_Datasets/Cult_Source/2622093_2025_01_22_12_57_GMT_384_segment_015.mp3,जी माम क्योंकि आपके number पे already reflect कर रहा है 750 वो भी आपको जे 750 का ही activate कर पाएंगे माम
s3://label-studio-in/STT_Audio_Datasets/Cult_Source/2622093_2025_01_22_12_57_GMT_384_segment_016.mp3,तो जिससे कि मैं चिक कर पा रही हूँ आपके membership पे already 750 शोव कर रहा है।
s3://label-studio-in/STT_Audio_Datasets/Cult_Source/2622093_2025_01_22_12_57_GMT_384_segment_017.mp3,तो सेंटर पे भी आपको same pay करना पड़ेगा अगर आप application से pay कर रहें
s3://label-studio-in/STT_Audio_Datasets/Cult_Source/2622093_2025_01_22_12_57_GMT_384_segment_018.mp3,मेरे discount जो आपके direct application पे ही show कर रहा है
s3://label-studio-in/STT_Audio_Datasets/Cult_Source/2622093_2025_01_22_12_57_GMT_384_segment_020.mp3,"तो आप तो selective center के लिए जा रहे हैं, right?"
s3://label-studio-in/STT_Audio_Datasets/Cult_Source/2622093_2025_01_22_12_57_GMT_384_segment_021.mp3,आप elite package के लिए select कर रहे हैं आप selective center पे click कीजिए मैं आपको guide कर रहे हूँ please home page पे चाहिए
s3://label-studio-in/STT_Audio_Datasets/Cult_Source/2622093_2025_01_22_12_57_GMT_384_segment_024.mp3,"within 10 days का select कर सकते हैं, later if you want to change it,"
s3://label-studio-in/STT_Audio_Datasets/Cult_Source/2622093_2025_01_22_12_57_GMT_384_segment_026.mp3,application से ही change करना होगा but 24 hours पहले करने
s3://label-studio-in/STT_Audio_Datasets/Cult_Source/2087423_2024_09_22_08_59_GMT_384_segment_004.mp3,"तो मैंने तो आपको credit कर दिया, आपने वो चीज खरीद लिया."
s3://label-studio-in/STT_Audio_Datasets/Cult_Source/2087423_2024_09_22_08_59_GMT_384_segment_007.mp3,"हो सकती है, मतलब अगर 1500 अगर deduct कर रहा है,"
s3://label-studio-in/STT_Audio_Datasets/Cult_Source/2087423_2024_09_22_08_59_GMT_384_segment_016.mp3,तो आपके पास यह भी facility मिलती है जहांपे आप membership आपकी transfer कर पाएंगे दुसरे शहर को
s3://label-studio-in/STT_Audio_Datasets/Cult_Source/2087423_2024_09_22_08_59_GMT_384_segment_020.mp3,मतलब 3 months ते बाद में लेना हम चाहेंगे जो
s3://label-studio-in/STT_Audio_Datasets/Cult_Source/2087423_2024_09_22_08_59_GMT_384_segment_021.mp3,नहीं मिलता है तो आप आपके दोस्त या आपके family members या किसी को भी transfer कर सकते हैं आप उनको दे दे सकते हैं membership
s3://label-studio-in/STT_Audio_Datasets/Cult_Source/2087423_2024_09_22_08_59_GMT_384_segment_023.mp3,"तो उनको transfer की ताकि वो use कर सकें, जो पैसा हैगा आप उनसे ले लीजेगा."
s3://label-studio-in/STT_Audio_Datasets/Cult_Source/2087423_2024_09_22_08_59_GMT_384_segment_027.mp3,जो जुलाई के बाद में लिया है तो transfer facility अवलग देगा होंगो
s3://label-studio-in/STT_Audio_Datasets/Cult_Source/2019581_2024_08_22_15_50_GMT_384_segment_001.mp3,"आपने यहाँ पे request की थी आपको expert से बात करना है weight loss coaching program के लिए,"
s3://label-studio-in/STT_Audio_Datasets/Cult_Source/2019581_2024_08_22_15_50_GMT_384_segment_003.mp3,तो मुझे इसकी बारे में जानना था कि transform plus और
s3://label-studio-in/STT_Audio_Datasets/Cult_Source/2019581_2024_08_22_15_50_GMT_384_segment_005.mp3,"तो यहां पर normal transform में आपको एक coach मिलेगा,"
s3://label-studio-in/STT_Audio_Datasets/Cult_Source/2019581_2024_08_22_15_50_GMT_384_segment_008.mp3,"अगर आपके पास complete knowledge हो, कि मतलब आपका body requirement क्या है, आपको क्या चीज़ पसंद है,"
s3://label-studio-in/STT_Audio_Datasets/Cult_Source/2019581_2024_08_22_15_50_GMT_384_segment_012.mp3,"daily routine आपका, आपको क्या खाना पसंद है, क्या नहीं खाना पसंद, आप कितने time के सोते हो, आपकी"
s3://label-studio-in/STT_Audio_Datasets/Cult_Source/2019581_2024_08_22_15_50_GMT_384_segment_018.mp3,अगर आपका weight loss हो रहा है तो मतलब किन-किन चीज़ों से आपका weight loss हो सकता है और कौन सी चीज़ें हैं जो आपकी health के लिए critical हैं
s3://label-studio-in/STT_Audio_Datasets/Cult_Source/2019581_2024_08_22_15_50_GMT_384_segment_020.mp3,परसेंट इंडियन वुमन को डेफिशेंसी रहती है वाइटामिन B12 के और D3 कीमा।
s3://label-studio-in/STT_Audio_Datasets/Cult_Source/2019581_2024_08_22_15_50_GMT_384_segment_021.mp3,"तो हम directly आपको directly बोल तो नहीं सकते ना कि आप supplements consume कर लो, इससे आपके body में negative impact पड़ेगा."
s3://label-studio-in/STT_Audio_Datasets/Cult_Source/2019581_2024_08_22_15_50_GMT_384_segment_025.mp3,"और जैसे ही आपका report आपको दिया जाएगा, doctor consultation से आप और भी बहतर समझ जाएगी कि ठीक है, अगर ये चीज है तो मेरे को ये चीज avoid करनी है और मुझे ये चीज,"
s3://label-studio-in/STT_Audio_Datasets/Cult_Source/2019581_2024_08_22_15_50_GMT_384_segment_026.mp3,"तो जैसे ही आपका doctor के साथ consultation होगा ma'am, उसके बाद हम लोग आपको coaches assign करना start कर देंगे।"
s3://label-studio-in/STT_Audio_Datasets/Cult_Source/2019581_2024_08_22_15_50_GMT_384_segment_027.mp3,"भैला रहेगा fitness expert जो आपका complete daily workout, weekly workout,"
s3://label-studio-in/STT_Audio_Datasets/Cult_Source/2019581_2024_08_22_15_50_GMT_384_segment_028.mp3,"आपका वर्काउट प्लान अगर हो, तो उसमें flexibility, agility, मतलब आप कैसे वर्काउट कर रहे हो,"
s3://label-studio-in/STT_Audio_Datasets/Cult_Source/2019581_2024_08_22_15_50_GMT_384_segment_029.mp3,"तो intensity के ऊपर depend रहेगा, आपकी intensity मान लीजिये, आप हर workout में beginner नहीं हो सकते और हर workout में pro भी नहीं हो सकती, right?"
s3://label-studio-in/STT_Audio_Datasets/Cult_Source/2019581_2024_08_22_15_50_GMT_384_segment_031.mp3,"अगर चाहती हो, क्या मैं आप जान सकता हूँ, आप किस city से बात करेंगे?"
s3://label-studio-in/STT_Audio_Datasets/Cult_Source/2019581_2024_08_22_15_50_GMT_384_segment_032.mp3,"अगर आपको transform चाहिए offline में, तो हम लोग provide कर सकते हैं माम।"
s3://label-studio-in/STT_Audio_Datasets/Cult_Source/2019581_2024_08_22_15_50_GMT_384_segment_034.mp3,तो यहां पर आपको 4 weeks के classes रहेंगी मैं
s3://label-studio-in/STT_Audio_Datasets/Cult_Source/2019581_2024_08_22_15_50_GMT_384_segment_036.mp3,"और यहां पर आपको एक master trainer दिया जाएगा, जो master trainer,"
s3://label-studio-in/STT_Audio_Datasets/Cult_Source/2019581_2024_08_22_15_50_GMT_384_segment_038.mp3,"तो यहाँ पर 20 लोग होंगे जो segregate, divide होंगे 4 या 5 group में."
s3://label-studio-in/STT_Audio_Datasets/Cult_Source/2019581_2024_08_22_15_50_GMT_384_segment_039.mp3,"तो यह 4 या 5 group में divide होने के बाद आप completely workout करोगे,"
s3://label-studio-in/STT_Audio_Datasets/Cult_Source/2019581_2024_08_22_15_50_GMT_384_segment_040.mp3,"और ये workout से आपको पता चलेगा जैसे 4 weeks का target है हम लोगों का,"
s3://label-studio-in/STT_Audio_Datasets/Cult_Source/2019581_2024_08_22_15_50_GMT_384_segment_044.mp3,"जहां पर nutritionist आपको बताएगा कि आप क्या चीज़ खा सकते हो, जैसे मैंने बताया ना transform plus में,"
s3://label-studio-in/STT_Audio_Datasets/Cult_Source/2019581_2024_08_22_15_50_GMT_384_segment_046.mp3,और उसके बाद हम लोग आपको एक maintenance diet देंगे.
s3://label-studio-in/STT_Audio_Datasets/Cult_Source/2019581_2024_08_22_15_50_GMT_384_segment_048.mp3,और उसके बाद हम लोग आपको एक maintenance workout देंगे।
s3://label-studio-in/STT_Audio_Datasets/Cult_Source/2019581_2024_08_22_15_50_GMT_384_segment_050.mp3,"तो ये जो complete हम लोगों का boot camp है, ये center पे होता है ma'am, पहले outdoor पे होता था,"
s3://label-studio-in/STT_Audio_Datasets/Cult_Source/2019581_2024_08_22_15_50_GMT_384_segment_051.mp3,"और यह city to city differ करता है ma'am, usually हम लोगों के पास यहां पर major cities में उपलब्ध है,"
s3://label-studio-in/STT_Audio_Datasets/Cult_Source/2019581_2024_08_22_15_50_GMT_384_segment_052.mp3,"तो आप directly अगर boot camp यहां पर, sorry, boot camp चेक करने के लिए जाएं,"
s3://label-studio-in/STT_Audio_Datasets/Cult_Source/2019581_2024_08_22_15_50_GMT_384_segment_056.mp3,जितने चाहे उतने classes रहेगी और एक specific time पे
s3://label-studio-in/STT_Audio_Datasets/Cult_Source/2019581_2024_08_22_15_50_GMT_384_segment_057.mp3,classes शुरू होती हैं और specific time पे खतम होती हैं.
s3://label-studio-in/STT_Audio_Datasets/Cult_Source/2019581_2024_08_22_15_50_GMT_384_segment_058.mp3,"तो 4 weeks का plan है, तो पहले से complete plan करके रहते हैं आपे,"
s3://label-studio-in/STT_Audio_Datasets/Cult_Source/2019581_2024_08_22_15_50_GMT_384_segment_060.mp3,मुझे लगाता था कि मुझे एक intuition थी कि online नहीं कि offline है।
s3://label-studio-in/STT_Audio_Datasets/Cult_Source/2019581_2024_08_22_15_50_GMT_384_segment_066.mp3,"comparatively एक doctor का consultation कर रहे हो या फिर nutritionist के पास जा रहे हो या फिर psychologist के पास, fitness expert के पास"
s3://label-studio-in/STT_Audio_Datasets/Cult_Source/2019581_2024_08_22_15_50_GMT_384_segment_068.mp3,वही आपको online मिल रहा है तकरीबन देर अजार उपे से पर महिना।
s3://label-studio-in/STT_Audio_Datasets/Cult_Source/2019581_2024_08_22_15_50_GMT_384_segment_069.mp3,और यहां पर हम लोग आपको 30 days की guarantee दे रहे हैं माम.
s3://label-studio-in/STT_Audio_Datasets/Cult_Source/2019581_2024_08_22_15_50_GMT_384_segment_071.mp3,क्यूंकि meal plan के लिए आपको हर दिन nutritionist के पास जाने की जरूरत तो नहीं पड़ेगी महम।
s3://label-studio-in/STT_Audio_Datasets/Cult_Source/2019581_2024_08_22_15_50_GMT_384_segment_072.mp3,"वर्काउट के लिए हम लोगों के पास यहां पर small group training sessions रखी गई हैं, जो कि हर दिन"
s3://label-studio-in/STT_Audio_Datasets/Cult_Source/2019581_2024_08_22_15_50_GMT_384_segment_073.mp3,"आप एक class भी join कर सकती हो, पांच भी join कर सकती हो, आपके उपर complete निर्भा रहे हैं."
s3://label-studio-in/STT_Audio_Datasets/Cult_Source/2019581_2024_08_22_15_50_GMT_384_segment_074.mp3,"जहां पर आपको assured हम लोग guarantee दे रहे हैं,"
s3://label-studio-in/STT_Audio_Datasets/Cult_Source/2019581_2024_08_22_15_50_GMT_384_segment_076.mp3,"weight loss नहीं हुआ, तो हम लोग आपको complete यहाँ पर refund day रहना है."
s3://label-studio-in/STT_Audio_Datasets/Cult_Source/2019581_2024_08_22_15_50_GMT_384_segment_077.mp3,"क्योंकि हम लोग चाहते ही हैं कि अगर आप invest कर रहे हो आपका पैसा,"
s3://label-studio-in/STT_Audio_Datasets/Cult_Source/2019581_2024_08_22_15_50_GMT_384_segment_079.mp3,"क्योंकि आपका hard and money है ma'am, आप usually ऐसे waste तो नहीं करोगे किसी program में डाल कर, जो आपके लिए फायदे मंधी ना रहे,"
s3://label-studio-in/STT_Audio_Datasets/Cult_Source/2019581_2024_08_22_15_50_GMT_384_segment_080.mp3,"तो यहाँ पर हम लोगों का 3 महने का आप प्लान प्रोग्राम देख सकती हो माम, क्यूंकि यह complete आपके उपर dependable रहेगा माम, क्या आपकी body requirement कैसी है?"
s3://label-studio-in/STT_Audio_Datasets/Cult_Source/2019581_2024_08_22_15_50_GMT_384_segment_082.mp3,"तो overall आपको results दिखने लगेंगे, आपको मैं ये भी नहीं बोल रहा कि ma'am आप 30 days wait करो, आपको starting first week से ही complete results दिखेंगे ma'am."
s3://label-studio-in/STT_Audio_Datasets/Cult_Source/2019581_2024_08_22_15_50_GMT_384_segment_083.mp3,"क्यूंकि यहां पर nutritionist वो चीज के उपर काम कर रहा है जो आपने बताया कि मेरे को यही चीज खाना पसंद है, यही चीज खाना नहीं पसंद."
s3://label-studio-in/STT_Audio_Datasets/Cult_Source/2019581_2024_08_22_15_50_GMT_384_segment_084.mp3,तो आपको वो suggest भी वो करेंगे जो आपके लिए फाइदे मंतर हो और जो आपको पसंद भी आए।
s3://label-studio-in/STT_Audio_Datasets/Cult_Source/2019581_2024_08_22_15_50_GMT_384_segment_085.mp3,"और workout का भी ma'am complete interactive रहेगा, ऐसे नहीं कि आप live video देख रहे हो, trainer आप से बात करेगा, आप trainer से बात करोगे,"
s3://label-studio-in/STT_Audio_Datasets/Cult_Source/2019581_2024_08_22_15_50_GMT_384_segment_088.mp3,equipments यूज़ करोगी या फिर dumbbells यूज़ करोगी तो आपके लिए ज़्यादा फायदा मन रहेगा.
s3://label-studio-in/STT_Audio_Datasets/Cult_Source/2019581_2024_08_22_15_50_GMT_384_segment_089.mp3,तो आप भी खुद देखो महम अगर कहीं पर डॉक्टर के पास अगर आप जाओ offline कहीं पर कंसल्ट करो आपके घर के पास या फिर कहीं पर भी और
s3://label-studio-in/STT_Audio_Datasets/Cult_Source/2019581_2024_08_22_15_50_GMT_384_segment_090.mp3,"वो लोग आपको recommend करेंगे weight loss करने के लिए,"
s3://label-studio-in/STT_Audio_Datasets/Cult_Source/2019581_2024_08_22_15_50_GMT_384_segment_092.mp3,"और आगे चलकर complications होगी, अभी के लिए आपको एक या दो दिन या तीन दिन आपको दर्द होगा,"
s3://label-studio-in/STT_Audio_Datasets/Cult_Source/2019581_2024_08_22_15_50_GMT_384_segment_093.mp3,जिसके बाद आप देख लेंगे कि ठीक है नई muscle store हुआ होगा या फिर
s3://label-studio-in/STT_Audio_Datasets/Cult_Source/2019581_2024_08_22_15_50_GMT_384_segment_094.mp3,वेट की वजह से ये complications डाल रहा है future के लिए
s3://label-studio-in/STT_Audio_Datasets/Cult_Source/2019581_2024_08_22_15_50_GMT_384_segment_095.mp3,"तो जैसे आपकी जो अंदर की जो veins हैं, रगे हैं,"
s3://label-studio-in/STT_Audio_Datasets/Cult_Source/2019581_2024_08_22_15_50_GMT_384_segment_096.mp3,"अगर आपने equipments, मान लीजिए आप dumbbells use ही नहीं कर रहे हैं, आप treadmill use करना चाहते हैं, treadmill के साथ जो, मतलब chest के लिए होगा, और back के लिए butterfly का होगा, उस चीज में अगर आपको ठीक से पता नहीं होगा, क्यूंकि आपका यहां पर body weight से workout नहीं हुआ है,"
s3://label-studio-in/STT_Audio_Datasets/Cult_Source/2019581_2024_08_22_15_50_GMT_384_segment_097.mp3,direct equipments use कर रहे हो वो चीज आपके mental health पे बहुत ज्यादा असर करेगी
s3://label-studio-in/STT_Audio_Datasets/Cult_Source/2019581_2024_08_22_15_50_GMT_384_segment_098.mp3,"और हम लोग इसलिए suggest करते हैं, कि almost आप देख सकते हो माम, जितने भी एलीज,"
s3://label-studio-in/STT_Audio_Datasets/Cult_Source/2019581_2024_08_22_15_50_GMT_384_segment_099.mp3,member है अगर वो gym में भी जा रहे हैं weight loss करने के लिए ma'am 87% of the members ma'am जो की elite
s3://label-studio-in/STT_Audio_Datasets/Cult_Source/2019581_2024_08_22_15_50_GMT_384_segment_101.mp3,"87% माम, जो कि आदे से ज़्यादा है, इसलिए क्योंकि वो already transform use कर रहे हैं,"
s3://label-studio-in/STT_Audio_Datasets/Cult_Source/2019581_2024_08_22_15_50_GMT_384_segment_102.mp3,"तो उनको completely doctor से उतनी consultation मिली है, ना कि doctor से, fitness expert से कि हाँ,"
s3://label-studio-in/STT_Audio_Datasets/Cult_Source/2019581_2024_08_22_15_50_GMT_384_segment_103.mp3,तो आपने already पर महिना 3-3 किलो घटाए हैं और तीशरे महिने के शुरुवात से आप जिम जा सकते हो।
s3://label-studio-in/STT_Audio_Datasets/Cult_Source/2019581_2024_08_22_15_50_GMT_384_segment_104.mp3,"तो overall ऐसा रहता है माम, ताकि body के ऊपर impact ना पड़े, आपको अभी results नहीं दिखेंगे माम,"
s3://label-studio-in/STT_Audio_Datasets/Cult_Source/2019581_2024_08_22_15_50_GMT_384_segment_105.mp3,आप देखोगे कि ठीक है मैं जिम जा रही हूँ because मुझे access मिल रहा है और मुझे assistance मिल रहा है equipments का
s3://label-studio-in/STT_Audio_Datasets/Cult_Source/2019581_2024_08_22_15_50_GMT_384_segment_106.mp3,"लेकिन अगर आप overall देखो body injury से पहले complications रहती हैं weight loss को लेकर, मतलब thyroid का problem रहता है, diabetes का,"
s3://label-studio-in/STT_Audio_Datasets/Cult_Source/2019581_2024_08_22_15_50_GMT_384_segment_107.mp3,"फीमेल की बात किया जाये माम तो PCOD, PCOS का प्रॉब्लम रहता है यहां पर,"
s3://label-studio-in/STT_Audio_Datasets/Cult_Source/2019581_2024_08_22_15_50_GMT_384_segment_108.mp3,"वर्काउट पर जाएगा, माम, 85% माम, ये reports कहती हैं, 85% आप weight loss"
s3://label-studio-in/STT_Audio_Datasets/Cult_Source/2019581_2024_08_22_15_50_GMT_384_segment_110.mp3,"और उसके साथ साथ आप जो खा रही हो, माम कुछ भी fancy food नहीं रहेगा माम, first of all."
s3://label-studio-in/STT_Audio_Datasets/Cult_Source/2019581_2024_08_22_15_50_GMT_384_segment_111.mp3,"और उसके बाद आप जिम चले जो महम, as a fitness expert मैं आपको गलत राय तो दे नहीं सकता, क्यूंकि elite भी हमारा ही product है, मैं शायद आपको अगर sales होता तो sales की तरह pitch भी कर देता,"
s3://label-studio-in/STT_Audio_Datasets/Cult_Source/2019581_2024_08_22_15_50_GMT_384_segment_112.mp3,"तरफ से ले जाओ, लेकिन as a fitness expert ये मेरी responsibility है,"
s3://label-studio-in/STT_Audio_Datasets/Cult_Source/2019581_2024_08_22_15_50_GMT_384_segment_117.mp3,कार्डियो के लिए वो specifically बोल नहीं सकते कि आपकी body के हिसाप से आप उतना कार्डियो कर सकते हो या नहीं।
s3://label-studio-in/STT_Audio_Datasets/Cult_Source/2019581_2024_08_22_15_50_GMT_384_segment_118.mp3,तो उसके लिए आपको fitness expert के पास जाना पड़ेगा consultation के लिए.
s3://label-studio-in/STT_Audio_Datasets/Cult_Source/2019581_2024_08_22_15_50_GMT_384_segment_119.mp3,"अब overall ये सारी चीज़ें cover हो गये, मैं डॉक्टर का cover हो गया, यहाँ पे fitness expert का cover हो गया, nutrition का."
s3://label-studio-in/STT_Audio_Datasets/Cult_Source/2019581_2024_08_22_15_50_GMT_384_segment_120.mp3,कम तीन जगह आप जा रही हो आपकी भी life है आप भी मतलब responsibilities है ये सारे चीजें के ऊपर आप कहां से focus करोगी हर दिन
s3://label-studio-in/STT_Audio_Datasets/Cult_Source/2019581_2024_08_22_15_50_GMT_384_segment_121.mp3,"तो वहाँ पर आपको psychologist की मदद मिलेगी, अगर आप फिर psychologist के पास जो ये सब सारी चीज़ें ले करके मेरा weight loss नहीं हो रहा,"
s3://label-studio-in/STT_Audio_Datasets/Cult_Source/2019581_2024_08_22_15_50_GMT_384_segment_122.mp3,"यहां पर हर दिन motivation कैसे मिले, मेरे को sustain कैसे हो,"
s3://label-studio-in/STT_Audio_Datasets/Cult_Source/2019581_2024_08_22_15_50_GMT_384_segment_123.mp3,"मैं consistency कैसे दिखाओं कि हर दिन हाँ 15 मिनिट,"
s3://label-studio-in/STT_Audio_Datasets/Cult_Source/2019581_2024_08_22_15_50_GMT_384_segment_124.mp3,तो मैं consistency कैसे पैदा करूँ मैं और उसके साथ साथ मुझे anxiety हो रही है मेरे weight को लेकर
s3://label-studio-in/STT_Audio_Datasets/Cult_Source/2019581_2024_08_22_15_50_GMT_384_segment_125.mp3,"जो की अगर आपने जादा सोचा weight के बारे में आपकी body के लिए वो negative impact create करेगा,"
s3://label-studio-in/STT_Audio_Datasets/Cult_Source/2019581_2024_08_22_15_50_GMT_384_segment_126.mp3,"आप weight loss करी नहीं सकती जितना भी workout कर लो क्योंकि आपका दिमाग ये बोल रहा है कि ठीके weight है, weight से complications हो सकते हैं."
s3://label-studio-in/STT_Audio_Datasets/Cult_Source/2019581_2024_08_22_15_50_GMT_384_segment_129.mp3,"amount अगर 1000 भी रखने, एक हफ़ते का आप 4000 ले रहे होंगा,"
s3://label-studio-in/STT_Audio_Datasets/Cult_Source/2019581_2024_08_22_15_50_GMT_384_segment_130.mp3,"same अगर चीज आपको, क्योंकि हम लोग आपको ये नहीं बता रहे हैं कि ठीक है आप transform का program ले लो,"
s3://label-studio-in/STT_Audio_Datasets/Cult_Source/2019581_2024_08_22_15_50_GMT_384_segment_131.mp3,आपको plan मिल जाएगा और एक दिन बाद या दो दिन बाद या तीन दिन बाद आपको connect करेंगे nutritionist क्योंकि उन्होंने already plan दे दिया है आपको नहीं ma'am ऐसे तो बिलकुल भी नहीं होगा
s3://label-studio-in/STT_Audio_Datasets/Cult_Source/2019581_2024_08_22_15_50_GMT_384_segment_132.mp3,"और आपको पता नहीं आपको क्या consume करना है यहाँ पर,"
s3://label-studio-in/STT_Audio_Datasets/Cult_Source/2019581_2024_08_22_15_50_GMT_384_segment_133.mp3,"तो directly आप menu card जो restaurant में आप बैठे हो, send कर दो."
s3://label-studio-in/STT_Audio_Datasets/Cult_Source/2019581_2024_08_22_15_50_GMT_384_segment_134.mp3,"nutritionist आपको बताएगा कि ठीक है food menu में इस restaurant में ये खाना ज्यादा अच्छा रहेगा,"
s3://label-studio-in/STT_Audio_Datasets/Cult_Source/2019581_2024_08_22_15_50_GMT_384_segment_135.mp3,"आपका lunch already assigned किया गया है वहाँ पर, कि आप, मतलब, Thursday के lunch को ये खाओ, आपका plan change हो गया, आप अपने घर चले गये, natives के पास, relatives के पास चले गये,"
s3://label-studio-in/STT_Audio_Datasets/Cult_Source/2019581_2024_08_22_15_50_GMT_384_segment_136.mp3,आप update कर दो ताकि वो modulate कर सकें आप शाम को क्या खा रहे हो।
s3://label-studio-in/STT_Audio_Datasets/Cult_Source/2019581_2024_08_22_15_50_GMT_384_segment_137.mp3,"तो इस तरह से आपका complete जो diet है balanced रहेगा,"
s3://label-studio-in/STT_Audio_Datasets/Cult_Source/2019581_2024_08_22_15_50_GMT_384_segment_138.mp3,अगर वही चीज अगर आप offline देखोगे तो doctor को आप बार-बार call करके तो पूछ नहीं सकते ना ma'am.
s3://label-studio-in/STT_Audio_Datasets/Cult_Source/2019581_2024_08_22_15_50_GMT_384_segment_139.mp3,तो यहाँ पे आपका पैसा बहुत जादा बच रहा है क्यूंकि यह आपका investment है यह.
s3://label-studio-in/STT_Audio_Datasets/Cult_Source/2019581_2024_08_22_15_50_GMT_384_segment_140.mp3,"आप ये मच सोचो कि आप कुछ purchase कर रहे हो माम, ये sales नहीं है और आप purchase नहीं कर रहे हो, आप enroll कर रहे हो program के लिए,"
s3://label-studio-in/STT_Audio_Datasets/Cult_Source/2019581_2024_08_22_15_50_GMT_384_segment_141.mp3,"और आपका lifestyle अभी जाके आपको complete results नहीं दिखेंगे, चाहे वो positive impact हो या negative impact हो."
s3://label-studio-in/STT_Audio_Datasets/Cult_Source/2019581_2024_08_22_15_50_GMT_384_segment_142.mp3,"आपने ले लिया, enroll कर लिया, कोई सा भी program हो माम, आपकी battery के लिए है, तो overall future में आपको impact यहां पर positive देखेगा।"
s3://label-studio-in/STT_Audio_Datasets/Cult_Source/2019581_2024_08_22_15_50_GMT_384_segment_143.mp3,"लेकिन अगर आपने नहीं लिया तबी भी well and good है माम, लेकिन ऐसा न हो कि भगवान न करे कि आगे चल कर ये चीज और जादा बढ़ जाए, वेज की वज़े सो कोई medical conditions आ जाए."
s3://label-studio-in/STT_Audio_Datasets/Cult_Source/2019581_2024_08_22_15_50_GMT_384_segment_144.mp3,जादा फाइदमंध है कि ताकि ये आगे चल कर जादा complications न हो।
s3://label-studio-in/STT_Audio_Datasets/Cult_Source/2019581_2024_08_22_15_50_GMT_384_segment_145.mp3,"तो हम लोग आपको बताएंगे कि percentage wise अगर logo ने transform लिया है lifestyle change करने के लिए,"
s3://label-studio-in/STT_Audio_Datasets/Cult_Source/2019581_2024_08_22_15_50_GMT_384_segment_146.mp3,"तो आगे चलकर उनको बहुत साधा मदद मिली क्योंकि medical bills आते हैं, weight की वज़े से, weight की वज़े से हर बीमारी आती है।"
s3://label-studio-in/STT_Audio_Datasets/Cult_Source/2019581_2024_08_22_15_50_GMT_384_segment_147.mp3,"तो आपको यहाँ पर दिखाएंगे, और as जो मैं आपको example भी दे सकता हूँ, मैं sugar माम, sugar जो है,"
s3://label-studio-in/STT_Audio_Datasets/Cult_Source/2019581_2024_08_22_15_50_GMT_384_segment_148.mp3,"अगर मैं आपको medical terms में बताऊं तो, तो ऐसा क्या चीज हो सकती है, जो आप sugar के जैसे use करें,"
s3://label-studio-in/STT_Audio_Datasets/Cult_Source/2019581_2024_08_22_15_50_GMT_384_segment_149.mp3,"moreover अगर आप dates सिर्फ use कर रहे हो हो टी में,"
s3://label-studio-in/STT_Audio_Datasets/Cult_Source/2019581_2024_08_22_15_50_GMT_384_segment_150.mp3,"तो honey भी है, मम honey के भी फायदे है, शहद के भी फायदे है।"
s3://label-studio-in/STT_Audio_Datasets/Cult_Source/2019581_2024_08_22_15_50_GMT_384_segment_151.mp3,"तो आप धीरे धीरे, क्योंकि directly तो बोल नहीं सकते न, sugar लेना बन कर दो."
s3://label-studio-in/STT_Audio_Datasets/Cult_Source/2019581_2024_08_22_15_50_GMT_384_segment_154.mp3,"और अगर समझ गए तो बहुत easy है ma'am, अगर ना समझ गए तो बहुत जादा,"
s3://label-studio-in/STT_Audio_Datasets/Cult_Source/2019581_2024_08_22_15_50_GMT_384_segment_155.mp3,"complex है क्योंकि cortisol को एक तरह से अगर आप control कर सकते हो sugar में तो मैंने आपको example बताया यहां पर dates का, खजूर का,"
s3://label-studio-in/STT_Audio_Datasets/Cult_Source/2019581_2024_08_22_15_50_GMT_384_segment_156.mp3,"ना ही आपको complete nutrition मिलेंगे जो की cucumber में है, आपकी body hydrated रहेगी, जितना जादा पानी पियो."
s3://label-studio-in/STT_Audio_Datasets/Cult_Source/2019581_2024_08_22_15_50_GMT_384_segment_159.mp3,"तो आपके बॉडी के हिसाब से आपको पता होना चाहिए कि मैं कितना पानी पी सकता हूँ, मतलब पानी जो सबसे ज़्यादा फायदेमंद है इंसान के लिए, वही सबसे ज़्यादा हाने कारज दे है, क्योंकि हम लोगों को quantity नहीं पता,"
s3://label-studio-in/STT_Audio_Datasets/Cult_Source/2019581_2024_08_22_15_50_GMT_384_segment_160.mp3,तो वो चीज तो अलग आ जाएगी कि quality क्या है।
s3://label-studio-in/STT_Audio_Datasets/Cult_Source/2019581_2024_08_22_15_50_GMT_384_segment_161.mp3,quality तो complete डिपेंड करेगी बाम अगर आप normal borewell या फिर RO-Purify वो तो अलग बात हो गई न वो आगे
s3://label-studio-in/STT_Audio_Datasets/Cult_Source/2019581_2024_08_22_15_50_GMT_384_segment_162.mp3,तो ऐसी सारी चीज़ें आपको normal day to daily life में समझाए जाएंगी
s3://label-studio-in/STT_Audio_Datasets/Cult_Source/2019581_2024_08_22_15_50_GMT_384_segment_163.mp3,"और what if मैं आपको बोलूं, अगर आपको coaches मिलें आप ही के language में,"
s3://label-studio-in/STT_Audio_Datasets/Cult_Source/2019581_2024_08_22_15_50_GMT_384_segment_164.mp3,तो ऐसा तो हम लोग personal connect तब करते हैं जब कोई इंसान हमारी भाषा बात करें।
s3://label-studio-in/STT_Audio_Datasets/Cult_Source/2019581_2024_08_22_15_50_GMT_384_segment_165.mp3,"और वो जो every time connected रहेगा, तो आपके लिए complete overall एक factor बनके आएगा, कि ठीक है मेरे coach को मैं कुछ भी बोल सकती हूँ,"
s3://label-studio-in/STT_Audio_Datasets/Cult_Source/2019581_2024_08_22_15_50_GMT_384_segment_166.mp3,मेरा coach मेरे से connect कर रहा है या कर रही है?
s3://label-studio-in/STT_Audio_Datasets/Cult_Source/2019581_2024_08_22_15_50_GMT_384_segment_168.mp3,"या फिर hypertension, या फिर घुसा जल्दी आता है, जो कुछ भी हो, psychologist से बात कर लो।"
s3://label-studio-in/STT_Audio_Datasets/Cult_Source/2019581_2024_08_22_15_50_GMT_384_segment_169.mp3,"खाने के related जो भी हो, nutritionist से बात कर लो, fitness related जो कुछ भी है,"
s3://label-studio-in/STT_Audio_Datasets/Cult_Source/2019581_2024_08_22_15_50_GMT_384_segment_172.mp3,हर दिन तो रहेगा ही trainer train करने के लिए।
s3://label-studio-in/STT_Audio_Datasets/Cult_Source/2019581_2024_08_22_15_50_GMT_384_segment_175.mp3,जिसके बाद हम कभी भी आराम से connect हो सकते हैं। अभी के लिए अगर मैं prices आपको बताऊं तो lowest of the lowest prices हैं।
s3://label-studio-in/STT_Audio_Datasets/Cult_Source/2019581_2024_08_22_15_50_GMT_384_segment_176.mp3,तो आप directly आप 3 महिने की तो वो जा सकते हो मैं.
s3://label-studio-in/STT_Audio_Datasets/Cult_Source/2019581_2024_08_22_15_50_GMT_384_segment_177.mp3,agreements का आपको 9999 पड़ेगा जो की 90 दिन का रहेगा
s3://label-studio-in/STT_Audio_Datasets/Cult_Source/2019581_2024_08_22_15_50_GMT_384_segment_178.mp3,तो direct 90 दिन से 105 दिन मिल रहे हैं आपको.
s3://label-studio-in/STT_Audio_Datasets/Cult_Source/2019581_2024_08_22_15_50_GMT_384_segment_179.mp3,वहां पर available नहीं है ma'am क्योंकि वो तो complete gym का access आपको मिल रहा है
s3://label-studio-in/STT_Audio_Datasets/Cult_Source/2019581_2024_08_22_15_50_GMT_384_segment_180.mp3,"वहां पर वो लोग pitch करेंगे कि personal training चलेगा, personal training में तो आप"
s3://label-studio-in/STT_Audio_Datasets/Cult_Source/2019581_2024_08_22_15_50_GMT_384_segment_183.mp3,वो जाके आपको perfection 1000 रुपीज होगा माम। मान लीजिये आप जिम जा रहे हो।
s3://label-studio-in/STT_Audio_Datasets/Cult_Source/2019581_2024_08_22_15_50_GMT_384_segment_184.mp3,"आपने एक session एक घंटे का किया, तु एक घंटे का आप एक हजार रुके pay कर रहे हो,"
s3://label-studio-in/STT_Audio_Datasets/Cult_Source/2019581_2024_08_22_15_50_GMT_384_segment_185.mp3,यह नहीं बता रहा कि आपको knowledge मिलेगी या नहीं मिलेगी आपको 100% knowledge मिलेगी fitness में
s3://label-studio-in/STT_Audio_Datasets/Cult_Source/2019581_2024_08_22_15_50_GMT_384_segment_187.mp3,तो आपको knowledge मिल रही है बहुत ज्यादा पैसे देकर और बहुत कम knowledge मिल रही है
s3://label-studio-in/STT_Audio_Datasets/Cult_Source/2019581_2024_08_22_15_50_GMT_384_segment_188.mp3,"और knowledge जो मिल रही है वो सिर्फ fitness related है, आपका mindset ही है,"
s3://label-studio-in/STT_Audio_Datasets/Cult_Source/2019581_2024_08_22_15_50_GMT_384_segment_189.mp3,"आपका psychological अक्ती mental health भी है, आपका nutrition भी है,"
s3://label-studio-in/STT_Audio_Datasets/Cult_Source/2019581_2024_08_22_15_50_GMT_384_segment_190.mp3,तो personal trainer आपसे पूछी नहीं सकता कि मुझे medical reports दिखाओ क्योंकि वो doctor नहीं है
s3://label-studio-in/STT_Audio_Datasets/Cult_Source/2019581_2024_08_22_15_50_GMT_384_segment_192.mp3,"उसके बाद आप normal transform के साथ gym ले लो,"
s3://label-studio-in/STT_Audio_Datasets/Cult_Source/2019581_2024_08_22_15_50_GMT_384_segment_194.mp3,"क्यूंकि already आपको experience रहेगा transform plus का और 3 महने हम आप सीख जाएंगी nutrition के बारे में, mental health के बारे में, fitness expert के बारे में."
s3://label-studio-in/STT_Audio_Datasets/Cult_Source/2019581_2024_08_22_15_50_GMT_384_segment_198.mp3,तो complete knowledgeable होगे और जिसके साथ gym access भी मिल जाएगा.
s3://label-studio-in/STT_Audio_Datasets/Cult_Source/2019581_2024_08_22_15_50_GMT_384_segment_199.mp3,"मतलब आप खरीद लोगे, मतलब यहाँ पर membership आप खरीद लो जिम की,"
s3://label-studio-in/STT_Audio_Datasets/Cult_Source/2019581_2024_08_22_15_50_GMT_384_segment_201.mp3,"आप भूल जाओ, आप focus करो कि मतलब आपकी overall health कैसे खीत हो सकती है सिर्फ nutrition से"
s3://label-studio-in/STT_Audio_Datasets/Cult_Source/2019581_2024_08_22_15_50_GMT_384_segment_204.mp3,"लो बहने के बाद आरांड आपका 6 kg तो 7 kg वेट लॉस हो जाए,"
s3://label-studio-in/STT_Audio_Datasets/Cult_Source/2019581_2024_08_22_15_50_GMT_384_segment_205.mp3,"उसके बाद well to do mom, आप जाओ, आप जाके आराम से."
s3://label-studio-in/STT_Audio_Datasets/Cult_Source/2019581_2024_08_22_15_50_GMT_384_segment_206.mp3,"तो आपके लिए overall अच्छा रहेगा न, आपके तैसे भी waste नहीं हो रहे, आपको जो चीज में आपने invest के आपको वो भी मिल गया,"
s3://label-studio-in/STT_Audio_Datasets/Cult_Source/2019581_2024_08_22_15_50_GMT_384_segment_207.mp3,"तो अभी का ये price है माम आप लेना चाहते हो तो मतलब 10,000 है"
s3://label-studio-in/STT_Audio_Datasets/Cult_Source/2019581_2024_08_22_15_50_GMT_384_segment_211.mp3,आपको 30 days की guarantee हम लोग दे रहे हैं.
s3://label-studio-in/STT_Audio_Datasets/Cult_Source/2019581_2024_08_22_15_50_GMT_384_segment_213.mp3,"आप देखो कि 30 days में आपकी body कितनी improve हो रही है,"
s3://label-studio-in/STT_Audio_Datasets/Cult_Source/2019581_2024_08_22_15_50_GMT_384_segment_216.mp3,तो सबसे पहले psychologist से आप one to one connect कीजिए और बताइए कि क्यूं या किसी है
s3://label-studio-in/STT_Audio_Datasets/Cult_Source/2019581_2024_08_22_15_50_GMT_384_segment_217.mp3,"mom, हम लोग आपको guarantee ऐसे नहीं दे रहे हैं,"
s3://label-studio-in/STT_Audio_Datasets/Cult_Source/2019581_2024_08_22_15_50_GMT_384_segment_218.mp3,just because आपका weight loss हो जाए तो credits हम लोग ले लें
s3://label-studio-in/STT_Audio_Datasets/Cult_Source/2019581_2024_08_22_15_50_GMT_384_segment_219.mp3,हम लोग इसलिए दे रहे हैं कि overall आपका complete life
s3://label-studio-in/STT_Audio_Datasets/Cult_Source/2019581_2024_08_22_15_50_GMT_384_segment_223.mp3,हाँ exactly तो मतलब यह था कि अगर मान लो मैंने
s3://label-studio-in/STT_Audio_Datasets/Cult_Source/2019581_2024_08_22_15_50_GMT_384_segment_224.mp3,"तो मेरा weight वापिस से gain हो जा रहा था, यह हो रहा था उसमें"
s3://label-studio-in/STT_Audio_Datasets/Cult_Source/2019581_2024_08_22_15_50_GMT_384_segment_226.mp3,अगर आप group में workout करना चाहते हो तो trainer के साथ आप कर सकते हो completely interactive.
s3://label-studio-in/STT_Audio_Datasets/Cult_Source/2019581_2024_08_22_15_50_GMT_384_segment_227.mp3,completely one to one करना चाहते हो ताकि आपका mind focus रहे तो उसके लिए fitness expert रहेंगे
s3://label-studio-in/STT_Audio_Datasets/Cult_Source/2019581_2024_08_22_15_50_GMT_384_segment_228.mp3,हम लोग ज्यादा suggest नहीं करते video calls fitness expert को करने के लिए क्योंकि उनका काम ही होता है मतलब आपका complete overall body
s3://label-studio-in/STT_Audio_Datasets/Cult_Source/2019581_2024_08_22_15_50_GMT_384_segment_229.mp3,"चेक करना body vitals, चेक करना आपकी flexibility, agility और workout plan प्लान प्रोवाइट करना आपको."
s3://label-studio-in/STT_Audio_Datasets/Cult_Source/2019581_2024_08_22_15_50_GMT_384_segment_232.mp3,"ताकि वो लोग आपको बता सकें कि कैसे weight sustainable कर सकते हो, मैं यह हम लोगों को, हम लोगों ने app पर ही दाला है,"
s3://label-studio-in/STT_Audio_Datasets/Cult_Source/2019581_2024_08_22_15_50_GMT_384_segment_233.mp3,हम लोग आपको 100% assurance दे रहे हैं कि ये holistic simple and sustainable weight loss coaching program है.
s3://label-studio-in/STT_Audio_Datasets/Cult_Source/2019581_2024_08_22_15_50_GMT_384_segment_235.mp3,तो इतनी तो गैरेंटी दे रहे हैं कि आगे चलकर आपका weight bounce back नहीं होगा.
s3://label-studio-in/STT_Audio_Datasets/Cult_Source/2019581_2024_08_22_15_50_GMT_384_segment_237.mp3,"और bounce back नहीं होगा, 100% assurity, मतलब आपको assure कर रहे हैं हम लोग."
s3://label-studio-in/STT_Audio_Datasets/Cult_Source/2019581_2024_08_22_15_50_GMT_384_segment_239.mp3,आपको मैं ये भी नहीं बताओंगा कि आप 30 days try करो।
s3://label-studio-in/STT_Audio_Datasets/Cult_Source/2019581_2024_08_22_15_50_GMT_384_segment_241.mp3,"आपको nutritionist, psychologist और fitness expert estimate दे देंगे, 10 दिन का यह progress है,"
s3://label-studio-in/STT_Audio_Datasets/Cult_Source/2019581_2024_08_22_15_50_GMT_384_segment_242.mp3,"तो आने वाले 10 दिन का ये रहेगा, और उसके आने वाले 10 दिन का ये रहेगा, overall आपको estimate मिल जाएगा,"
s3://label-studio-in/STT_Audio_Datasets/Cult_Source/2019581_2024_08_22_15_50_GMT_384_segment_244.mp3,"और उसके बाद जैसे आप normal program आपका continue कर रहे हो, आपको तो यहाँ पर दिखेगा नहीं कि आपका bounce back हो रहा है।"
s3://label-studio-in/STT_Audio_Datasets/Cult_Source/2019581_2024_08_22_15_50_GMT_384_segment_246.mp3,"ताकि उतना भी forcefully ना हो day to daily life में implied हो जाए, क्यूंकि महम 40 दिन लगते हैं habit बिल्ड करने में."
s3://label-studio-in/STT_Audio_Datasets/Cult_Source/2019581_2024_08_22_15_50_GMT_384_segment_248.mp3,"क्यूंकि हम लोग directly बोल नहीं सकते न, अच्छा ठीक है, आपको गोबी पसंद है, गोबी खाना छोड़ दो, ऐसा तो बिल्कुल भी नहीं हो सकता."
s3://label-studio-in/STT_Audio_Datasets/Cult_Source/2019581_2024_08_22_15_50_GMT_384_segment_250.mp3,हम लोग चाहते हैं at least आप 80% connected रहो.
s3://label-studio-in/STT_Audio_Datasets/Cult_Source/2019581_2024_08_22_15_50_GMT_384_segment_251.mp3,"जितना मतलब fitness expert या nutritionist बोल रहे हैं आपको,"
s3://label-studio-in/STT_Audio_Datasets/Cult_Source/2019581_2024_08_22_15_50_GMT_384_segment_252.mp3,आपको कंपनी के overall पता चल जाएगा कि ठीक है अगर मैं try करूँ तो इतना हो सकता है weight loss.
s3://label-studio-in/STT_Audio_Datasets/Cult_Source/2019581_2024_08_22_15_50_GMT_384_segment_254.mp3,लेकिन इससे जादा बहुत जादा complications हो सकती हैं health पे.
s3://label-studio-in/STT_Audio_Datasets/Cult_Source/2019581_2024_08_22_15_50_GMT_384_segment_255.mp3,"क्यूंकि body उस चीज से बनी ही नहीं गई है जिस तरीके से हम लोग weight loss करवाना चाहते हैं, 8 से 10 किलो।"
s3://label-studio-in/STT_Audio_Datasets/Cult_Source/2019581_2024_08_22_15_50_GMT_384_segment_256.mp3,तो 3 kg से ज्यादा हम लोग recommend करेंगे नहीं मान लीजिए आपके 3.5 भी हो गए तभी भी not a problem at all क्यूंकि यह बहुत slow process से जा रहा है तो आपको complete overall एक
s3://label-studio-in/STT_Audio_Datasets/Cult_Source/2019581_2024_08_22_15_50_GMT_384_segment_258.mp3,"और confirmation भी मिलेगा कि ठीक है, इस slow process से गया है वो,"
s3://label-studio-in/STT_Audio_Datasets/Cult_Source/2019581_2024_08_22_15_50_GMT_384_segment_259.mp3,तो जैसे आपको पता चल जाए कि ठीक है estimated है week का मतलब मैंने जो
s3://label-studio-in/STT_Audio_Datasets/Cult_Source/2019581_2024_08_22_15_50_GMT_384_segment_260.mp3,"साड़े तीन किलो घटाएं हैं, वो bounce back नहीं होगा, क्यूंकि ma'am as a fitness expert, अगर मैं आपको इस तरीके से समझा सकता हूँ,"
s3://label-studio-in/STT_Audio_Datasets/Cult_Source/2019581_2024_08_22_15_50_GMT_384_segment_264.mp3,"तो वो जमीन आसमान का फरख आएगा, क्यूंकि आप healthy life के तरफ जा रहे हो, है ना?"
s3://label-studio-in/STT_Audio_Datasets/Cult_Source/2019581_2024_08_22_15_50_GMT_384_segment_265.mp3,को include होगा 6 months और 12 months के package में माम।
s3://label-studio-in/STT_Audio_Datasets/Cult_Source/2019581_2024_08_22_15_50_GMT_384_segment_266.mp3,यहां पर मैं आपको बताता हूँ इसका main reason क्या है।
s3://label-studio-in/STT_Audio_Datasets/Cult_Source/2019581_2024_08_22_15_50_GMT_384_segment_267.mp3,3 months का यहां पर जो हम लोगों के पास
s3://label-studio-in/STT_Audio_Datasets/Cult_Source/2019581_2024_08_22_15_50_GMT_384_segment_268.mp3,"3 months के customers जैसे 3 महने खतम होते हैं, वो लोग upgrade के लिए कुछते हैं, मतलब out of 100 customers हम लोगों के पास,"
s3://label-studio-in/STT_Audio_Datasets/Cult_Source/2019581_2024_08_22_15_50_GMT_384_segment_270.mp3,"100 customers आके 3 महने का लिया, तो उसमें 92 customers आके हम लोगों को बोलते हैं की,"
s3://label-studio-in/STT_Audio_Datasets/Cult_Source/2019581_2024_08_22_15_50_GMT_384_segment_273.mp3,"मैं 20,000 तो हम लोगों का 12 मेने का package नहीं है यहां पर,"
s3://label-studio-in/STT_Audio_Datasets/Cult_Source/2019581_2024_08_22_15_50_GMT_384_segment_274.mp3,"17000 चल रहा है, 17000 change में discount से मतलब"
s3://label-studio-in/STT_Audio_Datasets/Cult_Source/2019581_2024_08_22_15_50_GMT_384_segment_275.mp3,"extend भी कर सकता हूँ उसको manager की request से,"
s3://label-studio-in/STT_Audio_Datasets/Cult_Source/2019581_2024_08_22_15_50_GMT_384_segment_276.mp3,3 plus 3 अगर मिल रहे हैं तो यहाँ पर customer का more than 7000-8000 का नुकसान हो रहा है
s3://label-studio-in/STT_Audio_Datasets/Cult_Source/2019581_2024_08_22_15_50_GMT_384_segment_280.mp3,6 months का प्रोग्राम तो 6 मेने के 6 मेने के प्रोग्राम में
s3://label-studio-in/STT_Audio_Datasets/Cult_Source/2019581_2024_08_22_15_50_GMT_384_segment_281.mp3,"full body check-up मिल रहा है, बल्ड A आपको 672 lab test मिलेंगे ma'am."
s3://label-studio-in/STT_Audio_Datasets/Cult_Source/2019581_2024_08_22_15_50_GMT_384_segment_283.mp3,"जितने भी चीज़ें हो या फिर PCOD, PCOS जो कुछ भी हो वो तो पहले ही खतम हो जाएगा symptoms दिखने के साथ"
s3://label-studio-in/STT_Audio_Datasets/Cult_Source/2019581_2024_08_22_15_50_GMT_384_segment_284.mp3,"अगर यहां पर symptoms हैं तो weight भी जादा होगा, जिसके हिसाब से 6 मेने का plan perfect बैठेगा."
s3://label-studio-in/STT_Audio_Datasets/Cult_Source/2019581_2024_08_22_15_50_GMT_384_segment_285.mp3,जी 3 months का अगर transform है तो उसके साथ आपको अलग से medical यहां पर test है शायद 1500
s3://label-studio-in/STT_Audio_Datasets/Cult_Source/2019581_2024_08_22_15_50_GMT_384_segment_286.mp3,तो उसके according आप मतलब ले सकते हो या तो प्रोग्राम के शुरुआत में या फिर
s3://label-studio-in/STT_Audio_Datasets/Cult_Source/2019581_2024_08_22_15_50_GMT_384_segment_288.mp3,"लेकिन अगर आप यहां पर देख रहे हो, क्यूंकि हम लोग suggest भी इसलिए करते हैं 6 महने का, 12 महने का BMI के उपर,"
s3://label-studio-in/STT_Audio_Datasets/Cult_Source/2019581_2024_08_22_15_50_GMT_384_segment_292.mp3,"तो आप guidelines के हिसाब से calculate कर सकते हो, तो वो 6 मेने में ही pitch होगा वो."
s3://label-studio-in/STT_Audio_Datasets/Cult_Source/2019581_2024_08_22_15_50_GMT_384_segment_295.mp3,"और हर एक मम, चाहे आप तीन मेने का लो, छे मेने का या बारा मेने का, साथी देश की money back guarantee हम तीनों में दे रहे हैं।"
s3://label-studio-in/STT_Audio_Datasets/Cult_Source/2019581_2024_08_22_15_50_GMT_384_segment_296.mp3,"तो जहांसर आपको पता चलेगा कि ठीक है यह impact कर रहा है, यह result दिखा रहा है, इतना estimate है, मैं इतना target लेकर चली क्यूंकि"
s3://label-studio-in/STT_Audio_Datasets/Cult_Source/2019581_2024_08_22_15_50_GMT_384_segment_298.mp3,"muscle gain बहुत ज्यादा important है ma'am, क्यूंकि muscle gain मतलब आता ही है अच्छा खाना खाने से,"
s3://label-studio-in/STT_Audio_Datasets/Cult_Source/2019581_2024_08_22_15_50_GMT_384_segment_299.mp3,"तो वो body में आपको overall दिखेगा नहीं कि मोटापन,"
s3://label-studio-in/STT_Audio_Datasets/Cult_Source/2019581_2024_08_22_15_50_GMT_384_segment_300.mp3,तो आप track करते हैं वहाँ पर directly और जैसे already आपके पास 3 experts हैं
s3://label-studio-in/STT_Audio_Datasets/Cult_Source/2019581_2024_08_22_15_50_GMT_384_segment_301.mp3,तो आप उनका कभी भी मतलब use कर सकते हो आपकी मरजी के हिसाब से।
s3://label-studio-in/STT_Audio_Datasets/Cult_Source/2019581_2024_08_22_15_50_GMT_384_segment_302.mp3,"तो आप चाहते हो तो बाहर भी अगर आप reports ले लो,"
s3://label-studio-in/STT_Audio_Datasets/Cult_Source/2019581_2024_08_22_15_50_GMT_384_segment_303.mp3,"आप वो reports directly send कर सकते हो ma'am, इसमें कोई भी बात ये नहीं रहेगी कि अगर आपको यहीं से, मतलब cult fish से ही आपको program चाहिए, लेकिन हाँ,"
s3://label-studio-in/STT_Audio_Datasets/Cult_Source/2019581_2024_08_22_15_50_GMT_384_segment_304.mp3,"अगर आप 6 महने का ले रहे हो तो आपको complete यहाँ पर full body check-up,"
s3://label-studio-in/STT_Audio_Datasets/Cult_Source/2019581_2024_08_22_15_50_GMT_384_segment_310.mp3,"internship पर रखी हो, बड़े-बड़े hospitals में जो doctor रह चुके हो,"
s3://label-studio-in/STT_Audio_Datasets/Cult_Source/2019581_2024_08_22_15_50_GMT_384_segment_311.mp3,जो यहां पर या तो medical चला रहे हो या तो clinic तो उनके पास overall years of experience रहता है सालों का experience रहता है
s3://label-studio-in/STT_Audio_Datasets/Cult_Source/2019581_2024_08_22_15_50_GMT_384_segment_312.mp3,psychologist भी यही मतलब psychologist को हम बोलते ही doctor इसलिए है क्योंकि उन्होंने complete body behavior
s3://label-studio-in/STT_Audio_Datasets/Cult_Source/2019581_2024_08_22_15_50_GMT_384_segment_314.mp3,मतलब मान लीजिए अगर मर्दों की बात यहां पर आई तो बहुत ज़्यादा excessive smoking हो जाए या फिर
s3://label-studio-in/STT_Audio_Datasets/Cult_Source/2019581_2024_08_22_15_50_GMT_384_segment_315.mp3,"drinking हो जाए, directly तो हम बोल नहीं सकते न, कि drinking करना छोड़ दो, या smoking करना छोड़ दो, अगर उन्होंने छोड़ भी दिया,"
s3://label-studio-in/STT_Audio_Datasets/Cult_Source/2019581_2024_08_22_15_50_GMT_384_segment_316.mp3,आगे चलकर वो bounce back होगा तो पहले से जादा होगा माम।
s3://label-studio-in/STT_Audio_Datasets/Cult_Source/2019581_2024_08_22_15_50_GMT_384_segment_318.mp3,तो again हम लोग gender discriminate तो कर नहीं सकते कि हाँ ये सिर्फ मर्दों का है वो सिर्फ औरतों का है करकर मतलब habit habit होती है महम इसको change नहीं कर सकते ना कि judge किया जा सकता है
s3://label-studio-in/STT_Audio_Datasets/Cult_Source/2019581_2024_08_22_15_50_GMT_384_segment_319.mp3,"तो हम लोग इसको directly adapt कर सकते हैं, और adapt करके implement कर सकते हैं, कि क्या ऐसी चीज होगी,"
s3://label-studio-in/STT_Audio_Datasets/Cult_Source/2019581_2024_08_22_15_50_GMT_384_segment_321.mp3,"तो overall अगर आप देखें, जो हर एक चीज जो आप अभी खतम कर सकते हैं, वो आगे चल कर रहेगा ही नहीं।"
s3://label-studio-in/STT_Audio_Datasets/Cult_Source/2019581_2024_08_22_15_50_GMT_384_segment_325.mp3,तो मैं यहाँ पर जैसे आपको बता रहा था आपका जो targeted weight loss है वो कितना रहेगा था?
s3://label-studio-in/STT_Audio_Datasets/Cult_Source/2019581_2024_08_22_15_50_GMT_384_segment_328.mp3,"देखके 30 दिन तक कैसा है, result guaranteed और money back in 30 days जैसा आपने"
s3://label-studio-in/STT_Audio_Datasets/Cult_Source/2019581_2024_08_22_15_50_GMT_384_segment_330.mp3,तो ये एक घंटे तक रहेगी और मैं यहाँ पर request करके extend कर सकता हूँ ताकि
s3://label-studio-in/STT_Audio_Datasets/Cult_Source/2019581_2024_08_22_15_50_GMT_384_segment_332.mp3,अगर मैं इसको manager की approval लूँ तो ये around
s3://label-studio-in/STT_Audio_Datasets/Cult_Source/2019581_2024_08_22_15_50_GMT_384_segment_336.mp3,"same offer नहीं मिलेगा, तो मैं जान सकता हूँ कि क्या चीज है, अगर economically है, तो मतलब आप अपने उपर invest कर रहे हो, आपको मेने का 3000 पे करना है,"
s3://label-studio-in/STT_Audio_Datasets/Cult_Source/2019581_2024_08_22_15_50_GMT_384_segment_337.mp3,"अगर दूसरा कोई reason है तो बता सकते हैं माम, आपका call है, आप लेना भी चाहो तो भी ठीक है, नहीं भी तो भी ठीक है."
s3://label-studio-in/STT_Audio_Datasets/Cult_Source/2019581_2024_08_22_15_50_GMT_384_segment_338.mp3,"तो आज ये completely आपका call है, तो मैं आपको directly force तो नहीं कर सकता ना."
s3://label-studio-in/STT_Audio_Datasets/Cult_Source/2019581_2024_08_22_15_50_GMT_384_segment_340.mp3,यह responsibility है कि आपको suggest कर सको एक बेहतर lifestyle के लिए
s3://label-studio-in/STT_Audio_Datasets/Cult_Source/2019581_2024_08_22_15_50_GMT_384_segment_344.mp3,"माम, आपके किसी family member की पास credit card है?"
s3://label-studio-in/STT_Audio_Datasets/Cult_Source/2019581_2024_08_22_15_50_GMT_384_segment_354.mp3,तो आप भी मतलब आपकी body को मतलब complete overall इतना तो agree कर सकते हो ना कि हाँ ठीक है ये चीज हो सकती है और वो चीज में हम लोगों के
s3://label-studio-in/STT_Audio_Datasets/Cult_Source/2019581_2024_08_22_15_50_GMT_384_segment_359.mp3,"again मैं directly judge करके बोल नहीं सकता कि मतलब हाँ ये amount इतना बहतर है खुद के लिए और ये नहीं,"
s3://label-studio-in/STT_Audio_Datasets/Cult_Source/2019581_2024_08_22_15_50_GMT_384_segment_360.mp3,"लेकिन ये valid रहेगा और आपको ये worth it रहेगा, each and every जो आपका पैसा आप लगा रहे हो, तो worth it रहेगा,"
s3://label-studio-in/STT_Audio_Datasets/Cult_Source/2019581_2024_08_22_15_50_GMT_384_segment_362.mp3,"तब भी ठीक है, आपका जो पैसा आपने invest किया, वो आपको वापस मिल दें।"
s3://label-studio-in/STT_Audio_Datasets/Cult_Source/2019581_2024_08_22_15_50_GMT_384_segment_363.mp3,"और bounce back नहीं हुआ, तो हम लोग guarantee दे रहे हैं,"
s3://label-studio-in/STT_Audio_Datasets/Cult_Source/2019581_2024_08_22_15_50_GMT_384_segment_366.mp3,तो इसको as a complete investment इस तरीके से तो मत
s3://label-studio-in/STT_Audio_Datasets/Cult_Source/2019581_2024_08_22_15_50_GMT_384_segment_370.mp3,"आप बता दीजिए आप किस पे जादा focus कर रही हो, तो वो coach आपको directly assign कर दूँगा."
s3://label-studio-in/STT_Audio_Datasets/Cult_Source/2019581_2024_08_22_15_50_GMT_384_segment_371.mp3,यह final रहेगा मेरी करफ़ते और उसके जादा मैं आपको कुछ बोलूंगा नहीं
s3://label-studio-in/STT_Audio_Datasets/Cult_Source/2019581_2024_08_22_15_50_GMT_384_segment_373.mp3,तो वो coach में plus से आपको assign कर सकता हूँ ma'am आपको 3 महने का पड़ेगा 4500 रुपए
s3://label-studio-in/STT_Audio_Datasets/Cult_Source/2019581_2024_08_22_15_50_GMT_384_segment_374.mp3,"कि आपको fitness पे जादा ध्यान देना है, या फिर nutrition पे, उसके according transform plus का coach आपको दिलवा दूँगा मैं,"
s3://label-studio-in/STT_Audio_Datasets/Cult_Source/2019581_2024_08_22_15_50_GMT_384_segment_375.mp3,"आपको single coach मिलेगा, आपको daily WhatsApp connect मिलेगा, आपको meal plan मिलेगा, daily का workout plan मिलेगा,"
s3://label-studio-in/STT_Audio_Datasets/Cult_Source/2306520_2024_11_07_13_43_GMT_384_segment_001.mp3,"membership आपको 14 months का मिले जो 23, example 23,500 divided by 14,"
s3://label-studio-in/STT_Audio_Datasets/Cult_Source/2306520_2024_11_07_13_43_GMT_384_segment_005.mp3,तो 12 months का EMI plan है वहाँ पे वह भी no cost EMI है कोई extra hidden charges नहीं है जो processing fee है वह भी exist हो जाएगा वहाँ पे
s3://label-studio-in/STT_Audio_Datasets/Cult_Source/2306520_2024_11_07_13_43_GMT_384_segment_007.mp3,performance wise calculate करेंगे तो आपको यहाँ पे कम मिल जाएँ even better features and facilities
s3://label-studio-in/STT_Audio_Datasets/Cult_Source/2306520_2024_11_07_13_43_GMT_384_segment_012.mp3,क्या होता नहीं कि पहले ऐसे rules था पहले ये नहीं rules था कोई भी city में purchase करते कम city में
s3://label-studio-in/STT_Audio_Datasets/Cult_Source/2306520_2024_11_07_13_43_GMT_384_segment_013.mp3,अब ये city city wise भी मैं difference बता देता आपको क्योंकि rental expense वापे
s3://label-studio-in/STT_Audio_Datasets/Cult_Source/2306520_2024_11_07_13_43_GMT_384_segment_015.mp3,हाँ और उसका भी सीम प्रेजी मतलब एलिट में आपको सारे में access मिलेगा ना
s3://label-studio-in/STT_Audio_Datasets/Cult_Source/2306520_2024_11_07_13_43_GMT_384_segment_018.mp3,demand क्योंकि अगर वहाँ पे जादा crowd है तो prices वैसे हिसाब से जादा होगा वहाँ पे
s3://label-studio-in/STT_Audio_Datasets/Cult_Source/2306520_2024_11_07_13_43_GMT_384_segment_020.mp3,जो prices मैं आपको provide कर रहा हूँ that's a lease
s3://label-studio-in/STT_Audio_Datasets/Cult_Source/2306520_2024_11_07_13_43_GMT_384_segment_028.mp3,"elite gym भी आपको access मिलेगा, जो कि premium gym है इसके साथ,"
s3://label-studio-in/STT_Audio_Datasets/Cult_Source/2127741_2024_09_23_07_52_GMT_384_segment_002.mp3,और I have shared the payment link and I am at the discount and
s3://label-studio-in/STT_Audio_Datasets/Cult_Source/2096078_2024_09_14_10_05_GMT_384_segment_002.mp3,तो अभी तक तो coaching का भी हो गया रहेगा Sunday का offer था right
s3://label-studio-in/STT_Audio_Datasets/Cult_Source/2587184_2025_01_15_08_10_GMT_384_segment_005.mp3,"if you don't mind, मैं आपसे और एक बात कुछ रखता हूँ"
s3://label-studio-in/STT_Audio_Datasets/Cult_Source/2587184_2025_01_15_08_10_GMT_384_segment_006.mp3,जैसे कि आपने बता है कि आप 12 months का प्रो में बच्चे से नचा रहे हैं
s3://label-studio-in/STT_Audio_Datasets/Cult_Source/2587184_2025_01_15_08_10_GMT_384_segment_007.mp3,आप बता देना price variation कितना है फिर मैं उसमें भी देख लूँगा
s3://label-studio-in/STT_Audio_Datasets/Cult_Source/2587184_2025_01_15_08_10_GMT_384_segment_022.mp3,1.5 months extension मतलब 13.5 months का access मिल जाएगा
s3://label-studio-in/STT_Audio_Datasets/Cult_Source/2587184_2025_01_15_08_10_GMT_384_segment_023.mp3,इसके लिए हम करते हैं plan तो क्या procedure है
s3://label-studio-in/STT_Audio_Datasets/Cult_Source/2587184_2025_01_15_08_10_GMT_384_segment_024.mp3,आप से ही purchase कर सकते हो मैं activate कर देता हूँ मेरे साथ उससे
s3://label-studio-in/STT_Audio_Datasets/Cult_Source/2587184_2025_01_15_08_10_GMT_384_segment_025.mp3,"तो उस center में जो मुझे join करना है वो आ नहीं रहा,"
s3://label-studio-in/STT_Audio_Datasets/Cult_Source/2587184_2025_01_15_08_10_GMT_384_segment_026.mp3,500 का जो discount rate आपसे discuss किया था उसका activate कर दिया हूँ
s3://label-studio-in/STT_Audio_Datasets/Cult_Source/2587184_2025_01_15_08_10_GMT_384_segment_029.mp3,या voice breaking हो रही है कुछ देखो ना network
s3://label-studio-in/STT_Audio_Datasets/Cult_Source/2587184_2025_01_15_08_10_GMT_384_segment_031.mp3,के बाद जब आप activate होगा जब आप preferred center select करके
s3://label-studio-in/STT_Audio_Datasets/Cult_Source/2587184_2025_01_15_08_10_GMT_384_segment_034.mp3,"हाँ, इसमें लिखा आ रहा है, Grade 2 Pro Plus का एक आइकन है, मैं उसमें टश कर रहा हूँ"
s3://label-studio-in/STT_Audio_Datasets/Cult_Source/2587184_2025_01_15_08_10_GMT_384_segment_035.mp3,"नहीं हो रहा है, कुछ app ने issue तो नहीं है"
s3://label-studio-in/STT_Audio_Datasets/Cult_Source/2587184_2025_01_15_08_10_GMT_384_segment_039.mp3,कुछ app में ही मुझे लगा है कुछ problem हो जाया या फिर browse कर सकता हूँ
s3://label-studio-in/STT_Audio_Datasets/Cult_Source/2587184_2025_01_15_08_10_GMT_384_segment_042.mp3,pro plus पे मैं select कर रहा हूँ और जो की वो select नहीं हो रहा
s3://label-studio-in/STT_Audio_Datasets/Cult_Source/2587184_2025_01_15_08_10_GMT_384_segment_043.mp3,वो select नहीं हो रहा क्योंकि वो वापिस मेरे को pro पर ही डाल रहा है बार बार
s3://label-studio-in/STT_Audio_Datasets/Cult_Source/2587184_2025_01_15_08_10_GMT_384_segment_046.mp3,application में आपका number है यह same number है नौ
s3://label-studio-in/STT_Audio_Datasets/Cult_Source/1385439_2024_03_30_09_15_GMT_384_segment_002.mp3,"और आपका जो end date जो है, June 30, 2025 तो, ठीक है?"
s3://label-studio-in/STT_Audio_Datasets/Cult_Source/1385439_2024_03_30_09_15_GMT_384_segment_003.mp3,Already मैंने आपको 3 months का extension एड़ कर चुका हूँ सब्सक्राइब
s3://label-studio-in/STT_Audio_Datasets/Cult_Source/1385439_2024_03_30_09_15_GMT_384_segment_009.mp3,सर वो option ही नहीं है सर अपलाई करने के लिए एक ही अटेटे निक्की अपलाई होएगा सर
s3://label-studio-in/STT_Audio_Datasets/Cult_Source/1385439_2024_03_30_09_15_GMT_384_segment_010.mp3,वो number आपको add कर रहा होता है शर्वलिंग से
s3://label-studio-in/STT_Audio_Datasets/Cult_Source/1385439_2024_03_30_09_15_GMT_384_segment_012.mp3,brother के number पे referral करना चाहते हो right so
s3://label-studio-in/STT_Audio_Datasets/Cult_Source/1385439_2024_03_30_09_15_GMT_384_segment_013.mp3,तो आपकी जैसे मैं आपको बता रहा था आपकी जो membership है जुन 30 तो wind up होईगी
s3://label-studio-in/STT_Audio_Datasets/Cult_Source/1385439_2024_03_30_09_15_GMT_384_segment_015.mp3,I mean ma'am के number से आपको link भेजना होगा भेजना है तो
s3://label-studio-in/STT_Audio_Datasets/Cult_Source/1385439_2024_03_30_09_15_GMT_384_segment_022.mp3,"मतलब एक बात पूछ लेता हूँ, मैं TVC पर share करवाया हूँ अपने WhatsApp पर,"
s3://label-studio-in/STT_Audio_Datasets/Cult_Source/1385439_2024_03_30_09_15_GMT_384_segment_023.mp3,"अगर वो दूसरे number से ले रहे तो मैं दूसरे number को भी lock कर सकता हूँ, तो एक बार आप फिर से confirm कर लीजिये, ठीक है?"
s3://label-studio-in/STT_Audio_Datasets/Cult_Source/1385439_2024_03_30_09_15_GMT_384_segment_024.mp3,और number देने से like automatically जो 500 rupees का discount मिल जाएगा
s3://label-studio-in/STT_Audio_Datasets/Cult_Source/1385439_2024_03_30_09_15_GMT_384_segment_028.mp3,"जैसे ही वो membership लेंगे, आपको मैं यहाँ से मुझे notification लेगा,"
s3://label-studio-in/STT_Audio_Datasets/Cult_Source/1385439_2024_03_30_09_15_GMT_384_segment_031.mp3,करता हूं एक और option आपके लिए add कर देता हूं sir
s3://label-studio-in/STT_Audio_Datasets/Cult_Source/1385439_2024_03_30_09_15_GMT_384_segment_032.mp3,जैसे आपने refer किया right इसी तरह के आप additional
s3://label-studio-in/STT_Audio_Datasets/Cult_Source/1385439_2024_03_30_09_15_GMT_384_segment_033.mp3,अगर example अगर आप 9 members को अगर आप additional refer कर रहे हैं तो आपको
s3://label-studio-in/STT_Audio_Datasets/Cult_Source/1385439_2024_03_30_09_15_GMT_384_segment_035.mp3,आपको भी मैं add कर दूँगा और स्वादे मम को भी add कर दूँगा sir.
s3://label-studio-in/STT_Audio_Datasets/Cult_Source/1385439_2024_03_30_09_15_GMT_384_segment_037.mp3,"आपने जो एक month जैसे आपने आपके profile से refer किया था, आपको एक month का extension मिल गया है, right?"
s3://label-studio-in/STT_Audio_Datasets/Cult_Source/1385439_2024_03_30_09_15_GMT_384_segment_039.mp3,लेकिन almost 10 minutes तक आप refer कर सकते हूँ.
s3://label-studio-in/STT_Audio_Datasets/Cult_Source/1385439_2024_03_30_09_15_GMT_384_segment_040.mp3,या फिर यही मेरा number है sir यह permanent number है मेरा मैं आपको headquarters से call कर रहा हूँ
s3://label-studio-in/STT_Audio_Datasets/Cult_Source/1385439_2024_03_30_09_15_GMT_384_segment_041.mp3,call कर सकते हैं या WhatsApp पे message drop कर सकते हैं
s3://label-studio-in/STT_Audio_Datasets/Cult_Source/1385439_2024_03_30_09_15_GMT_384_segment_042.mp3,"मैं आपको within 15-20 minutes में आपको call कर देता हूँ आज पर, ठीक है?"
s3://label-studio-in/STT_Audio_Datasets/Cult_Source/1385439_2024_03_30_09_15_GMT_384_segment_044.mp3,"बच्चे आपको additional one month मिल जाएगा सारा आपको, ठीक है?"
s3://label-studio-in/STT_Audio_Datasets/Cult_Source/2124496_2024_09_22_11_00_GMT_384_segment_001.mp3,just a moment में I'll just select the Bandur city
s3://label-studio-in/STT_Audio_Datasets/Cult_Source/2603496_2025_01_17_12_51_GMT_384_segment_007.mp3,क्या experience चल रहा है कोई problem आ रही है नहीं आ रही है क्यों है क्या है
s3://label-studio-in/STT_Audio_Datasets/Cult_Source/2603496_2025_01_17_12_51_GMT_384_segment_009.mp3,I'm really sorry जो हुआ है इसके लिए मैं माफी चाहती हूँ तो
s3://label-studio-in/STT_Audio_Datasets/Cult_Source/2603496_2025_01_17_12_51_GMT_384_segment_010.mp3,और इसके उपर में आपका जो valuable feedback है definitely में receive करेंगी और concern team के लिए share भी करेंगी
s3://label-studio-in/STT_Audio_Datasets/Cult_Source/2603496_2025_01_17_12_51_GMT_384_segment_011.mp3,वो छोड़ दो कि मेरा उनके साथ experience है सरा
s3://label-studio-in/STT_Audio_Datasets/Cult_Source/2603496_2025_01_17_12_51_GMT_384_segment_023.mp3,"तो यहाँ पे आपके लिए 1.5 month extension भी है,"
s3://label-studio-in/STT_Audio_Datasets/Cult_Source/2603496_2025_01_17_12_51_GMT_384_segment_025.mp3,और आपके लिए 12 out of station access मिलेंगी across India every month.
s3://label-studio-in/STT_Audio_Datasets/Cult_Source/2603496_2025_01_17_12_51_GMT_384_segment_026.mp3,"अगर आपने 2000 रुपीज, more than 2000 रुपीज purchase किया तो आपके लिए 15% discount मिलेंगी."
s3://label-studio-in/STT_Audio_Datasets/Cult_Source/2603496_2025_01_17_12_51_GMT_384_segment_027.mp3,जो offer मैंने बताया आपके लिए अभी जो देख रही है आपकी application में
s3://label-studio-in/STT_Audio_Datasets/Cult_Source/2603496_2025_01_17_12_51_GMT_384_segment_029.mp3,"तो उसका मतलब उस time आपका जो final payable amount रहेंगी 20,240 rupees for overall 13.5 month membership"
s3://label-studio-in/STT_Audio_Datasets/Cult_Source/2603496_2025_01_17_12_51_GMT_384_segment_030.mp3,नए customer को help करने के लिए हैं कि पैसा
s3://label-studio-in/STT_Audio_Datasets/Cult_Source/2603496_2025_01_17_12_51_GMT_384_segment_032.mp3,आपको जो expectation क्या है in terms of the pricing?
s3://label-studio-in/STT_Audio_Datasets/Cult_Source/2603496_2025_01_17_12_51_GMT_384_segment_042.mp3,और वो experience ही इतना worst था कि मैंने सोचा कि इससे मतलब
s3://label-studio-in/STT_Audio_Datasets/Cult_Source/2603496_2025_01_17_12_51_GMT_384_segment_047.mp3,और आप खुद भी as a customer अपने आपको रखके सोचियेगा कि
s3://label-studio-in/STT_Audio_Datasets/Cult_Source/2603496_2025_01_17_12_51_GMT_384_segment_048.mp3,वो भी experience वो experience इतना worst हो कि आपका दुबारा जाने का मन नहीं ना करें
s3://label-studio-in/STT_Audio_Datasets/Cult_Source/2603496_2025_01_17_12_51_GMT_384_segment_050.mp3,जो concern है trainer के पास ही है ना आपका जो problem है वो trainer की पास ही है और center manager
s3://label-studio-in/STT_Audio_Datasets/Cult_Source/2603496_2025_01_17_12_51_GMT_384_segment_055.mp3,"उस तो जाता होगा ना, at least आपका staff है"
s3://label-studio-in/STT_Audio_Datasets/Cult_Source/2603496_2025_01_17_12_51_GMT_384_segment_058.mp3,मतलब कुछ मेरो कंपन चेक किया जाया कुछ भी XYZ
s3://label-studio-in/STT_Audio_Datasets/Cult_Source/2603496_2025_01_17_12_51_GMT_384_segment_061.mp3,really sorry to say this sir जो मैंने तरफ से मैं नहीं कर सकती हूँ
s3://label-studio-in/STT_Audio_Datasets/Cult_Source/2603496_2025_01_17_12_51_GMT_384_segment_065.mp3,अगर कुछ क्वारी से तो आप मुझे same number पर contact कर सकते हैं
s3://label-studio-in/STT_Audio_Datasets/Cult_Source/2102255_2024_09_16_11_15_GMT_384_segment_002.mp3,कितना we have the different different kinds of plants like we have a transform
s3://label-studio-in/STT_Audio_Datasets/Cult_Source/2102255_2024_09_16_11_15_GMT_384_segment_004.mp3,you will be able to reduce आराम से in 6 months
s3://label-studio-in/STT_Audio_Datasets/Cult_Source/2102255_2024_09_16_11_15_GMT_384_segment_006.mp3,"या just go back and come again to the page ma'am, same page."
s3://label-studio-in/STT_Audio_Datasets/Cult_Source/2702354_2025_02_07_09_49_GMT_384_segment_001.mp3,जीम आपने call back request raise किया था weight loss boot camp पे
s3://label-studio-in/STT_Audio_Datasets/Cult_Source/2702354_2025_02_07_09_49_GMT_384_segment_002.mp3,मैं जान सकता हूँ कोई query थी माम आपकी कोई information चाहिए था boot camp पे
s3://label-studio-in/STT_Audio_Datasets/Cult_Source/2702354_2025_02_07_09_49_GMT_384_segment_004.mp3,तो मुझे boot camp के लिए enroll करना चाहिए या personal training के लिए?
s3://label-studio-in/STT_Audio_Datasets/Cult_Source/2702354_2025_02_07_09_49_GMT_384_segment_005.mp3,आप बोट कैम में shorter duration freight loss कर सकते हो आप minimum 4 to 5 किजी क्योंकि ये 6 आफने के लिए होगा
s3://label-studio-in/STT_Audio_Datasets/Cult_Source/2702354_2025_02_07_09_49_GMT_384_segment_006.mp3,और मान लीजिए personal trainer आप hire करेंगे तो सिर्फ fitness के बारे में आपको बताएंगे सिर्फ fitness part
s3://label-studio-in/STT_Audio_Datasets/Cult_Source/2702354_2025_02_07_09_49_GMT_384_segment_008.mp3,तो मैं अगर आपको सजेस्ट करूँगा अगर आप weight loss करनी है तो culture transform plus के लिए जाइए mom
s3://label-studio-in/STT_Audio_Datasets/Cult_Source/2702354_2025_02_07_09_49_GMT_384_segment_009.mp3,इस particular program में तीन expertise आपको assign किया जाता है एक रहेगा fitness expert दूसरा रहेगा nutrition expert और तीसरा रहेगा mindset coach आपके lifestyle के लिए
s3://label-studio-in/STT_Audio_Datasets/Cult_Source/2702354_2025_02_07_09_49_GMT_384_segment_010.mp3,one to one रहेगा या इसमें four to five का group रहेगा
s3://label-studio-in/STT_Audio_Datasets/Cult_Source/2702354_2025_02_07_09_49_GMT_384_segment_018.mp3,मान लीजिए आप vegetarian हो non vegetarian हो कोई food allergies है आपके कोई medical conditions है आपके
s3://label-studio-in/STT_Audio_Datasets/Cult_Source/2702354_2025_02_07_09_49_GMT_384_segment_020.mp3,तो हफ़ते में एक diet chart आपको भेजे जाएगा Monday to Sunday
s3://label-studio-in/STT_Audio_Datasets/Cult_Source/2702354_2025_02_07_09_49_GMT_384_segment_022.mp3,जो lifestyle coach है जो आपके कुछ lifestyle parameters होते हैं मतलब आपका sleep cycle हो गया
s3://label-studio-in/STT_Audio_Datasets/Cult_Source/2702354_2025_02_07_09_49_GMT_384_segment_023.mp3,"आपका stress हो गया, daily routine, food pattern, कोई addictions, anxiety, depression आपको face कर रहे हो।"
s3://label-studio-in/STT_Audio_Datasets/Cult_Source/2702354_2025_02_07_09_49_GMT_384_segment_024.mp3,तो ये सारे parameters lifestyle management में आता है वो mindset coach handle करेगा माम।
s3://label-studio-in/STT_Audio_Datasets/Cult_Source/2702354_2025_02_07_09_49_GMT_384_segment_029.mp3,"हमें culture transform plus 3 महिने, 6 महिने और 12 महिने के 3 packages रहेंगे"
s3://label-studio-in/STT_Audio_Datasets/Cult_Source/2702354_2025_02_07_09_49_GMT_384_segment_031.mp3,और 6 months का होगा mom 14000 और annual package 12 months के लिए होगा around 17749
s3://label-studio-in/STT_Audio_Datasets/Cult_Source/2702354_2025_02_07_09_49_GMT_384_segment_032.mp3,"अगर मान लीजिए group activity के लिए जा रहे हो कोई dance partners, HRX तो वो आपको suggest करेंगे कि कुछ तक group activity आप join कर सकते हो"
s3://label-studio-in/STT_Audio_Datasets/Cult_Source/2702354_2025_02_07_09_49_GMT_384_segment_034.mp3,और हर 14 days में आपका workout plan change होता रहेगा यहाँ पे
s3://label-studio-in/STT_Audio_Datasets/Cult_Source/2702354_2025_02_07_09_49_GMT_384_segment_037.mp3,ये healthier weight loss होता है जो कोई यहाँ पे
s3://label-studio-in/STT_Audio_Datasets/Cult_Source/2702354_2025_02_07_09_49_GMT_384_segment_038.mp3,अगर आप reduce करेंगे healthier way तो वो regain नहीं होता है माम
s3://label-studio-in/STT_Audio_Datasets/Cult_Source/2702354_2025_02_07_09_49_GMT_384_segment_039.mp3,अगर आप already आपके पास elite membership है माम तो ये definitely ये तो advantage रहेगा आपके लिए जहाँ सारे exercise आप वहाँ पे कर सकते हो guidance के हिसाब से
s3://label-studio-in/STT_Audio_Datasets/Cult_Source/2702354_2025_02_07_09_49_GMT_384_segment_040.mp3,और exercise पर ज्यादा तो focus नहीं किया जाएगा क्योंकि ऐसे जैसे कि मैंने बताया 18-20% contribute होता है mom fitness से
s3://label-studio-in/STT_Audio_Datasets/Cult_Source/2702354_2025_02_07_09_49_GMT_384_segment_041.mp3,प्रॉपर follow करना होगा और आपका lifestyle change करना पड़ेगा आपको
s3://label-studio-in/STT_Audio_Datasets/Cult_Source/2702354_2025_02_07_09_49_GMT_384_segment_044.mp3,वहाँ पे certified भी होते हैं वहाँ और उसके साथ से वहाँ पे
s3://label-studio-in/STT_Audio_Datasets/Cult_Source/2702354_2025_02_07_09_49_GMT_384_segment_053.mp3,क्योंकि वो personalize package होता है जहां पे आप center में जाके ही
s3://label-studio-in/STT_Audio_Datasets/Cult_Source/2702354_2025_02_07_09_49_GMT_384_segment_054.mp3,अगर आपको particularly weight loss programs देख रहे हैं तो definitely उसमें आपको कुछ benefit और discount मिल जाएगा क्यूंकि already आपके पास elite membership है
s3://label-studio-in/STT_Audio_Datasets/Cult_Source/2702354_2025_02_07_09_49_GMT_384_segment_055.mp3,तो lifestyle के लिए पढ़ रही है तो lifestyle भी आप ले सकते हो यहाँ पे transform coach करके options रहेगा
s3://label-studio-in/STT_Audio_Datasets/Cult_Source/2702354_2025_02_07_09_49_GMT_384_segment_056.mp3,तो उसमें से सिर्फ lifestyle आप select कर सकते हो।
s3://label-studio-in/STT_Audio_Datasets/Cult_Source/2702354_2025_02_07_09_49_GMT_384_segment_057.mp3,"मैं तो एक बात बता देता हूँ, अगर आप nutrition guidance follow कर रहे हो,"
s3://label-studio-in/STT_Audio_Datasets/Cult_Source/2702354_2025_02_07_09_49_GMT_384_segment_059.mp3,directly fitness expert नहीं आपको कोई proper diet नहीं दे सकता
s3://label-studio-in/STT_Audio_Datasets/Cult_Source/2702354_2025_02_07_09_49_GMT_384_segment_062.mp3,आपको यह suggest करूँगा अगर आप personal trainer अगर आपके लिए hire कर रहे हो
s3://label-studio-in/STT_Audio_Datasets/Cult_Source/2702354_2025_02_07_09_49_GMT_384_segment_064.mp3,के लिए सिर्फ nutrition consultation package hire कर लीजिए मतलब nutritionist hire कर लीजिए
s3://label-studio-in/STT_Audio_Datasets/Cult_Source/2702354_2025_02_07_09_49_GMT_384_segment_068.mp3,जो उनको पता चल जाता है result क्यों नहीं आ रहा है वो मैंसे पूछेगा या पूछेगा
s3://label-studio-in/STT_Audio_Datasets/Cult_Source/2702354_2025_02_07_09_49_GMT_384_segment_072.mp3,तो आप clinical पर background से हो या क्या है आपका nutritionist मतलब
s3://label-studio-in/STT_Audio_Datasets/Cult_Source/2702354_2025_02_07_09_49_GMT_384_segment_073.mp3,"fitness assessment test में conduct किया जाता है, usually आपका medical conditions हो गए, कोई injuries हो गए,"
s3://label-studio-in/STT_Audio_Datasets/Cult_Source/2702354_2025_02_07_09_49_GMT_384_segment_074.mp3,daily workout routines क्या follow कर रहे हुए सारे पूछा जाता है उसके
s3://label-studio-in/STT_Audio_Datasets/Cult_Source/2702354_2025_02_07_09_49_GMT_384_segment_076.mp3,"कुछ foundation exercise करने के लिए बोलते हैं, usually मान लीजिए"
s3://label-studio-in/STT_Audio_Datasets/Cult_Source/2702354_2025_02_07_09_49_GMT_384_segment_077.mp3,कितने push up साब कर सकते हो एक minute में
s3://label-studio-in/STT_Audio_Datasets/Cult_Source/2702354_2025_02_07_09_49_GMT_384_segment_078.mp3,"आपकी energy level क्या है, fitness level क्या है, strength क्या है?"
s3://label-studio-in/STT_Audio_Datasets/Cult_Source/2702354_2025_02_07_09_49_GMT_384_segment_082.mp3,तीन चीज़ों पे focus करनी होती है एक रहेगा fitness exercise
s3://label-studio-in/STT_Audio_Datasets/Cult_Source/2702354_2025_02_07_09_49_GMT_384_segment_083.mp3,"at least कुछ तो activity होनी चाहिए, walking हो गया, jogging हो गया,"
s3://label-studio-in/STT_Audio_Datasets/Cult_Source/2702354_2025_02_07_09_49_GMT_384_segment_092.mp3,"लाइफस्टेल के लिए जाना है तो सपरेटली जा सकते हूँ, मैं लाइफस्टेल को एक चारेंस करवा दूँगा हूँ, क्यूंकि वहाँ पे एक कोच है, transform coach करके होता है plan,"
s3://label-studio-in/STT_Audio_Datasets/Cult_Source/2702354_2025_02_07_09_49_GMT_384_segment_093.mp3,जहाँ पे आप कोई भी एक select कर सकते हो nutritionist या lifestyle coach या fitness coach
s3://label-studio-in/STT_Audio_Datasets/Cult_Source/2702354_2025_02_07_09_49_GMT_384_segment_094.mp3,यह तीनों options रहेगा यह कोई एक आप select कर सकते हो
s3://label-studio-in/STT_Audio_Datasets/Cult_Source/2702354_2025_02_07_09_49_GMT_384_segment_096.mp3,"3 मेने से start होता है practice में, 3 मेने, 6 मेने और 12 मेने"
s3://label-studio-in/STT_Audio_Datasets/Cult_Source/2702354_2025_02_07_09_49_GMT_384_segment_097.mp3,lifestyle coach और dietitians के लिए मान लीजिए अगर आप
s3://label-studio-in/STT_Audio_Datasets/Cult_Source/2702354_2025_02_07_09_49_GMT_384_segment_099.mp3,तो मुझे बता दीजिये मैंने कोई एक consultation क्योंकि वो charges लेते है consultations के माम.
s3://label-studio-in/STT_Audio_Datasets/Cult_Source/2702354_2025_02_07_09_49_GMT_384_segment_100.mp3,ये ना अच्छी lifestyle वाला तो मैंने first time सुना है
s3://label-studio-in/STT_Audio_Datasets/Cult_Source/2702354_2025_02_07_09_49_GMT_384_segment_101.mp3,देखिये माम मैं आपको बता देता हूँ lifestyle कितना important होता है
s3://label-studio-in/STT_Audio_Datasets/Cult_Source/2702354_2025_02_07_09_49_GMT_384_segment_102.mp3,"weight gain कर रहे हो, fat gain हो जाता है आपके body में, तो वो"
s3://label-studio-in/STT_Audio_Datasets/Cult_Source/2702354_2025_02_07_09_49_GMT_384_segment_106.mp3,"बारे को clear तो हो जाएगा न, होता क्या है?"
s3://label-studio-in/STT_Audio_Datasets/Cult_Source/2702354_2025_02_07_09_49_GMT_384_segment_107.mp3,आपको पता होगा अगर भार जाकर एक consultation लेंगे कोई clinical nutrition या lifestyle management से
s3://label-studio-in/STT_Audio_Datasets/Cult_Source/2702354_2025_02_07_09_49_GMT_384_segment_109.mp3,"बिल्कुल वही मैं बता रहा हूँ, कोई एक से मैं अरेज करवा सकता हूँ, दोनों से नहीं होगा, दो consultation नहीं होगा मैं फ्री."
s3://label-studio-in/STT_Audio_Datasets/Cult_Source/2702354_2025_02_07_09_49_GMT_384_segment_111.mp3,lifestyle consultation चाहिए या nutrition consultation चाहिए बता दीजिए मैं करवा देता हूँ
s3://label-studio-in/STT_Audio_Datasets/Cult_Source/2702354_2025_02_07_09_49_GMT_384_segment_112.mp3,"वेट लॉज जानी जो है holistic approach होना चाहिए, सिर्फ fitness part नहीं help करेगा या कोई nutrition part नहीं help करेगा."
s3://label-studio-in/STT_Audio_Datasets/Cult_Source/2702354_2025_02_07_09_49_GMT_384_segment_114.mp3,"बिल्कुल आप WhatsApp पर कनेक्ट कर सकते हो, Unlimited Chart अवलीबल रहेंगे उसके साथ."
s3://label-studio-in/STT_Audio_Datasets/Cult_Source/2702354_2025_02_07_09_49_GMT_384_segment_115.mp3,"महम अगर आप result oriented अगर आप देख रहे हो,"
s3://label-studio-in/STT_Audio_Datasets/Cult_Source/2702354_2025_02_07_09_49_GMT_384_segment_116.mp3,"को वहाँ पे assurance किया जाता है, minimum 2 to 3 kg weight loss every month."
s3://label-studio-in/STT_Audio_Datasets/Cult_Source/2702354_2025_02_07_09_49_GMT_384_segment_118.mp3,काफी time के बाद दुबारा गई और वैसे weight training होती है ना
s3://label-studio-in/STT_Audio_Datasets/Cult_Source/2702354_2025_02_07_09_49_GMT_384_segment_120.mp3,आपका weight gain नहीं हो रहा आपको portions पता चल रहे हैं
s3://label-studio-in/STT_Audio_Datasets/Cult_Source/2702354_2025_02_07_09_49_GMT_384_segment_122.mp3,जनकबुरी की ब्रांच यहाँ पे expertise नहीं माम यह नहीं रहता है यह centric है
s3://label-studio-in/STT_Audio_Datasets/Cult_Source/2702354_2025_02_07_09_49_GMT_384_segment_123.mp3,तो जो है ना मैं जो point कह रही थी
s3://label-studio-in/STT_Audio_Datasets/Cult_Source/2702354_2025_02_07_09_49_GMT_384_segment_127.mp3,क्योंकि ये तो एक long time journey है मेरी अभी तो
s3://label-studio-in/STT_Audio_Datasets/Cult_Source/2702354_2025_02_07_09_49_GMT_384_segment_128.mp3,मतलब longer term commitment होना चाहिए मालिजिए अगर आपने अभी personal trainer भी hire किया हुआ है
s3://label-studio-in/STT_Audio_Datasets/Cult_Source/2702354_2025_02_07_09_49_GMT_384_segment_129.mp3,6 महीने में 6 महीने तक किया 2 महीने तक किया 3 महीने तक क्या होता है अगर आप continue करते रहेंगे fitness में सिर्फ fitness में
s3://label-studio-in/STT_Audio_Datasets/Cult_Source/2702354_2025_02_07_09_49_GMT_384_segment_131.mp3,"concentrate कर रहे हो, nutrition part पर भी same concentrate कर रहे हो,"
s3://label-studio-in/STT_Audio_Datasets/Cult_Source/2702354_2025_02_07_09_49_GMT_384_segment_132.mp3,अगर आप अपना lifestyle भी आप improve कर रहे हो तो
s3://label-studio-in/STT_Audio_Datasets/Cult_Source/2702354_2025_02_07_09_49_GMT_384_segment_133.mp3,तब जाकर अगर weight loss होता है तो वो region नहीं होता है मा.
s3://label-studio-in/STT_Audio_Datasets/Cult_Source/2702354_2025_02_07_09_49_GMT_384_segment_135.mp3,और आपका lifestyle parameter कुछ survey होता है कि कितने time of sleep मतलब
s3://label-studio-in/STT_Audio_Datasets/Cult_Source/2702354_2025_02_07_09_49_GMT_384_segment_136.mp3,proper sleep हो रहा है या नहीं हो रहा है
s3://label-studio-in/STT_Audio_Datasets/Cult_Source/2702354_2025_02_07_09_49_GMT_384_segment_143.mp3,अगर आपके जाधा stress है तो कुछ medication sessions भेजा जाता है आपको join करने के लिए.
s3://label-studio-in/STT_Audio_Datasets/Cult_Source/2702354_2025_02_07_09_49_GMT_384_segment_145.mp3,तो मैं चाहता हूँ ma'am personal training के साथ साथ आप
s3://label-studio-in/STT_Audio_Datasets/Cult_Source/2702354_2025_02_07_09_49_GMT_384_segment_148.mp3,आपने जैसे की बता है कि आपको personal trainer hire करना ही है
s3://label-studio-in/STT_Audio_Datasets/Cult_Source/2702354_2025_02_07_09_49_GMT_384_segment_149.mp3,"आपका nutrition guidance और lifestyle guidance जो है, यहाँ से cult transform plus ले लीजिए।"
s3://label-studio-in/STT_Audio_Datasets/Cult_Source/2702354_2025_02_07_09_49_GMT_384_segment_150.mp3,"3 month के लिए 5000 रहेगा 6 month के लिए गारण 6,999 रहेगा और 12 month के लिए"
s3://label-studio-in/STT_Audio_Datasets/Cult_Source/2702354_2025_02_07_09_49_GMT_384_segment_152.mp3,"ठीक है, मैं आपको nutritionist से call अरेंज करवा देता हूँ, बात कर लीजिए एक बार डायेट के रिगारे,"
s3://label-studio-in/STT_Audio_Datasets/Cult_Source/2702354_2025_02_07_09_49_GMT_384_segment_153.mp3,शायद वो भी आपको lifestyle के बारे में बता देंगे कि वो भी कैसा होता है।
s3://label-studio-in/STT_Audio_Datasets/Cult_Source/2702354_2025_02_07_09_49_GMT_384_segment_154.mp3,तो मैं एक 10 मिनिट में आपको call arrange करवा देता हूँ.
s3://label-studio-in/STT_Audio_Datasets/Cult_Source/2702354_2025_02_07_09_49_GMT_384_segment_156.mp3,की कैसे है वो मेरे पर कैसे changes कर सकते है
s3://label-studio-in/STT_Audio_Datasets/Cult_Source/2601249_2025_01_17_13_15_GMT_384_segment_003.mp3,MG Road भी मैं अगर type कर रही हूँ ना यहाँ पे
s3://label-studio-in/STT_Audio_Datasets/Cult_Source/2601249_2025_01_17_13_15_GMT_384_segment_007.mp3,अगर मैं energy road टाइप कर रही हूँ particular centers देखने के लिए
s3://label-studio-in/STT_Audio_Datasets/Cult_Source/2601249_2025_01_17_13_15_GMT_384_segment_008.mp3,options आए थे जो मैंने आपको बताया आपने बोला के universal
s3://label-studio-in/STT_Audio_Datasets/Cult_Source/2601249_2025_01_17_13_15_GMT_384_segment_010.mp3,"यानि कि आपके area में अगर 3 centers रहेंगे, एक center आप"
s3://label-studio-in/STT_Audio_Datasets/Cult_Source/2601249_2025_01_17_13_15_GMT_384_segment_011.mp3,option ही नहीं मिलेगा क्योंकि आप center की advice जा रहे हैं ना इसलिए
s3://label-studio-in/STT_Audio_Datasets/Cult_Source/2072578_2024_09_07_07_35_GMT_384_segment_001.mp3,तो जब तक आपके पास pause days हैं आप pause days यूज़ कर लीजें
s3://label-studio-in/STT_Audio_Datasets/Cult_Source/2072578_2024_09_07_07_35_GMT_384_segment_003.mp3,तभी आप customer support पे ticket राज कीजिए straight करते हुए
s3://label-studio-in/STT_Audio_Datasets/Cult_Source/2072578_2024_09_07_07_35_GMT_384_segment_004.mp3,"तभी आपको ticket rise करना पड़ेगा, because of some personal reason, I am not able to use my elite membership, can you please help me with pausing."
s3://label-studio-in/STT_Audio_Datasets/Cult_Source/2072578_2024_09_07_07_35_GMT_384_segment_006.mp3,तो आप बता दीजिए कि I have some health issues so that is the reason I am not able to use the membership
s3://label-studio-in/STT_Audio_Datasets/Cult_Source/2072578_2024_09_07_07_35_GMT_384_segment_007.mp3,"basically reason होना चाहिए, मैं example देवा आपको कि reason होना चाहिए pause connect क्योंकि manually pause option तभी होता है"
s3://label-studio-in/STT_Audio_Datasets/Cult_Source/2072578_2024_09_07_07_35_GMT_384_segment_009.mp3,"वो बोलते हैं कि sir हम vacation पे जा रहे हैं, out of India for one month."
s3://label-studio-in/STT_Audio_Datasets/Cult_Source/2072578_2024_09_07_07_35_GMT_384_segment_010.mp3,तो हम लोग अपने policies खतम हो चुके हैं आप हमें help कीजिए तो तभी customer support help करता है
s3://label-studio-in/STT_Audio_Datasets/Cult_Source/2072578_2024_09_07_07_35_GMT_384_segment_011.mp3,बेसिक reason यह है कि आपके पास जो भी process आप use कीजिए तब तक
s3://label-studio-in/STT_Audio_Datasets/Cult_Source/2072578_2024_09_07_07_35_GMT_384_segment_014.mp3,क्या आप मेरी membership को 30 दिन के लिए freeze कर सकते हैं जिसके मैं out of India जा रहा हूँ या कोई health issue है
s3://label-studio-in/STT_Audio_Datasets/Cult_Source/2072578_2024_09_07_07_35_GMT_384_segment_016.mp3,मेरी कुछ personal reasons है तब ही वो आपकी help करें
s3://label-studio-in/STT_Audio_Datasets/Cult_Source/2072578_2024_09_07_07_35_GMT_384_segment_020.mp3,"completely आपको post period दिया जाएगा, या तो extra post days आपको दिए जाएगी, बट हाँ, उसमें भी थोड़े दिन आपके waste हो सकते हैं, जैसे कि 10-15 दिन आपके waste में जाएगे ही जाएगे, basically वो तो एक common होगा,"
s3://label-studio-in/STT_Audio_Datasets/Cult_Source/2072578_2024_09_07_07_35_GMT_384_segment_023.mp3,जब आप ठीक हो जाओगे तो आप हमें contact करके अपनी membership को unfreeze करवा लेना.
s3://label-studio-in/STT_Audio_Datasets/Cult_Source/2072578_2024_09_07_07_35_GMT_384_segment_024.mp3,"पर हाँ, help तो मिल जाएगी सर और आपको options मिल जाएगे extra."
s3://label-studio-in/STT_Audio_Datasets/Cult_Source/2072578_2024_09_07_07_35_GMT_384_segment_025.mp3,हम आपको help करने के लिए always cult is available for you
s3://label-studio-in/STT_Audio_Datasets/Cult_Source/2072578_2024_09_07_07_35_GMT_384_segment_026.mp3,वो बोलेंगे कि आपका swimming का तो available है लेकिन आप उसके लिए बंद गया है
s3://label-studio-in/STT_Audio_Datasets/Cult_Source/2072578_2024_09_07_07_35_GMT_384_segment_030.mp3,"कि आप मुझे और थोड़े pause period दे सकते हैं, जहांपे मैं play के साथ थोड़ा और comfortable हो जाओं,"
s3://label-studio-in/STT_Audio_Datasets/Cult_Source/2072578_2024_09_07_07_35_GMT_384_segment_031.mp3,तो जैसे मेरा comfortable हो जाता है तभी मैं दो भी continuously use कर सकता हूँ अब यही reason बोले sir तभी वो आपके help करेंगे
s3://label-studio-in/STT_Audio_Datasets/Cult_Source/2072578_2024_09_07_07_35_GMT_384_segment_032.mp3,और पेमेंट कैसे जा रहा है मैम कि आप जान सकता हूँ कि पेमेंट पेश पर आपने कौन सा option select किया पेमेंट करने के लिए
s3://label-studio-in/STT_Audio_Datasets/Cult_Source/2072578_2024_09_07_07_35_GMT_384_segment_034.mp3,जी जी application पर आपको show कर रहा हूँ but उसको manually add करना पड़ता है इसलिए मैं बोला था
s3://label-studio-in/STT_Audio_Datasets/Cult_Source/2072578_2024_09_07_07_35_GMT_384_segment_035.mp3,जैसे आपका payment manually add करना पड़ता है जैसे आपका payment हो जाएगा मुझे अपने system पे show करेगा
s3://label-studio-in/STT_Audio_Datasets/Cult_Source/2072578_2024_09_07_07_35_GMT_384_segment_036.mp3,तो मेरे पास एक option हैगा उधर add on 1.5 months तो मैं अगर उसके ऊपर click करता हूँ तो आपको तीनों को भी add होते हो जाएगा
s3://label-studio-in/STT_Audio_Datasets/Cult_Source/2072578_2024_09_07_07_35_GMT_384_segment_037.mp3,"आप मुझे वोल पे रख सकते हैं, if you don't mind it up."
s3://label-studio-in/STT_Audio_Datasets/Cult_Source/2072578_2024_09_07_07_35_GMT_384_segment_040.mp3,तो मुझे 10 मीन के लिए notification है कि आपका call आया हुआ है
s3://label-studio-in/STT_Audio_Datasets/Cult_Source/2072578_2024_09_07_07_35_GMT_384_segment_041.mp3,तो इसलिए ये directly connect नहीं होता हम लोगों को
s3://label-studio-in/STT_Audio_Datasets/Cult_Source/2072578_2024_09_07_07_35_GMT_384_segment_043.mp3,तो वो जो October 22 वो November 2 पे चला जाएगा
s3://label-studio-in/STT_Audio_Datasets/Cult_Source/2072578_2024_09_07_07_35_GMT_384_segment_044.mp3,फिर अगर आपने 10 दिन एक add किया तो फिर November 2nd से और 10 दिन के आगे जागा
s3://label-studio-in/STT_Audio_Datasets/Cult_Source/2072578_2024_09_07_07_35_GMT_384_segment_046.mp3,इन फिचर अगर आपके कोई भी friends या family member जो भी रहेंगे अगर आप refer करना चाहते हैं
s3://label-studio-in/STT_Audio_Datasets/Cult_Source/2072578_2024_09_07_07_35_GMT_384_segment_047.mp3,तो आप इसी number में मुझे call back कर सकते हैं sir
s3://label-studio-in/STT_Audio_Datasets/Cult_Source/2072578_2024_09_07_07_35_GMT_384_segment_049.mp3,"इस summer पे आप call back कीजिए, या तो मुझे WhatsApp पे एक message drop कीजिए, फैजान we need a call back."
s3://label-studio-in/STT_Audio_Datasets/Cult_Source/2072578_2024_09_07_07_35_GMT_384_segment_050.mp3,तो तीनों ने भी same credit card से payment किया या different different जा?
s3://label-studio-in/STT_Audio_Datasets/Cult_Source/2072578_2024_09_07_07_35_GMT_384_segment_051.mp3,Thank you so much for purchasing our membership and welcome to the cult family और आपके कोई friend या family member में जिनको आप prefer करना चाहेंगे cult food के लिए
s3://label-studio-in/STT_Audio_Datasets/Cult_Source/2642103_2025_01_26_06_51_GMT_384_segment_002.mp3,आप लोग क्या help कर सकते हो इन guiding weight loss के लिए इन क्या number के package वगारा है
s3://label-studio-in/STT_Audio_Datasets/Cult_Source/2642103_2025_01_26_06_51_GMT_384_segment_004.mp3,"तो हम लोगों के पास यहां पर complete online program है, sir."
s3://label-studio-in/STT_Audio_Datasets/Cult_Source/2642103_2025_01_26_06_51_GMT_384_segment_008.mp3,"plus एक designated weight loss, muscle gain, muscle toning, body toning"
s3://label-studio-in/STT_Audio_Datasets/Cult_Source/2642103_2025_01_26_06_51_GMT_384_segment_010.mp3,"तो यहां पर आपको Transform Plus में एक designated fitness expert, एक dietitian, nutritionist और एक psychologist प्रोवाइड किया जाएगा।"
s3://label-studio-in/STT_Audio_Datasets/Cult_Source/2642103_2025_01_26_06_51_GMT_384_segment_011.mp3,"जिसके साथ साथ आपको एक complete workout plan प्लान प्रोवाइड करेंगे, diet plan, meal plan और हर दिन small group training sessions रखी जाएंगी online."
s3://label-studio-in/STT_Audio_Datasets/Cult_Source/2642103_2025_01_26_06_51_GMT_384_segment_013.mp3,"तो आप एक class भी ले सकते हैं, या फिर all five classes ले सकते हैं, यह completely आपके ओपर निर्भार है।"
s3://label-studio-in/STT_Audio_Datasets/Cult_Source/2642103_2025_01_26_06_51_GMT_384_segment_014.mp3,"तो आपके BMI के according यहां पर हम लोग suggest करेंगे कि आपको 3 months, 6 months, 12 months के program में, किस program में जाना है, तो उसके according आपको"
s3://label-studio-in/STT_Audio_Datasets/Cult_Source/2642103_2025_01_26_06_51_GMT_384_segment_016.mp3,"तो हम लोगों के पास यहां पर discounted price हैं,"
s3://label-studio-in/STT_Audio_Datasets/Cult_Source/2642103_2025_01_26_06_51_GMT_384_segment_017.mp3,नहीं सर ये सिर्फ online है तो आपको बस क्योंकि
s3://label-studio-in/STT_Audio_Datasets/Cult_Source/2642103_2025_01_26_06_51_GMT_384_segment_018.mp3,अगर आप जिम जाएंगे तो जिम आपको सिर्फ जो है जिम का access प्रोवाइड करेगा जो कि membership कहलाएगा
s3://label-studio-in/STT_Audio_Datasets/Cult_Source/2642103_2025_01_26_06_51_GMT_384_segment_020.mp3,तो अगर आपको transform यहाँ पर जैसे आपका complete start date select होगा
s3://label-studio-in/STT_Audio_Datasets/Cult_Source/2642103_2025_01_26_06_51_GMT_384_segment_021.mp3,आपको एक fitness assessment coach आपसे contact करेगा प्रोग्राम खरीदने के बाद.
s3://label-studio-in/STT_Audio_Datasets/Cult_Source/2642103_2025_01_26_06_51_GMT_384_segment_023.mp3,से contact करकर आपका daily routine पूछेगा अब क्या खाते हो
s3://label-studio-in/STT_Audio_Datasets/Cult_Source/2642103_2025_01_26_06_51_GMT_384_segment_024.mp3,"क्या time पर सोते हो, कितने घंजों की नींद हो रही है,"
s3://label-studio-in/STT_Audio_Datasets/Cult_Source/2642103_2025_01_26_06_51_GMT_384_segment_025.mp3,complete check up लेगा आपसे अगर serviceable area के अंदर आता है तो हम लोग आपको
s3://label-studio-in/STT_Audio_Datasets/Cult_Source/2642103_2025_01_26_06_51_GMT_384_segment_026.mp3,"ये directly जो है code check करेंगे, अगर serviceable area के अंदर आ रहा है,"
s3://label-studio-in/STT_Audio_Datasets/Cult_Source/2642103_2025_01_26_06_51_GMT_384_segment_027.mp3,"तो आपके घर पर ही एक medical team आएगी और full body check-up लेगी sir, blood test."
s3://label-studio-in/STT_Audio_Datasets/Cult_Source/2642103_2025_01_26_06_51_GMT_384_segment_030.mp3,"coaches connect करेंगे, आपके साथ आपको unlimited WhatsApp calling, WhatsApp chat option रहेगा,"
s3://label-studio-in/STT_Audio_Datasets/Cult_Source/2642103_2025_01_26_06_51_GMT_384_segment_031.mp3,"यहां पर आपके नींद, complete sleep cycle, आपकी job responsibility, family responsibility, family planning,"
s3://label-studio-in/STT_Audio_Datasets/Cult_Source/2642103_2025_01_26_06_51_GMT_384_segment_032.mp3,"आपका complete overthinking, anxiety, जितना भी mental stress हो, sleep हो,"
s3://label-studio-in/STT_Audio_Datasets/Cult_Source/2642103_2025_01_26_06_51_GMT_384_segment_033.mp3,"और आपका food intake, calorie intake, हर चीज का आपको guidance complete मिलेगी."
s3://label-studio-in/STT_Audio_Datasets/Cult_Source/2642103_2025_01_26_06_51_GMT_384_segment_034.mp3,inconvenient महसूस हो रही हो तो directly आप connect कर सकते हैं
s3://label-studio-in/STT_Audio_Datasets/Cult_Source/2642103_2025_01_26_06_51_GMT_384_segment_039.mp3,क्या खा रहे हो आपको पता है क्योंकि one of the best food है
s3://label-studio-in/STT_Audio_Datasets/Cult_Source/2642103_2025_01_26_06_51_GMT_384_segment_040.mp3,"लेकिन कब खाना है और कितना खाना है और उसके साथ pre-workout, post-workout"
s3://label-studio-in/STT_Audio_Datasets/Cult_Source/2642103_2025_01_26_06_51_GMT_384_segment_041.mp3,कि sudden plans change हो गए और आपके family के साथ आप बाहर जा रहे हो।
s3://label-studio-in/STT_Audio_Datasets/Cult_Source/2642103_2025_01_26_06_51_GMT_384_segment_042.mp3,"तो directly जो है आप connect कर सकते हो, dilatation से उनको बता सकते हो कि plan change हो गया,"
s3://label-studio-in/STT_Audio_Datasets/Cult_Source/2642103_2025_01_26_06_51_GMT_384_segment_043.mp3,तो वो modulate कर देंगे कि आप next meal में क्या खा रहे हो।
s3://label-studio-in/STT_Audio_Datasets/Cult_Source/2642103_2025_01_26_06_51_GMT_384_segment_044.mp3,इससे consistency होगी तो कोई भी दिन as a cheat
s3://label-studio-in/STT_Audio_Datasets/Cult_Source/2642103_2025_01_26_06_51_GMT_384_segment_045.mp3,तो complete जो है अगर आपको बिना workout के शिर्फ diet पे भी focus करें तभी भी weight loss हो सकता है
s3://label-studio-in/STT_Audio_Datasets/Cult_Source/2642103_2025_01_26_06_51_GMT_384_segment_046.mp3,और सर अगर मैं workout की बात करूँ तो आप
s3://label-studio-in/STT_Audio_Datasets/Cult_Source/2642103_2025_01_26_06_51_GMT_384_segment_049.mp3,तो ये resistant band से आप कुल मिलाकर 180 types of workout कर सकते हो।
s3://label-studio-in/STT_Audio_Datasets/Cult_Source/2642103_2025_01_26_06_51_GMT_384_segment_050.mp3,"आपको ना dumbbells की जरूरत है तो complete dumbbells का काम ही यही कर रहा है आपके forearm, triceps, biceps, legs, back,"
s3://label-studio-in/STT_Audio_Datasets/Cult_Source/2642103_2025_01_26_06_51_GMT_384_segment_052.mp3,लेकिन यहां पर एक दिन recovery more than enough जो के एक अच्छी quality की नींद बताई जाती है
s3://label-studio-in/STT_Audio_Datasets/Cult_Source/2642103_2025_01_26_06_51_GMT_384_segment_053.mp3,"तो इस हिसाब से जैसे हम complete lifestyle के ऊपर focus कर रहे हैं,"
s3://label-studio-in/STT_Audio_Datasets/Cult_Source/2642103_2025_01_26_06_51_GMT_384_segment_054.mp3,तो अगर आपकी नींद भी अगर आप 6-7 घंटे सोते हो तो उसकी quality क्या है?
s3://label-studio-in/STT_Audio_Datasets/Cult_Source/2642103_2025_01_26_06_51_GMT_384_segment_055.mp3,cortisol हार्मोन जिसकी वजह से रात को नीम नहीं आती
s3://label-studio-in/STT_Audio_Datasets/Cult_Source/2642103_2025_01_26_06_51_GMT_384_segment_057.mp3,"तो उसके बाद आपको unlimited calling तो दिन की रहेगी ही,"
s3://label-studio-in/STT_Audio_Datasets/Cult_Source/2642103_2025_01_26_06_51_GMT_384_segment_059.mp3,वरना डेली का तो आपको Unlimited Chat और Unlimited Calling Option प्रोवाइड किया जाएगा.
s3://label-studio-in/STT_Audio_Datasets/Cult_Source/2642103_2025_01_26_06_51_GMT_384_segment_060.mp3,"और अगर आप per month की बात करों सर, तो 1300 रुपे पड़ेगा अगर आप 12 महने के लिए जा रहे हो।"
s3://label-studio-in/STT_Audio_Datasets/Cult_Source/2642103_2025_01_26_06_51_GMT_384_segment_061.mp3,"पर month अगर आपको 6 months का program ले रहे हो,"
s3://label-studio-in/STT_Audio_Datasets/Cult_Source/2642103_2025_01_26_06_51_GMT_384_segment_062.mp3,और 3300 पड़ेगा अगर आपको 3 months का प्रोग्राम ले रहे हैं.
s3://label-studio-in/STT_Audio_Datasets/Cult_Source/2642103_2025_01_26_06_51_GMT_384_segment_064.mp3,"वोपत से वो वेट पे आ जा रहे हैं, वो रोगन होता है कि stagnant हो जा रहे हैं एक वेट पे,"
s3://label-studio-in/STT_Audio_Datasets/Cult_Source/2642103_2025_01_26_06_51_GMT_384_segment_066.mp3,"तो आपके लिए भी easy होगा calculate करने के लिए कि आपको इले कौन सा program 3 मेने का, 6 मेने का, फिर 12 मेने का,"
s3://label-studio-in/STT_Audio_Datasets/Cult_Source/2642103_2025_01_26_06_51_GMT_384_segment_067.mp3,"तो यहां पर आपको जो है serviceable area में full body check-up तो 6 महने और 12 महने ही मिलेगी, 3 महने में full body check-up और doctor consultation नहीं है।"
s3://label-studio-in/STT_Audio_Datasets/Cult_Source/2642103_2025_01_26_06_51_GMT_384_segment_068.mp3,और रही बात तो BMI की मतलब जैसे आपने बताया आपका BMI
s3://label-studio-in/STT_Audio_Datasets/Cult_Source/2642103_2025_01_26_06_51_GMT_384_segment_070.mp3,"अगर आप नहिने में 2.5-3 केजी वजन घटाते हो, ये healthiest way है।"
s3://label-studio-in/STT_Audio_Datasets/Cult_Source/2642103_2025_01_26_06_51_GMT_384_segment_071.mp3,क्यूंकि कुछ लोग 5-6 केजी भी वजन घटा सकते हैं एक ही महने में लेकिन ये recommended
s3://label-studio-in/STT_Audio_Datasets/Cult_Source/2642103_2025_01_26_06_51_GMT_384_segment_072.mp3,"तो अगर आप 6 kgs weight loss आकर अगर आपका goal है,"
s3://label-studio-in/STT_Audio_Datasets/Cult_Source/2001868_2024_08_18_08_19_GMT_384_segment_005.mp3,"बता रहा हूँ मैं आपको 750 discount मेरे पास available है costing आपको 22,000"
s3://label-studio-in/STT_Audio_Datasets/Cult_Source/2001868_2024_08_18_08_19_GMT_384_segment_008.mp3,वो भी और भी बेनिफिट ज्यादा है आपको मतलब 2 years के पैक्ट में
s3://label-studio-in/STT_Audio_Datasets/Cult_Source/2001868_2024_08_18_08_19_GMT_384_segment_011.mp3,difference चेक करेंगे तो आपको कुछ 7000 का variation में
s3://label-studio-in/STT_Audio_Datasets/Cult_Source/2001868_2024_08_18_08_19_GMT_384_segment_013.mp3,"और 24 months का pricing मेरे discount के बाद आपको 30,990 पड़ेगा,"
s3://label-studio-in/STT_Audio_Datasets/Cult_Source/2001868_2024_08_18_08_19_GMT_384_segment_014.mp3,application में आप अगर procedure to page लिख करेंगे न
s3://label-studio-in/STT_Audio_Datasets/Cult_Source/2001868_2024_08_18_08_19_GMT_384_segment_015.mp3,"आपके including GST आपको दिखाएगा pricing आप अभी check करना चाहिए तो कर सकते हैं 23,590 दिखाएगा आपको"
s3://label-studio-in/STT_Audio_Datasets/Cult_Source/2001868_2024_08_18_08_19_GMT_384_segment_016.mp3,"मैंने normal navigation link भी भेज दिया है, WhatsApp नहीं, normal message और mail पे,"
s3://label-studio-in/STT_Audio_Datasets/Cult_Source/2001868_2024_08_18_08_19_GMT_384_segment_018.mp3,अभी currently आप pricing चेक कर रहे हैं मुंबई के pricing है दिली NCR का
s3://label-studio-in/STT_Audio_Datasets/Cult_Source/2001868_2024_08_18_08_19_GMT_384_segment_019.mp3,क्योंकि आपने previous membership मुंबई में अपने last check out किये था न।
s3://label-studio-in/STT_Audio_Datasets/Cult_Source/2001868_2024_08_18_08_19_GMT_384_segment_022.mp3,"तो दिल्ली का प्राइस इस 21,590 है, 14 months के membership के लिए, और 24 months के लिए 29,290 है मेरे discount के बाद."
s3://label-studio-in/STT_Audio_Datasets/Cult_Source/2001868_2024_08_18_08_19_GMT_384_segment_025.mp3,"हाँ, कोई-कोई gym में available है, कोई gym में नहीं है, मतलब कोई-कोई उसमें app में आप check करेंगे न, features, तो वहाँ पर आपको show करेगा."
s3://label-studio-in/STT_Audio_Datasets/Cult_Source/2001868_2024_08_18_08_19_GMT_384_segment_026.mp3,"नहीं, actually मेरे पास यहाँ पर option यहाँ पर area wise में चेक कर पाऊँगा, वैसे ही सापसे,"
s3://label-studio-in/STT_Audio_Datasets/Cult_Source/2001868_2024_08_18_08_19_GMT_384_segment_030.mp3,करिश का तो obviously आपको मिलेगा है उसके अलावा उनका features भी आपको benefit ले पाएंगे आपको
s3://label-studio-in/STT_Audio_Datasets/Cult_Source/2001868_2024_08_18_08_19_GMT_384_segment_031.mp3,जहाँ पे पब लेन है जहाँ पे शिफ्ट और ये सारी कंपनी IT कंपनीज है वहाँ पे रहते था
s3://label-studio-in/STT_Audio_Datasets/Cult_Source/2001868_2024_08_18_08_19_GMT_384_segment_038.mp3,but open हो रहा है वहाँ पे भी ऐसा है क्योंकि यह भी demand है इतना कि
s3://label-studio-in/STT_Audio_Datasets/Cult_Source/2001868_2024_08_18_08_19_GMT_384_segment_039.mp3,"he never used to put ghee, he does not know that ghee डालने तो क्या होगा"
s3://label-studio-in/STT_Audio_Datasets/Cult_Source/2001868_2024_08_18_08_19_GMT_384_segment_044.mp3,मतलब हवन हवन जैसा मतलब kind of rainy season में car लेके निकलना is
s3://label-studio-in/STT_Audio_Datasets/Cult_Source/2001868_2024_08_18_08_19_GMT_384_segment_046.mp3,"bike के लिए अच्छा car, ride के लिए, I can say road trip के लिए best है,"
s3://label-studio-in/STT_Audio_Datasets/Cult_Source/2001868_2024_08_18_08_19_GMT_384_segment_048.mp3,"आओ, sorry, 102, 102, sorry, 102, 30-40 क्लिमेटर को नन्यंदी हिल्सा है।"
s3://label-studio-in/STT_Audio_Datasets/Cult_Source/2001868_2024_08_18_08_19_GMT_384_segment_050.mp3,I used to go there एक बात गाड़ी को लट गई एक आदमी की न
s3://label-studio-in/STT_Audio_Datasets/Cult_Source/2001868_2024_08_18_08_19_GMT_384_segment_053.mp3,DCR ने मारी है मैं expert driver हूँ मैं कभी ना मेरी गाड़ी पल्टी ना कभी वो
s3://label-studio-in/STT_Audio_Datasets/Cult_Source/2001868_2024_08_18_08_19_GMT_384_segment_054.mp3,उन पहाडों में 100 G speed में चलाता था तो मुझे पता है यहाँ पे speed breaker है
s3://label-studio-in/STT_Audio_Datasets/Cult_Source/2001868_2024_08_18_08_19_GMT_384_segment_057.mp3,उस area में जब तक मैं था न उस area में
s3://label-studio-in/STT_Audio_Datasets/Cult_Source/2001868_2024_08_18_08_19_GMT_384_segment_059.mp3,मेरे time से तो वो काफी safe जगह रही होगी
s3://label-studio-in/STT_Audio_Datasets/Cult_Source/2001868_2024_08_18_08_19_GMT_384_segment_061.mp3,"जब मैं 1906 में आया है न, Bangalore से Delhi आया है तो I have never been to Delhi earlier"
s3://label-studio-in/STT_Audio_Datasets/Cult_Source/2689691_2025_02_04_13_33_GMT_384_segment_003.mp3,"Coming to the discount, मेरे पास best discount जो 750 है"
s3://label-studio-in/STT_Audio_Datasets/Cult_Source/2689691_2025_02_04_13_33_GMT_384_segment_004.mp3,ये discount apply करके cash पे कर सकता हूँ क्या
s3://label-studio-in/STT_Audio_Datasets/Cult_Source/2689691_2025_02_04_13_33_GMT_384_segment_005.mp3,तो हमारे पास option नहीं है इसके लिए आपको center visit करना होता
s3://label-studio-in/STT_Audio_Datasets/Cult_Source/2689691_2025_02_04_13_33_GMT_384_segment_006.mp3,"में को like, since आपने call के, मैं आपका यहाँ चीज़ किया कर लेता हूँ."
s3://label-studio-in/STT_Audio_Datasets/Cult_Source/2689691_2025_02_04_13_33_GMT_384_segment_007.mp3,आपने मुझे का पहले approach के तो will you get benefited में को इतना बताईए तो फिर मैं UPI student कर दूँगा
s3://label-studio-in/STT_Audio_Datasets/Cult_Source/2716229_2025_02_10_09_39_GMT_384_segment_001.mp3,इसके अंदरे वो life classes होंगी जो सुबा शाम होती है
s3://label-studio-in/STT_Audio_Datasets/Cult_Source/1253285_2024_02_21_16_47_GMT_384_segment_001.mp3,500 का discount नहीं हो पाया इसलिए I convinced my manager to give overall
s3://label-studio-in/STT_Audio_Datasets/Cult_Source/1253285_2024_02_21_16_47_GMT_384_segment_006.mp3,आपको MP MP M as in monkey P as in parrot
s3://label-studio-in/STT_Audio_Datasets/Cult_Source/1253285_2024_02_21_16_47_GMT_384_segment_008.mp3,"उसको select करना है, you can go to all across the Bangalore location"
s3://label-studio-in/STT_Audio_Datasets/Cult_Source/1253285_2024_02_21_16_47_GMT_384_segment_010.mp3,"फिर you can, it's just for the business knowledge man,"
s3://label-studio-in/STT_Audio_Datasets/Cult_Source/1253285_2024_02_21_16_47_GMT_384_segment_011.mp3,"अग मान लीजिए आपको एक दिन pause करना है, या फिर दो दिन pause करना है, या फिर completely 45 days भी pause करना है, you can do it."
s3://label-studio-in/STT_Audio_Datasets/Cult_Source/1253285_2024_02_21_16_47_GMT_384_segment_013.mp3,I hope this is your personal number और ये तुम्हारा company का number है
s3://label-studio-in/STT_Audio_Datasets/Cult_Source/1253285_2024_02_21_16_47_GMT_384_segment_014.mp3,company ने तुम लोगों को दिया है और is it your number जो as in use करते हो for your work
s3://label-studio-in/STT_Audio_Datasets/Cult_Source/1253285_2024_02_21_16_47_GMT_384_segment_016.mp3,"play के लिए, अगर आप elite के लिए जाते हो न, you know what is elite, right?"
s3://label-studio-in/STT_Audio_Datasets/Cult_Source/1253285_2024_02_21_16_47_GMT_384_segment_017.mp3,"और मैं आपको bluff नहीं कर रहा हूँ, brag नहीं कर रहा हूँ."
s3://label-studio-in/STT_Audio_Datasets/Cult_Source/1253285_2024_02_21_16_47_GMT_384_segment_018.mp3,"इसमें ना, इसमें हमको we do have authority of giving more discount like"
s3://label-studio-in/STT_Audio_Datasets/Cult_Source/1253285_2024_02_21_16_47_GMT_384_segment_020.mp3,जो जैसे कि मैंने बोला कि आपको MP Sports Arena सूज करने के लिए
s3://label-studio-in/STT_Audio_Datasets/Cult_Source/1253285_2024_02_21_16_47_GMT_384_segment_024.mp3,तो February 22 से आपने स्टार्ट किया है मतलब कल से
s3://label-studio-in/STT_Audio_Datasets/Cult_Source/1253285_2024_02_21_16_47_GMT_384_segment_026.mp3,"तो जैसे आप refer करोगे, जैसे वो purchase कर लेते, तो आपको"
s3://label-studio-in/STT_Audio_Datasets/Cult_Source/1253285_2024_02_21_16_47_GMT_384_segment_028.mp3,तो एक step back आईए आप एक step back आईए जहाँ पे orders और orders था न
s3://label-studio-in/STT_Audio_Datasets/Cult_Source/1253285_2024_02_21_16_47_GMT_384_segment_031.mp3,"हाँ, number नहीं है ना मेरे पास, नहीं तो I would have done it."
s3://label-studio-in/STT_Audio_Datasets/Cult_Source/1253285_2024_02_21_16_47_GMT_384_segment_035.mp3,"अपने number, अपने जो play number से आप उनको refer करोगे, तो आपको extension मिलेगा, उनको 500 rupees का discount मिलेगा."
s3://label-studio-in/STT_Audio_Datasets/Cult_Source/1253285_2024_02_21_16_47_GMT_384_segment_037.mp3,"तो मेरे तरसे जो भी discount है, I have already applied it,"
s3://label-studio-in/STT_Audio_Datasets/Cult_Source/1965009_2024_08_24_07_15_GMT_384_segment_002.mp3,"मैं यहाँ पे एक resolution आपको provide कर सकता हूँ,"
s3://label-studio-in/STT_Audio_Datasets/Cult_Source/1965009_2024_08_24_07_15_GMT_384_segment_004.mp3,purchase करने के बाद मैं ticket trace करने में आपकी मदद कर दूँगा
s3://label-studio-in/STT_Audio_Datasets/Cult_Source/1965009_2024_08_24_07_15_GMT_384_segment_006.mp3,आप जैसे वहाँ पर request request करोगे आपकी membership जो है 12 months से directly 13 months की मैं करवा के दे दूँगा
s3://label-studio-in/STT_Audio_Datasets/Cult_Source/1965009_2024_08_24_07_15_GMT_384_segment_007.mp3,तो अभी over the call of membership purchase कर लिजेगा
s3://label-studio-in/STT_Audio_Datasets/Cult_Source/2604416_2025_01_17_12_22_GMT_384_segment_003.mp3,पहली बार में पहली बार मेरे को location यह जाननी थी
s3://label-studio-in/STT_Audio_Datasets/Cult_Source/2604416_2025_01_17_12_22_GMT_384_segment_005.mp3,12 months का इसमें आपका show कर रहा है इसी gym पे
s3://label-studio-in/STT_Audio_Datasets/Cult_Source/2604416_2025_01_17_12_22_GMT_384_segment_008.mp3,but मेरे पास तो यहाँ पे nearby है ही नहीं
s3://label-studio-in/STT_Audio_Datasets/Cult_Source/2604878_2025_01_17_13_07_GMT_384_segment_001.mp3,"आपने cult membership purchase करने की कोशिश की थी, लेकिन unfortunately आप purchase नहीं कर पाए थे,"
s3://label-studio-in/STT_Audio_Datasets/Cult_Source/2604878_2025_01_17_13_07_GMT_384_segment_002.mp3,तो क्या मैं जान सकता हूँ कोई technical issue था या फिर आप कोई additional discount के लिए wait कर रहे थे सब?
s3://label-studio-in/STT_Audio_Datasets/Cult_Source/2604878_2025_01_17_13_07_GMT_384_segment_003.mp3,अगर आप elite membership लेंगे तो आपको unlimited access मिलेगा throughout all the city
s3://label-studio-in/STT_Audio_Datasets/Cult_Source/2604878_2025_01_17_13_07_GMT_384_segment_004.mp3,बांगलर्स और for an example तो आप कौन से city से लेना चाहते हैं साथ
s3://label-studio-in/STT_Audio_Datasets/Cult_Source/2604878_2025_01_17_13_07_GMT_384_segment_007.mp3,"आपको intercity transfer भी, for an example, आपको 5 swimming classes भी मिलेगा तब,"
s3://label-studio-in/STT_Audio_Datasets/Cult_Source/2604878_2025_01_17_13_07_GMT_384_segment_009.mp3,"तो directly आप एक membership पास कर पाएंगे, पास किये वे दिन वेस्ट नहीं होंगे, और automatically आपके membership में add होते जाएंगे साओ."
s3://label-studio-in/STT_Audio_Datasets/Cult_Source/2604878_2025_01_17_13_07_GMT_384_segment_010.mp3,plus free member to member transfer मिलेगा within 90 days of your membership start date
s3://label-studio-in/STT_Audio_Datasets/Cult_Source/2604878_2025_01_17_13_07_GMT_384_segment_011.mp3,"अगर आपको use नहीं करना है तो directly आप एक person से दूसरे person पे transfer कर सकते है आपके और से दूसरे person आपके friends, colleagues से relative पे"
s3://label-studio-in/STT_Audio_Datasets/Cult_Source/2604878_2025_01_17_13_07_GMT_384_segment_012.mp3,"free of cost आप transfer कर सकते हैं sir, just आपको हमारे customer support team पे mail लिखना होगा, transfer के लिए, और जिससे भी आप transfer कर रहे हैं, वो पहली बार purchase करना होगा sir."
s3://label-studio-in/STT_Audio_Datasets/Cult_Source/2604878_2025_01_17_13_07_GMT_384_segment_013.mp3,"including GST आपको ये 17,238 रुपिस cost हो रहा है sir."
s3://label-studio-in/STT_Audio_Datasets/Cult_Source/2604878_2025_01_17_13_07_GMT_384_segment_014.mp3,"लेकिन after discount आपको यही membership 16,488 रुपिस cost होगी."
s3://label-studio-in/STT_Audio_Datasets/Cult_Source/2604878_2025_01_17_13_07_GMT_384_segment_015.mp3,"totally 14 months के लिए है, so per month आपको 1000, 1000,"
s3://label-studio-in/STT_Audio_Datasets/Cult_Source/2604878_2025_01_17_13_07_GMT_384_segment_019.mp3,या offer end of the day तक ही validation फिर दोबार आपका ले नहीं पाएंगे इसलिए
s3://label-studio-in/STT_Audio_Datasets/Cult_Source/2604878_2025_01_17_13_07_GMT_384_segment_021.mp3,तो आपको purple color में एक option आएगा upgrade to elite plus बोलके उस पे click कीजिए
s3://label-studio-in/STT_Audio_Datasets/Cult_Source/2604878_2025_01_17_13_07_GMT_384_segment_023.mp3,उस पर select कीजिए उसमें एक purple color का आपको दिखाई दे रहा होगा upgrade to elite class बोलके
s3://label-studio-in/STT_Audio_Datasets/Cult_Source/2604878_2025_01_17_13_07_GMT_384_segment_024.mp3,"Sir, मैं आपको यही membership 16,488 में करके दे सकता हूँ, Sir."
s3://label-studio-in/STT_Audio_Datasets/Cult_Source/2604878_2025_01_17_13_07_GMT_384_segment_025.mp3,"आपका discount आपको यही membership 14,900 में करके दे सकता हूँ sir."
s3://label-studio-in/STT_Audio_Datasets/Cult_Source/2604878_2025_01_17_13_07_GMT_384_segment_028.mp3,"जब आप start date और center करेंगे, तो GSC include हो जाएगा,"
s3://label-studio-in/STT_Audio_Datasets/Cult_Source/2604878_2025_01_17_13_07_GMT_384_segment_029.mp3,"सर जो 13,000 आपको प्राइश हो रहा था without GST था सर,"
s3://label-studio-in/STT_Audio_Datasets/Cult_Source/2604878_2025_01_17_13_07_GMT_384_segment_030.mp3,"जब आप लास्ट पेज पर जाएंगे तो GST इंक्लूड हो जाएगा, इंक्लूड होके ही आपको ये प्राइज है,"
s3://label-studio-in/STT_Audio_Datasets/Cult_Source/2604878_2025_01_17_13_07_GMT_384_segment_031.mp3,including GST नहीं रहता है जब भी आप started और center select करते तब भी आप including GST देख पाते हो
s3://label-studio-in/STT_Audio_Datasets/Cult_Source/2717812_2025_02_11_05_47_GMT_384_segment_002.mp3,मुझे online नहीं करना है मुझे पता है I won't be able to do it
s3://label-studio-in/STT_Audio_Datasets/Cult_Source/2717812_2025_02_11_05_47_GMT_384_segment_005.mp3,और आप अगर जैसे के आपका toning of body तो हमारे यहाँ से एक dedicated program है नाम वो जो है transform plus है मगर वो totally online होता है नाम
s3://label-studio-in/STT_Audio_Datasets/Cult_Source/2717812_2025_02_11_05_47_GMT_384_segment_006.mp3,जिसके अंदर बहुत सारे चीज़े हैं जो आपको directly आपके daily
s3://label-studio-in/STT_Audio_Datasets/Cult_Source/2717812_2025_02_11_05_47_GMT_384_segment_007.mp3,"आपको जिन में access मिलेगा और आपको cult classes जैसे कि आप HRX, boxing, yoga"
s3://label-studio-in/STT_Audio_Datasets/Cult_Source/2717812_2025_02_11_05_47_GMT_384_segment_008.mp3,तो आपको वहाँ पर personally कोई नहीं रहेगा train करने के लिए fat percentage burn करने के लिए क्या करना है आपको
s3://label-studio-in/STT_Audio_Datasets/Cult_Source/2717812_2025_02_11_05_47_GMT_384_segment_009.mp3,और आपको उसके साथ से आपको क्या diet plan follow करना है।
s3://label-studio-in/STT_Audio_Datasets/Cult_Source/2717812_2025_02_11_05_47_GMT_384_segment_010.mp3,जिनके यहां पे आप अगर coach लेते हैं तो वो आपको guide करेंगे ma'am वो personal coach आपको difference separately आपको hire करना
s3://label-studio-in/STT_Audio_Datasets/Cult_Source/2717812_2025_02_11_05_47_GMT_384_segment_011.mp3,"जो gym में personal coach रहता है, उसके क्या charges रहते हैं?"
s3://label-studio-in/STT_Audio_Datasets/Cult_Source/2717812_2025_02_11_05_47_GMT_384_segment_013.mp3,online है और आपको elite membership भी हम दे देंगे जो आप
s3://label-studio-in/STT_Audio_Datasets/Cult_Source/2717812_2025_02_11_05_47_GMT_384_segment_016.mp3,जब आपको access मिलेगा तब आप वहाँ पे जाके आप
s3://label-studio-in/STT_Audio_Datasets/Cult_Source/2717812_2025_02_11_05_47_GMT_384_segment_019.mp3,"मैं stress में नहीं हूँ, तच्छूस, I got this, I am in the best zone in my life."
s3://label-studio-in/STT_Audio_Datasets/Cult_Source/2717812_2025_02_11_05_47_GMT_384_segment_020.mp3,"मुझे नहीं पता है कि इसके बाद में stress क्या है, मुझे नहीं पता."
s3://label-studio-in/STT_Audio_Datasets/Cult_Source/2718860_2025_02_11_11_20_GMT_384_segment_004.mp3,वो आकर अगर हमारी तरफ से मतलब आपको Amazon ब्लोसर चाहिए या
s3://label-studio-in/STT_Audio_Datasets/Cult_Source/2718860_2025_02_11_11_20_GMT_384_segment_005.mp3,हम वो discount दे सकते थे या तो discount के ऊपर Amazon voucher वैसे होता था
s3://label-studio-in/STT_Audio_Datasets/Cult_Source/2718860_2025_02_11_11_20_GMT_384_segment_010.mp3,पर इसमें तो कोई offer available नहीं है वो number का offer available है
s3://label-studio-in/STT_Audio_Datasets/Cult_Source/2718860_2025_02_11_11_20_GMT_384_segment_015.mp3,"हां, मैं call पर ही रहता हूँ आप एक बार कर दीजिए"
s3://label-studio-in/STT_Audio_Datasets/Cult_Source/1854170_2024_07_20_06_22_GMT_384_segment_001.mp3,and one more thing अधिनान even my friend wants to upgrade it for a life I will share his number
s3://label-studio-in/STT_Audio_Datasets/Cult_Source/2144845_2024_09_29_10_30_GMT_384_segment_002.mp3,माम आपको यहाँ पर दिखाई देगा nutrition expert ना बस scroll down
s3://label-studio-in/STT_Audio_Datasets/Cult_Source/2687357_2025_02_04_09_17_GMT_384_segment_001.mp3,एक ही सेंटर है उसका rent भी ज्यादा है membership का जो है
s3://label-studio-in/STT_Audio_Datasets/Cult_Source/2687357_2025_02_04_09_17_GMT_384_segment_003.mp3,"usually पांचों का मिलिया कडिस्कुन, मेरे तथा additional 250 लगाकर 750 कडिस्कुन दे दूँगा sir"
s3://label-studio-in/STT_Audio_Datasets/Cult_Source/2687357_2025_02_04_09_17_GMT_384_segment_005.mp3,"बिल्कुल नहीं sir, I am so sorry sir क्योंकि यहां पे जो है अपने दर्शों से maximum push करके मैं 750 तक prediction लगा सकता हूँ"
s3://label-studio-in/STT_Audio_Datasets/Cult_Source/2687357_2025_02_04_09_17_GMT_384_segment_016.mp3,24249 है आपको मैं अभी discount लिया है सर अभी चेक करिए सर
s3://label-studio-in/STT_Audio_Datasets/Cult_Source/2687357_2025_02_04_09_17_GMT_384_segment_020.mp3,"नहीं, WhatsApp में message नहीं आया, में कोई notification आया है और mail आया है"
s3://label-studio-in/STT_Audio_Datasets/Cult_Source/2687357_2025_02_04_09_17_GMT_384_segment_022.mp3,आपने तो जो लगाया वो 24249 है मेरे को जो मिल रहा है 24389 automatically मिल रहा है
s3://label-studio-in/STT_Audio_Datasets/Cult_Source/2687357_2025_02_04_09_17_GMT_384_segment_026.mp3,"24249 में दे दिया, तो यह आपको भोपा location select करता है,"
s3://label-studio-in/STT_Audio_Datasets/Cult_Source/2687357_2025_02_04_09_17_GMT_384_segment_031.mp3,city को change करके आपको यह भी एक idea दे रहे हैं
s3://label-studio-in/STT_Audio_Datasets/Cult_Source/2723118_2025_02_12_06_03_GMT_384_segment_010.mp3,इन लोगों के साथ पहला जो interaction होगा वो एक orientation call होगा आपका
s3://label-studio-in/STT_Audio_Datasets/Cult_Source/2723118_2025_02_12_06_03_GMT_384_segment_012.mp3,fitness expert के साथ पहला call लेते हो तो fitness expert जो है
s3://label-studio-in/STT_Audio_Datasets/Cult_Source/2723118_2025_02_12_06_03_GMT_384_segment_014.mp3,assessment आपके तो body language को समझने के लिए आता है मान लोगी
s3://label-studio-in/STT_Audio_Datasets/Cult_Source/2723118_2025_02_12_06_03_GMT_384_segment_017.mp3,आपको बता देगी कि कैसा है क्या है करके आप कैसे follow कर सकते हो
s3://label-studio-in/STT_Audio_Datasets/Cult_Source/2723118_2025_02_12_06_03_GMT_384_segment_023.mp3,इस पर डिपेंड करता है कि आपको कौन सा class अटेंड करना है।s3://label-studio-in/STT_Audio_Datasets/YouTube_Source/Chunks_Flat/AbhishekUpmanyu_seg001_15.00_18.12.mp3
s3://label-studio-in/STT_Audio_Datasets/YouTube_Source/Chunks_Flat/AbhishekUpmanyu_seg004_39.00_42.00.mp3,"Yeah, yeah feel आ जाएगी मतलब Bombay blast की।"
s3://label-studio-in/STT_Audio_Datasets/YouTube_Source/Chunks_Flat/AbhishekUpmanyu_seg007_59.00_61.19.mp3,I think वो Jassi जैसी कोई नहीं effect हो गया था।
s3://label-studio-in/STT_Audio_Datasets/YouTube_Source/Chunks_Flat/AbhishekUpmanyu_seg010_66.00_69.00.mp3,"I think it's best कि तुम्हारी life में कुछ हुआ है, it's good"
s3://label-studio-in/STT_Audio_Datasets/YouTube_Source/Chunks_Flat/AbhishekUpmanyu_seg013_69.00_72.00.mp3,"to make a bit मैंने कहा बना दे bit भैया, of course, bit बनाओ।"
s3://label-studio-in/STT_Audio_Datasets/YouTube_Source/Chunks_Flat/AbhishekUpmanyu_seg016_74.00_76.00.mp3,तीन special हो गए है
s3://label-studio-in/STT_Audio_Datasets/YouTube_Source/Chunks_Flat/AbhishekUpmanyu_seg019_92.00_95.00.mp3,मैं तुम लोग को एक movie बताऊंगा कुछ पढ़ने की जरुरत नहीं उसके बाद।
s3://label-studio-in/STT_Audio_Datasets/YouTube_Source/Chunks_Flat/AbhishekUpmanyu_seg022_115.50_120.00.mp3,longest interview बहुत ही खास episode आज आप देखने वाले हैं because it is with
s3://label-studio-in/STT_Audio_Datasets/YouTube_Source/Chunks_Flat/AbhishekUpmanyu_seg024_182.00_188.75.mp3,"आपने मेरे पहले message का ढाई साल बाद reply किया था। Just sorry, just saw this, was in washroom."
s3://label-studio-in/STT_Audio_Datasets/YouTube_Source/Chunks_Flat/AbhishekUpmanyu_seg027_326.66_328.00.mp3,हां मतलब planned तो नहीं है।
s3://label-studio-in/STT_Audio_Datasets/YouTube_Source/Chunks_Flat/AbhishekUpmanyu_seg030_328.00_330.00.mp3,But I don't think कुछ भी planned है उसमें से।
s3://label-studio-in/STT_Audio_Datasets/YouTube_Source/Chunks_Flat/AbhishekUpmanyu_seg032_330.00_335.75.mp3,But I think उसके show का nature अब ये बन गया है क्योंकि इतने साल से वो he is known for like heckler come back और उसका
s3://label-studio-in/STT_Audio_Datasets/YouTube_Source/Chunks_Flat/AbhishekUpmanyu_seg035_339.00_347.18.mp3,"कुछ बोल देगा so I think over a period of years, he has now developed कि क्योंकि लोग यार उतने unique है नहीं जितना उन्हें लगता है।"
s3://label-studio-in/STT_Audio_Datasets/YouTube_Source/Chunks_Flat/AbhishekUpmanyu_seg038_375.00_379.19.mp3,उसकी वजह से उसको तो सबने heckle करना शुरू कर दिया। So I think that became a part of his show.
s3://label-studio-in/STT_Audio_Datasets/YouTube_Source/Chunks_Flat/AbhishekUpmanyu_seg041_382.00_385.73.mp3,वो बीच में बोलता है के आ जाओ heckle करो
s3://label-studio-in/STT_Audio_Datasets/YouTube_Source/Chunks_Flat/AbhishekUpmanyu_seg044_448.48_453.64.mp3,Award ceremony में होता है कि भाई हमें चाहिए comedian and it's their time to shine.
s3://label-studio-in/STT_Audio_Datasets/YouTube_Source/Chunks_Flat/AbhishekUpmanyu_seg047_458.91_464.91.mp3,एक है Steve Martin का एक tribute है to which is वो कौन है Simon
s3://label-studio-in/STT_Audio_Datasets/YouTube_Source/Chunks_Flat/AbhishekUpmanyu_seg049_466.00_468.00.mp3,जो main  कौन singer का नाम क्या था उसका
s3://label-studio-in/STT_Audio_Datasets/YouTube_Source/Chunks_Flat/AbhishekUpmanyu_seg051_474.00_483.77.mp3,वो उसके tribute है where he is going and giving the tribute to like ऐसे बहुत सालों के बाद उसको tribute दे रहे हैं। वहां president बैठे हुए हैं George Bush भी बैठा हुआ है
s3://label-studio-in/STT_Audio_Datasets/YouTube_Source/Chunks_Flat/AbhishekUpmanyu_seg054_501.00_537.81.mp3,"और उसके बाद वहां prime president बैठे हुए हैं George Bush और George Bush का उस time कुछ कांड हुआ था। Barbara Streisand कुछ singer को लेके where the singer had kissed him on cheek. वो सब वो बड़ा news में बड़ा फैलाया था। So he roasts the president also then and there. And then you see how you can do it while still not being offensive and taking back. और वो it's like proper. So I think that just comes to mind immediately. Steve Martin doing, Steve Martin की तो कोई भी वो देखेगा वैसे award acceptance speech या कहीं पे भी जाके वो, so I think he is probably one of the best in that."
s3://label-studio-in/STT_Audio_Datasets/YouTube_Source/Chunks_Flat/AbhishekUpmanyu_seg057_538.36_544.11.mp3,उसी की Oscar opening monologue भी I think Steve Martin का सबसे अच्छा वाला है। एक और बहुत अच्छा है जो है Woody Allen का
s3://label-studio-in/STT_Audio_Datasets/YouTube_Source/Chunks_Flat/AbhishekUpmanyu_seg060_565.00_581.88.mp3,"मेरे को एक वो याद है यही अभी Don, मैं तो heckles ही बनाऊंगा। Don Heckles का जहां पे Julia Roberts बैठी है और वो बोलती है कि Julia just stays like two blocks away from my place और वो बोलती है No no. बोलता है just not Julia you don't have any lines. And I was like bro the command he had."
s3://label-studio-in/STT_Audio_Datasets/YouTube_Source/Chunks_Flat/AbhishekUpmanyu_seg063_591.00_625.00.mp3,Also he had a persona like at some point I think all the comedians there were like it's it's an honor to be insulted by Don Rickles. Like ऐसा हो गया था कि वो हमारी बेइज्जती कर दे बस। जल्दी-जल्दी मज़ा आ जाएगा। कोई आके हमें बुड्ढा डांट जाए। तो उसका वो बड़ा likeable it's like कोई तुम्हारे दादाजी तुम्हें डांट रहे हैं तुम चुपचाप सुन लो अब जो बोल रहे हैं। Like उसने वैसा बड़ा बना लिया था persona because he started with like Groucho Marx और जब वो सब लोग थे वो उनके साथ था। Jack Benny और उन उन वाले gang में था। So everybody just came after him was like okay okay. I mean you can say whatever you want.
s3://label-studio-in/STT_Audio_Datasets/YouTube_Source/Chunks_Flat/AbhishekUpmanyu_seg066_648.00_694.47.mp3,"जो मर चुके हैं, Richard Pryor. I think definitely is probably one of the best जो मर गए हैं, Groucho Marx, Jack Benny एक है। जिसने stand up उतना नहीं किया है, but उसकी एक-दो performances कहीं मिलेंगी जहां वो हल्का-हल्का stand up कर रहा है। But I think timings wise and how to stay comfortable in silences और pauses और just face से कैसे laugh लेना है। I think Jack Benny उनमें से है मरे हुए वालों में से। अबे मर तो George Carlin भी गया है। वो भी बहुत अच्छा था। But I think Richard Pryor just comes to mind immediately like first, सबसे पहले। इंडिया में Raju Shrivastav, I think. Raju Shrivastav is one of the best I think जो आज तक रहे होंगे।"
s3://label-studio-in/STT_Audio_Datasets/YouTube_Source/Chunks_Flat/AbhishekUpmanyu_seg069_694.47_697.13.mp3,आपका favourite Raju Shrivastav bit कौन सा है?
s3://label-studio-in/STT_Audio_Datasets/YouTube_Source/Chunks_Flat/AbhishekUpmanyu_seg071_798.98_802.17.mp3,And आप ये Comedy Circus देखते थे initial days
s3://label-studio-in/STT_Audio_Datasets/YouTube_Source/Chunks_Flat/AbhishekUpmanyu_seg073_854.00_872.00.mp3,"Amanullah Khan, I even like Umer Sharif के साथ ही he used to be in competition कि कौन किसका ज्यादा वो है Pakistan में। But Umer Sharif became more popular, Bakra Qistoon पे और उसकी वजह से वो ज्यादा popular हो गए। But Amanullah Khan I think is just next level. उनका stand-up Laughter Challenge season 3 में आए थे वो। जिसमें Kapil Sharma जीता था।"
s3://label-studio-in/STT_Audio_Datasets/YouTube_Source/Chunks_Flat/AbhishekUpmanyu_seg076_1006.49_1017.91.mp3,Louis C.K. ने Louie Maze में इसपे एक scene भी डाला था जहां पे because उसके साथ actually हुआ था। ये उसका एक bit है ना कि जहां पे आप अपने बच्चे को कुछ भी बोल सकते हो। You can call him 40 Fs.
s3://label-studio-in/STT_Audio_Datasets/YouTube_Source/Chunks_Flat/AbhishekUpmanyu_seg079_1078.00_1086.00.mp3,"कभी-कभी तो यार मैंने यहां से बात कर ली। मेरा एक thought रह गया, एक word रह गया 'wow' अब मैंने 'wow' पे जाके bit लिख दिया। Bit, is it then your joke or is it my joke?"
s3://label-studio-in/STT_Audio_Datasets/YouTube_Source/Chunks_Flat/AbhishekUpmanyu_seg081_1086.00_1098.77.mp3,"See the thought can be similar but the take on it has to be different. If the take on it is also similar, it feels like चोरी की है। जो Dane Cook वाला था, वो चोरी की थी उसने।"
s3://label-studio-in/STT_Audio_Datasets/YouTube_Source/Chunks_Flat/AbhishekUpmanyu_seg084_1100.00_1101.68.mp3,जो Dane Cook ने Louis C.K. से चुराया था।
s3://label-studio-in/STT_Audio_Datasets/YouTube_Source/Chunks_Flat/AbhishekUpmanyu_seg086_1102.21_1178.83.mp3,"But scene ये है, I think हुआ क्या था कि Dane जिस time पे उसने चुराया था, उस time पे Dane Cook बहुत popular हो रहा था। Like वो Time Magazine में आ गया था कि platinum selling album comedian पहली बार था। Like he rose to fame so quickly through MySpace. He उसने ना पूरा जो जैसे American comedy circuit में उस time you had to, तुम धीरे-धीरे एक TV show पे जाओगे, फिर तुम tour करना शुरू करोगे, फिर तुम धीरे-धीरे material बनाओगे, circuit में जाओगे, सब तुम्हें जानते हैं, like the way which other comedians respect कि अच्छा इसने circuit में अपनी मरा के आगे गया है। But Dane Cook side से famous हो गया। बिकने लग गया बहुत ज्यादा। तो उस time Louis उतना popular नहीं था। Louis was only known in the circuit और उसके album वगैरह कुछ लोग सुन रहे थे। तो जो नाम वाला bit था, ये thought बहुत पुराना है कि मैं अपने बच्चे का नाम कुछ भी रख सकता हूं। But जो takes थे, वो Louis का joke भी वही था और Dane का भी ये था कि my name is, I would name my kid और उसका था F. तो it's the same, it's literally the same joke बस उसने वो change कर दिया। तो वहां पे लग रहा था कि भाई तूने चुराया है। और subconsciously भी you know, the lot of the times, some jokes have come to me that I know, मैंने कहा ये मेरा है, मेरा है क्या ये? बड़ी जल्दी आ गया दिमाग में ये।"
s3://label-studio-in/STT_Audio_Datasets/YouTube_Source/Chunks_Flat/AbhishekUpmanyu_seg089_120.00_128.86.mp3,the one and only Abhishek Upmanyu. मुझे I think 3 साल लग गए थे ये episode close करने में and it is one hell of a episode
s3://label-studio-in/STT_Audio_Datasets/YouTube_Source/Chunks_Flat/GaurangDas_seg001_62.19_68.61.mp3,"एक fundamental starting point question मेरे लिए ये है, how do you define your relationship with Krishna?"
s3://label-studio-in/STT_Audio_Datasets/YouTube_Source/Chunks_Flat/GaurangDas_seg003_79.00_95.00.mp3,"In the Gita, Krishna says, ममैवांशो जीवलोके जीवभूतः सनातनः, which basically means there are five principles to understand as per the Bhagavad Gita to be able to understand spirituality."
s3://label-studio-in/STT_Audio_Datasets/YouTube_Source/Chunks_Flat/GaurangDas_seg005_121.38_125.00.mp3,"चौथा काल, which is time and पांचवा कर्म।"
s3://label-studio-in/STT_Audio_Datasets/YouTube_Source/Chunks_Flat/GaurangDas_seg007_145.52_149.00.mp3,"विस्तृत रूप से वर्णन किया गया है, that book is known as Bhagavad Gita."
s3://label-studio-in/STT_Audio_Datasets/YouTube_Source/Chunks_Flat/GaurangDas_seg009_161.00_167.35.mp3,अहं सर्वस्य प्रभवो मत्तः सर्वं प्रवर्तते। Krishna says I am the source of everyone and everything.
s3://label-studio-in/STT_Audio_Datasets/YouTube_Source/Chunks_Flat/GaurangDas_seg011_168.00_176.07.mp3,"सबके मैं स्रोत हूं। So therefore, the relationship is described as that of eternal servitude."
s3://label-studio-in/STT_Audio_Datasets/YouTube_Source/Chunks_Flat/GaurangDas_seg013_317.85_326.62.mp3,सेवा का अर्थ केवल कार्य है। There is a misunderstanding that duty only means action.
s3://label-studio-in/STT_Audio_Datasets/YouTube_Source/Chunks_Flat/GaurangDas_seg015_413.55_424.14.mp3,"अंग्रेजी में अगर बोला जाए, duty has three elements. First, you have to have purity in proclivity or intention."
s3://label-studio-in/STT_Audio_Datasets/YouTube_Source/Chunks_Flat/GaurangDas_seg017_455.00_469.69.mp3,"So therefore, purity in proclivity means rather than working out of fear or desire, भय से या इच्छा से कार्य करने के बदले हम कम से कम कर्तव्य परायणता या प्रेम के स्तर पर आएं।"
s3://label-studio-in/STT_Audio_Datasets/YouTube_Source/Chunks_Flat/GaurangDas_seg019_470.90_477.00.mp3,जिससे कि हम कार्य करें। So that is called purity. So it is called refining of intention.
s3://label-studio-in/STT_Audio_Datasets/YouTube_Source/Chunks_Flat/CollegeDrop_seg001_467.52_482.41.mp3,"guarantee, I think now it is when I reflect back, if I knew 20% of what I know today, I would have never tried. So that's why I said naivety is good. कम पता हो तो अच्छा होता है क्योंकि कम से कम ऐसा लगता है कि चलो हम कर लेंगे. Because you don’t know how hard it is, how risky it is, you know you thought you know..."
s3://label-studio-in/STT_Audio_Datasets/YouTube_Source/Chunks_Flat/CollegeDrop_seg003_528.67_563.92.mp3,"नहीं, I don’t think I suggest that. I think what I suggest is... देखिए मैं आपको बताता हूँ कि जब मैंने 12वीं के बाद में, जब मैंने सोचा कि मैं करता हूँ. I’ll tell you I had this open conversation with my parents. I called them, I said ये है. Of course, they were quite disappointed when they figured that I was planning to do something like this. Uh, but my view was saying that आगे चलकर के मुझे investors को convince करना है, customers को convince करना है, तो अगर मैं अपने parents को नहीं convince कर सकता कि वो मुझे support करें, तो मैं किसे support कर सकता हूँ? तो मुझे लगता है कि actually parents can be your best support ecosystem. It doesn’t matter you stay with them or you don’t stay with them."
s3://label-studio-in/STT_Audio_Datasets/YouTube_Source/Chunks_Flat/CollegeDrop_seg005_573.45_596.89.mp3,"I say that it’s okay to uh, you know, not okay, I actually encourage you to stay with parents but to the extent you are able to have an open conversation with them. And convince them. And you know some people say कि नहीं वो नहीं मानते हैं, हमारी thinking अलग है. But it’s critical to know that अगर आपने 100 लोगों को convince करना है आगे चलकर के investors को, customers को, uh partners को, सबको convince करना है. तो ये तो आपके parents हैं."
s3://label-studio-in/STT_Audio_Datasets/YouTube_Source/Chunks_Flat/CollegeDrop_seg007_801.00_811.89.mp3,"In fact, you just pointed out, right? कि internet पे ऐसा चल रहा है, मैंने भी कहीं पढ़ा था. I think किसी page पे आया था that in the beginning years stay away from family Ritesh Agarwal ne bola hai."
s3://label-studio-in/STT_Audio_Datasets/YouTube_Source/Chunks_Flat/CollegeDrop_seg009_873.85_919.00.mp3,"So people say that how do you convince your parents to do something like this? And I also have the same thing that कि किसी को भी convince करने के लिए whether वो customer है, investors है, तुम्हें उनको पहले समझना पड़ता है. पहले तुम उनको समझोगे, फिर उनकी needs or wants understand करोगे, फिर उनको क्या चाहिए और कहाँ पे problem है वो solve करोगे by providing a solution, right? तो यहां पे तो तुम्हें journey ground zero से start करनी है. Parents को तो तुम already समझते हो. तो तुम्हारे लिए easier होना चाहिए comparatively to customers. If you want to build a business और तुम चाहते हो कि हजारों, लाखों customers तुमसे सीखें और तुम्हारा product खरीदें और तुम उनको समझ के आगे चीजें करो, उससे better है कि तुम पहले parents को समझ जाओ और समझा दो. Correct. तो लाखों लोग कैसे खरीदेंगे जब दो लोग नहीं समझ रहे तो."
s3://label-studio-in/STT_Audio_Datasets/YouTube_Source/Chunks_Flat/CollegeDrop_seg011_965.00_999.00.mp3,"Which is there. The second thing you said like you started investing a lot of time with your small business owners. And मेरी journey भी ऐसी ही थी. I found out a product-market fit in such a, in in like a typical language was dishwash gel for me. Because what I did as a 16 year old, मेरे को ये था कि मुझे FMCG product करना है. क्योंकि मैंने एक book पढ़ ली थी Think and Grow Rich and there was this guy Andrew Carnegie, वो बोलता है कि ऐसी चीज में product or business बनाओ जो daily use हो, जिसकी आदत लग जाए, जो कभी खत्म नहीं हो, recession proof. तो मुझे लगा ऐसी चीजें तो kirana store पे मिलती हैं, right?"
s3://label-studio-in/STT_Audio_Datasets/YouTube_Source/Chunks_Flat/CollegeDrop_seg013_999.00_1032.00.mp3,"And as a kid, what would you feel? कि kirana store पे हाँ, साबुन से नहाना कोई बंद नहीं करेगा. आटा, दाल लेना कोई बंद नहीं करेगा. So I started spending a lot of time with these kirana stores. I would just go there and stand and just observe them. And then I observed that the, in 2013-14, the world was shifting to liquids. Hand soaps were getting replaced by handwash. Bathing soaps were also getting replaced by shower gels. And dishwash bars were getting replaced by dishwash gels. तो मुझे ये insight ही पता नहीं चलता कभी अगर मैं वहां जाके खड़ा नहीं होता कि लोग liquid के लिए ज्यादा pay करते हैं comparatively to solids."
s3://label-studio-in/STT_Audio_Datasets/YouTube_Source/Chunks_Flat/CollegeDrop_seg015_1032.81_1065.78.mp3,"And that’s how I started a business in the liquids and then we built it. So, it’s very important as someone who’s watching that to spend their time with small businesses. Right? And with small business insight I want to pick this up. कि I was reading that there are there are two types of businesses in today’s world, tech for good and tech consolidation. Right? तो अधिकतर लोग ऐसा बोलते हैं कि tech companies जो होती हैं वो small business empowerment के लिए आती हैं और फिर उसके बाद इतना ज्यादा control और consolidate कर देती हैं कि they run the power."
s3://label-studio-in/STT_Audio_Datasets/YouTube_Source/Chunks_Flat/CollegeDrop_seg017_1065.79_1113.79.mp3,"So how do you feel that you are empowering people? How do you feel that this is not the case with? Because I understand कि एक जो Ola driver है वो पहले कुछ नहीं कमा रहा था लेकिन अब Ola के साथ बहुत कमा रहा है. लेकिन technically in one way, Ola has a lot of power now, where they can decide which driver is gonna earn how much. I don’t know if they are doing that or not. I am not claiming that. I’m just saying that there’s a lot of power. Do you think it’s a good power or a bad power और इसको कैसे use कर सकते हैं? और OYO कैसे कर रहा है? Because if you are building like the largest chain, then you will be one of those key players जिसकी एक moral responsibility होगी कि जितने लोग हैं, जितने लोग connected हैं, वो लोग सब grow हों आपके साथ. And it doesn’t become the power good which stays beyond your like, let’s say after if you leave, how are you gonna ensure कि ये same mission पे भी चले जा रहे हैं?"
s3://label-studio-in/STT_Audio_Datasets/YouTube_Source/Chunks_Flat/CollegeDrop_seg019_1113.89_1153.00.mp3,"तो राज देखिए सबसे पहले uh जो आपने बताया कि uh आप जाकर के kirana की दुकान में खड़े रहते थे, सबसे पहले ये समझना जरूरी है कि India ऐसी देश है जहां की पूरी economy fuel होती है छोटे businesses से. चाहे वो kirana की दुकान है, चाहे वो पास का automobile shop है, चाहे वो पास का uh shop है जो cobbler है या फिर blacksmith है, या फिर जो छोटा सा restaurant चलाता है अभी restaurant हम इसे कहते हैं but like a small shop where you get your food from, if you have to bring it from outside, छोटा सा ढाबा कहीं पे हो तो. Equal and a lot of. ये ये these are the people driving or not driving, thriving and leading Indian economy."
s3://label-studio-in/STT_Audio_Datasets/YouTube_Source/Chunks_Flat/CollegeDrop_seg021_1154.00_1195.00.mp3,"Right? तो technology ecosystem के लिए सबसे बड़ा value है कि इनको आ करके और मदद करें और इनको और successful बनाएं. There will be companies who will say कि अच्छा नहीं, I will come in and create a better blacksmith store. I will come in and create a better kirana store. I will come and create a better repair shop. These are two models of building businesses. मेरा perspective है कि India के अंदर में क्योंकि small businesses इतने systemic हैं और वो इतने अच्छे India is by design an entrepreneurial nation. हमारे यहां पे लोगों में हमेशा ये idea चलता रहता है कि क्या business, मैं तो Gurgaon से हूँ. Gurgaon में हर इंसान real estate में involved है."
s3://label-studio-in/STT_Audio_Datasets/YouTube_Source/Chunks_Flat/CollegeDrop_seg023_1265.35_1291.08.mp3,अच्छा kirana shop में अभी telecom recharge भी बिकने लगी है. अच्छा kirana shop के अंदर में अभी Amazon की deliveries uh और e-commerce Amazon Flipkart सबकी deliveries की enablement होनी शुरू हो गई है. So they are becoming now the local ecosystem leader versus just being the seller. And hence basis that I will build a business which can either be a dishwashing gel or being the hub and spoke beside themselves.
s3://label-studio-in/STT_Audio_Datasets/YouTube_Source/Chunks_Flat/CollegeDrop_seg025_1298.26_1309.38.mp3,"तो हमेशा अपने आप को पूछना कि अच्छा इस experience से क्या reflect करके मैं बेहतर कर सकता हूँ. And I do this at OYO all the time right जैसे uh you know and I think this is a good segue to talk about uh tech’s power for good, right?"
s3://label-studio-in/STT_Audio_Datasets/YouTube_Source/Chunks_Flat/DecodeLove_seg001_19.18_22.21.mp3,"Step by step, आपने देखा, top to bottom, और कहा, wow."
s3://label-studio-in/STT_Audio_Datasets/YouTube_Source/Chunks_Flat/DecodeLove_seg003_124.19_140.00.mp3,"What is the difference between confidently approach करना versus एक cocky और arrogant, मतलब बहुत ही douche तरीके में approach करना और एक underconfident तरीके से? ये तीनों की body languages क्या होती है?"
s3://label-studio-in/STT_Audio_Datasets/YouTube_Source/Chunks_Flat/DecodeLove_seg005_140.53_165.00.mp3,"अह... before that, zeroth step, is to see if the woman is open. ये चीज़ लोग नहीं करते हैं, okay, specially men. Because they are very simple, dumb in terms of looking at body language and decoding. Women are very sharp. तो पहले एक चीज़ हमें यह देखनी चाहिए कि लड़की सच में is she open to meet someone?"
s3://label-studio-in/STT_Audio_Datasets/YouTube_Source/Chunks_Flat/DecodeLove_seg007_167.00_183.00.mp3,"तो वो अगर खड़ी है, let's say, it's a counter, bar counter, तो वो bartender की तरफ नहीं देख रही होगी। वो opposite रही होगी। तो अब अगर ये bar counter है, तो एक लड़की ऐसे खड़ी होगी with her drinks. This is totally open. कि I'm open to talk."
s3://label-studio-in/STT_Audio_Datasets/YouTube_Source/Chunks_Flat/DecodeLove_seg009_194.00_197.00.mp3,और क्या signs होते हैं जैसे अगर वो group में है तो is she open to talk?
s3://label-studio-in/STT_Audio_Datasets/YouTube_Source/Chunks_Flat/DecodeLove_seg011_232.16_246.55.mp3,"Okay, तो ये एक group of girls, five girls, ये लड़का है। तो उस लड़की को किसी को... इन पांचों में से... किसी के साथ eye contact establish करना पड़ेगा। Is that what you're saying?"
s3://label-studio-in/STT_Audio_Datasets/YouTube_Source/Chunks_Flat/DecodeLove_seg013_277.18_286.54.mp3,"So... या तो भाई आप उस level के हैं तो मतलब आप जैसे ही गए तो लड़की बोल देगी oh my god, यार you want to take me out on a date or something? वो अलग बात है।"
s3://label-studio-in/STT_Audio_Datasets/YouTube_Source/Chunks_Flat/DecodeLove_seg015_297.00_307.00.mp3,"Second is when there is even a brief eye contact, second level is to have an exchange of smile. ये चीज़ भी again लोग नहीं करते हैं।"
s3://label-studio-in/STT_Audio_Datasets/YouTube_Source/Chunks_Flat/DecodeLove_seg017_325.78_333.00.mp3,"Then now, मान लीजिए चलो लड़की ने देखा and she didn't smile, but she held her gaze also."
s3://label-studio-in/STT_Audio_Datasets/YouTube_Source/Chunks_Flat/DecodeLove_seg019_335.00_349.00.mp3,"तो अब मैंने देखा किसी को और मैंने देखा smile कर रहा है, तो I didn't look away immediately but I looked at him for maybe a one second or so and then I moved my gaze away from him. That is still a maybe, मतलब there's a chance."
s3://label-studio-in/STT_Audio_Datasets/YouTube_Source/Chunks_Flat/DecodeLove_seg021_355.00_377.62.mp3,"Right, but there has to be, when a girl is smiling at you, that's a chance that oh, you can actually have a conversation. It does not have to be a creepy conversation. क्योंकि भाई networking भी तो हो सकती है, शायद business का कोई idea मिल जाए, शायद पुराना दोस्त कोई निकल आए। So that does not mean हंसी तो फंसी। हंसी तो she is agreeing to talk at least is a sign."
s3://label-studio-in/STT_Audio_Datasets/YouTube_Source/Chunks_Flat/DecodeLove_seg023_379.00_390.51.mp3,"Smiles a little bit at you, and then also a person should not immediately approach, take time. क्योंकि ऐसे उसने smile किया और जल्दी से आ गया मैं उसके बाद बात करने, तो फिर वो, it is again a no."
s3://label-studio-in/STT_Audio_Datasets/YouTube_Source/Chunks_Flat/DecodeLove_seg025_418.00_427.00.mp3,"But aren't girl, like, girls परेशान नहीं होगी हर कोई आके उनको ये बोलता है beautiful smile oh you look pretty or ये हर लड़की को 50 लोग बोलते होंगे।"
s3://label-studio-in/STT_Audio_Datasets/YouTube_Source/Chunks_Flat/DecodeLove_seg027_469.28_490.40.mp3,"तो अगर ऐसे बोलते हैं, आठ सेकंड से ज्यादा, अगर आप ऐसे setup में है, romantic setup में और and you both are exchanging glances, आठ सेकंड से ज्यादा अगर एक deep eye contact हुआ, तो या तो इसका मतलब होता physical intimacy या तो होता है murder. मैं मार दूंगा मैं, killing. So, it is very intense eye contact."
s3://label-studio-in/STT_Audio_Datasets/YouTube_Source/Chunks_Flat/DecodeLove_seg029_491.00_500.55.mp3,"धीरे धीरे धीरे धीरे, and this is where most of the men go wrong. Patience नहीं रहता है। तो आप जिसको approach करना चाहते हैं, एकदम तुरंत से जाके approach नहीं कीजिए।"
s3://label-studio-in/STT_Audio_Datasets/YouTube_Source/Chunks_Flat/DecodeLove_seg031_512.40_515.22.mp3,तो ये एक general way of approaching होता है।
s3://label-studio-in/STT_Audio_Datasets/YouTube_Source/Chunks_Flat/DecodeLove_seg033_516.47_518.00.mp3,Step zero था। हां step zero था।
s3://label-studio-in/STT_Audio_Datasets/YouTube_Source/Chunks_Flat/DecodeLove_seg035_518.32_522.25.mp3,"अब आप जाते हो बात करने, yes, अब now the three levels?"
s3://label-studio-in/STT_Audio_Datasets/YouTube_Source/Chunks_Flat/DecodeLove_seg037_524.64_542.00.mp3,"Step zero में, अगर लड़की ने आपको देख भी लिया, पहले तो अगर नहीं देखा तो it's a no, don't go. अगर देख लिया, acknowledge कर लिया, smile कर दिया, तो don't be a creep. Direct जाके मत चले जाओ। Right, wait, open करो धीरे-धीरे धीरे-धीरे, then let her be inviting and then you go."
s3://label-studio-in/STT_Audio_Datasets/YouTube_Source/Chunks_Flat/DecodeLove_seg039_545.00_553.24.mp3,"And also, even better, अगर लड़की आपको notice करे किसी तरह, मतलब अपने आप को notice करवाना।"
s3://label-studio-in/STT_Audio_Datasets/YouTube_Source/Chunks_Flat/DecodeLove_seg041_573.00_639.58.mp3,"तो if अगर आपको किसी लड़की को या लड़के को approach करना है, तो आप genuinely वो देखो कि उसकी current state क्या है। यहां वो इंसान किस state के लिए उधर आया है। And उसको अगर ऐसा आप feel करा दोगे कि वो जिस भी reason के लिए आई है या आया है, वो आप expand करते हो, तो she will automatically come and get attracted to you. So for example, अगर एक लड़की है वो सिर्फ आज party में dance करने आई है उसे कोई मतलब नहीं है। And you go and you are a better dancer and you are fun और तुम ज्यादा मस्ती कर रहे हो dance करते हैं she will definitely dance with you. Maybe कुछ हो नहीं हो that's a different thing but she will love to dance with you. अगर आप एक business conference में हो जहां पे वो कुछ सीखने आई है और आप बहुत learned हो आपने उसकी state expand कर दी, maybe वो सबसे good looking के पास नहीं जाएगी वो आपके पास ही आपके से attract हो के आएगी because you're teaching her more. So it's whatever state she is in, workout, gym में बहुत होता है ये। कि a girl who is going to learn boxing और वो सीखने जा रही है या किसी भी reason से जा रही है, और वहां पे आप already, उसका वो experience और better करवाने में उसकी help कर देते हो या कुछ ऐसा सिखा देते हो जो maybe as a beginner आपने mistake करी थी और उसने नहीं करी। She would definitely talk to you."
s3://label-studio-in/STT_Audio_Datasets/YouTube_Source/Chunks_Flat/GOT_seg001_49.63_52.65.mp3,"...तो ये आप लाइन कैसे पढ़ते? Did you put your name into the Goblet of Fire, Harry?"
s3://label-studio-in/STT_Audio_Datasets/YouTube_Source/Chunks_Flat/GOT_seg003_91.28_95.00.mp3,आप professionally इस चीज़ को singing कैसे... How can you pass this off as singing? How?
s3://label-studio-in/STT_Audio_Datasets/YouTube_Source/Chunks_Flat/GOT_seg005_99.91_103.00.mp3,ये करने से sadness नहीं आती। Vocal fry is not sadness.
s3://label-studio-in/STT_Audio_Datasets/YouTube_Source/Chunks_Flat/GOT_seg007_111.77_118.08.mp3,"Hey guys, welcome to another episode of The Longest Interview Season 3. आज का एपिसोड है with करुणेश तलवार।"
s3://label-studio-in/STT_Audio_Datasets/YouTube_Source/Chunks_Flat/GOT_seg009_123.50_136.79.mp3,"करुणेश से हमने फिल्मों की बातें करी, किताबों की बातें करी, stand-up, all sorts of recommendations we took from him. This episode is presented by LIT School. I'll talk about all the brands who help us do this towards the end, so do stay for that."
s3://label-studio-in/STT_Audio_Datasets/YouTube_Source/Chunks_Flat/GOT_seg011_159.00_162.30.mp3,"हाँ यार, thank you for coming. मैं गोवा रहता हूँ, thank you for accommodating me."
s3://label-studio-in/STT_Audio_Datasets/YouTube_Source/Chunks_Flat/GOT_seg013_162.66_167.00.mp3,"मेरे को खुशी है हमने सेटअप रीक्रिएट कर लिया, which is always a big deal for us."
s3://label-studio-in/STT_Audio_Datasets/YouTube_Source/Chunks_Flat/GOT_seg015_168.29_174.94.mp3,"Actually मेरा main intention आपको Longest Interview पे invite करने का था, I wanted you to give a masterclass on Rakesh Roshan."
s3://label-studio-in/STT_Audio_Datasets/YouTube_Source/Chunks_Flat/GOT_seg017_176.00_179.19.mp3,मुझे लगता है कि you understand that world very well.
s3://label-studio-in/STT_Audio_Datasets/YouTube_Source/Chunks_Flat/GOT_seg019_252.40_257.09.mp3,Like that's how I decide कि मुझे stand-up में क्या करना है। मुझे reality TV देख के बहुत तेज गुस्सा आता है।
s3://label-studio-in/STT_Audio_Datasets/YouTube_Source/Chunks_Flat/GOT_seg021_428.04_436.04.mp3,"और फिर वो mask हटता है। Like people pretend to be friends with each other and then suddenly वो आता है। हाँ, sports car rent करके आता है ये। You know."
s3://label-studio-in/STT_Audio_Datasets/YouTube_Source/Chunks_Flat/GOT_seg023_646.46_652.48.mp3,"As a kid, I didn't know. I was like, अच्छा लगता है ये picture देख के। अंदर से एक अच्छी feeling आती है बस। यही था।"
s3://label-studio-in/STT_Audio_Datasets/YouTube_Source/Chunks_Flat/GOT_seg025_665.70_675.38.mp3,"...मम्मी पापा थे, स्कूल था, यही सारी चीजें थी। It's, it's all about escape, right? Like, especially when you're a kid, anything you consume is about escaping into a world of like semi-fantasy."
s3://label-studio-in/STT_Audio_Datasets/YouTube_Source/Chunks_Flat/GOT_seg027_689.00_697.95.mp3,"In India, obviously Hera Pheri, Hungama, Hulchul. To be honest, मैंने उतनी देखी नहीं है जितनी you would imagine कि मैंने देखी हो।"
s3://label-studio-in/STT_Audio_Datasets/YouTube_Source/Chunks_Flat/GOT_seg029_746.70_758.60.mp3,"मेहमूद, केष्टो मुखर्जी, ये सारे लोग, किशोर कुमार... just one of the finest... मतलब singer तो खैर हैं ही, पर one of the finest comedic actors of all time. Like, you know, तो मेरे हिसाब से तो, तो ये these guys."
s3://label-studio-in/STT_Audio_Datasets/YouTube_Source/Chunks_Flat/GOT_seg031_766.20_791.02.mp3,"Louie, obviously, like is my favorite TV comedy that I've ever seen. मतलब it's one of those shows जो... again जितनी बार Louie के specials देखे हैं उतनी ही बार वो show देखा है। पर अब एक चीज़ हो गई है। जब से ये Louie got outed for the things that he did, उस time से उसके जो भी sexual bits हैं ना, उसमें discomfort तो होता ही है।"
s3://label-studio-in/STT_Audio_Datasets/YouTube_Source/Chunks_Flat/GOT_seg033_883.34_889.27.mp3,Hacks करके एक शो है जो comedy पे ही based है। It's about an aging comedian who hires a young writer.
s3://label-studio-in/STT_Audio_Datasets/YouTube_Source/Chunks_Flat/GOT_seg035_1027.16_1039.35.mp3,"तो हाँ है ही। Over a prolonged career, ऐसा होता ही है। And I think it's because आपको हमेशा अपने ideas के पीछे conviction रखनी ही पड़ेगी। आपको delusional होना ही पड़ेगा कुछ हद तक।"
s3://label-studio-in/STT_Audio_Datasets/YouTube_Source/Chunks_Flat/GOT_seg037_1135.31_1150.00.mp3,"...जो मुझे Baby Driver में बिल्कुल नहीं feel हुआ। मैं... that film washed over me. And then there are a lot of like, cinema nerd friends who I'm like 'यार, मुझे पता नहीं कि मैं गधा हूँ या तुम poser हो।' ठीक है? क्योंकि वो लोग मेरेको ऐसी चीजें recommend... Tree of Life देख।"
s3://label-studio-in/STT_Audio_Datasets/YouTube_Source/Chunks_Flat/GOT_seg039_1163.23_1165.08.mp3,"I can't be like 'भाई, क्या picture, ये वो।'"
s3://label-studio-in/STT_Audio_Datasets/YouTube_Source/Chunks_Flat/GOT_seg041_1177.00_1180.00.mp3,क्या मतलब है इसका? ये क्या हो रहा है? I don't get it.
s3://label-studio-in/STT_Audio_Datasets/YouTube_Source/Chunks_Flat/GOT_seg043_1228.65_1240.76.mp3,"That made me really emotional. I really connected with the film. So I really loved that experience. But those are few and far between जहाँ पे मुझे ऐसा लगता है कि, चलो ठीक है, मुझे exactly समझ में नहीं आया कि क्या हुआ हो सकता है, पर मुझे मज़ा बहुत आया।"
s3://label-studio-in/STT_Audio_Datasets/YouTube_Source/Chunks_Flat/Livein_seg001_0.35_3.45.mp3,The the first knee-jerk reaction is कि हम छुपा लेते हैं।
s3://label-studio-in/STT_Audio_Datasets/YouTube_Source/Chunks_Flat/Livein_seg003_6.00_8.70.mp3,"आपके parents भी same city में है, then you can't hide it."
s3://label-studio-in/STT_Audio_Datasets/YouTube_Source/Chunks_Flat/Livein_seg005_50.54_58.00.mp3,मुझे एक चीज पूछनी है आपसे कि what is the health of Indian women today? How are they doing?
s3://label-studio-in/STT_Audio_Datasets/YouTube_Source/Chunks_Flat/Livein_seg007_111.98_122.29.mp3,how we also understand the idea of what it means to become modern. जब हम modernity के बारे में India में बात करते हैं we are very selective.
s3://label-studio-in/STT_Audio_Datasets/YouTube_Source/Chunks_Flat/Livein_seg009_246.90_256.52.mp3,हम बहुत सारी चीजों को नए तरीके से समझने की कोशिश कर रहे थे and one of the very important concepts is that of a new woman.
s3://label-studio-in/STT_Audio_Datasets/YouTube_Source/Chunks_Flat/Livein_seg011_279.00_287.84.mp3,कि सबसे पहला job तो है to get married. There's there's no question about it. There's no other way out. शादी होनी ही है।
s3://label-studio-in/STT_Audio_Datasets/YouTube_Source/Chunks_Flat/Livein_seg013_327.00_346.63.mp3,"In fact एक बहुत ही important work भी लिखी हुई है इस पे by Rabindranath Tagore, translated as Home and the World which discusses this entire politics कि क्यों men को ही बाहर रहना चाहिए and why they should only be talking about India's independence and not women."
s3://label-studio-in/STT_Audio_Datasets/YouTube_Source/Chunks_Flat/Livein_seg015_446.00_454.55.mp3,"And of course it depends on how we uh you know frame those narratives कि कुछ narratives हैं जो ज्यादा prominent होते हैं, कुछ नहीं होते हैं"
s3://label-studio-in/STT_Audio_Datasets/YouTube_Source/Chunks_Flat/Livein_seg017_493.15_504.00.mp3,but then we don't see those narratives surfacing very often in in our everyday lives. मतलब जैसे मैंने जो notice किया है comedy को लेके
s3://label-studio-in/STT_Audio_Datasets/YouTube_Source/Chunks_Flat/Livein_seg019_504.75_511.43.mp3,"उसमें एक चीज मुझे लगता है कि of course, there are more men doing comedy than women. Yeah. Definitely."
s3://label-studio-in/STT_Audio_Datasets/YouTube_Source/Chunks_Flat/Livein_seg021_518.00_532.00.mp3,"Yeah. By that logic. फिर उसके बाद क्या होता है ना unfunny men, nobody is like हंसना था क्या? ये करेगा क्या? Couldn't start laughing and they make fun of it and it's become in popular culture where everybody participates on, see,"
s3://label-studio-in/STT_Audio_Datasets/YouTube_Source/Chunks_Flat/Livein_seg023_532.00_545.00.mp3,"we are all work in progress as comedians. हमारा सब काम वही है कि आप अपने पिछले show से ज्यादा बेहतर हो आज। And it is a time thing like if I see my 2017 videos, sometimes I am also cringing कि"
s3://label-studio-in/STT_Audio_Datasets/YouTube_Source/Chunks_Flat/Livein_seg025_545.00_559.76.mp3,so those things happen but I don't think we give women in comedy a fair space or by not just the men and वो तो ठीक ठाक behave करते हैं वो but audience ही उनको space नहीं दे रहा है उसका क्या reason है?
s3://label-studio-in/STT_Audio_Datasets/YouTube_Source/Chunks_Flat/Livein_seg027_609.07_623.58.mp3,"Even fighting at each and every level in India is quite interesting because जब हम बोलते हैं कि first wave feminism happened because of voting rights, women demanded that. India में नहीं करना पड़ा because India में independence के साथ ही women के पास voting rights थे"
s3://label-studio-in/STT_Audio_Datasets/YouTube_Source/Chunks_Flat/Livein_seg029_628.00_643.05.mp3,"तो जरूरी नहीं है कि India में जो women की जो fight है to ask for their space, to assert their agency, will overlap or coincide with that. तो हमारे अपने बहुत ही peculiar examples हैं"
s3://label-studio-in/STT_Audio_Datasets/YouTube_Source/Chunks_Flat/Livein_seg031_775.00_816.70.mp3,"And in fact what's also interesting is कि उनको वो fascination भी इसलिए आया because she wanted to be able to read holy scriptures. That's again another structural issue कि जब आप अपने rights के लिए भी कर रहे हैं लड़ाई तो वो भी एक certain restricted sense में ही होना चाहिए. For instance if somebody wants to learn how to read and write in order to be able to read scriptures, then it will be readily accepted. तो what this woman does is she would steal papers from the notebooks of her kids and because आगे ऐसे पल्लू रहता था she would just hold one of the leaves and try to read while she is cooking."
s3://label-studio-in/STT_Audio_Datasets/YouTube_Source/Chunks_Flat/Livein_seg033_863.86_871.00.mp3,"So for instance, she did not approve of women जिनके छोटे बाल थे। तो so she had her own problems."
s3://label-studio-in/STT_Audio_Datasets/YouTube_Source/Chunks_Flat/Livein_seg035_925.24_975.15.mp3,"But जब आप उस text को भी ध्यान से पढ़ोगे तो you'll see that she's also somebody who tells you कि औरत को पतिव्रता तो होना ही होगा and then she defines पतिव्रता or what it means to be a woman obeying a husband. Even though her marriage was of a very different kind of marriage, she was married to this man and both of them lived in her own house. So she never left her home after marriage. तो वो वही रहती थी. And because we are talking about acceptance, so there are other works about her क्योंकि उन्होंने उसके बाद और कुछ नहीं लिखा. In fact uh I should also mention जो 'Stri Purush Tulna' था it was not unlike the other woman that I was talking about, an autobiographical piece. She published it in one of the weekly newspapers."
s3://label-studio-in/STT_Audio_Datasets/YouTube_Source/Chunks_Flat/Livein_seg037_1019.00_1029.00.mp3,But that was not really the case. She was perhaps doing it क्योंकि वो बच्चे जाके उनके खेत में कुछ बदमाशी कर रहे होंगे and she was just trying to shoo them away.
s3://label-studio-in/STT_Audio_Datasets/YouTube_Source/Chunks_Flat/Livein_seg039_1046.01_1061.29.mp3,"कि क्यों अभी नहीं आ रहा है society में acceptance? Because वो तो पहले भी नहीं था and usko we will have to constantly interrogate it. Again as part of a lot of revivalist movements in India, there were public events that were organized."
s3://label-studio-in/STT_Audio_Datasets/YouTube_Source/Chunks_Flat/Livein_seg041_1088.00_1108.00.mp3,"So these were all the Ganesh melas for which women were invited and you would think कि women को invite किया गया of course मतलब it's it's so progressive and it is, but उनको वहां पे invite करके क्या बोला जा रहा है? उन मेले में क्या होता था कि there would be a lot of songs that would be written, poems जो perform किए जाते थे."
s3://label-studio-in/STT_Audio_Datasets/YouTube_Source/Chunks_Flat/Livein_seg043_1136.96_1152.15.mp3,"So again the very idea कि you are also being denied this space कि आप खुद से सोच सकते हो कि आपको क्या करना है. आप यह इसलिए कर रहे हो क्योंकि men are also doing it. She too prefers to learn numbers, she can no longer draw the rangoli"
s3://label-studio-in/STT_Audio_Datasets/YouTube_Source/Chunks_Flat/Livein_seg045_1152.63_1160.00.mp3,"because that is also culturally very important, but serves it as sought that too on the kheer. So you see how the distinction goes कि रंगोली के जो colors है उसको आप kheer पे डाल दे रहे हो because you don't even know कि it's not edible."
s3://label-studio-in/STT_Audio_Datasets/YouTube_Source/Chunks_Flat/Livein_seg047_1198.00_1218.57.mp3,"Yeah, in fact हम थोड़ा और in fact time में भी आगे आ सकते हैं, something that is prevalent even today. Because जब हम women और space के politics के बारे में बात करते हैं, we of course respect women in India. I mean we should respect women everywhere, but narrative हमेशा ये रहता है कि Indian women are the most respected."
s3://label-studio-in/STT_Audio_Datasets/YouTube_Source/Chunks_Flat/Livein_seg049_1218.71_1232.75.mp3,"और उसके पीछे भी there's again a structural reason. Because very often हम क्या करते हैं, हम women को elevate कर देते हैं to the status of Goddess. जैसे बोलना घर की Lakshmi या Annapurna"
s3://label-studio-in/STT_Audio_Datasets/YouTube_Source/Chunks_Flat/Livein_seg051_1295.52_1310.32.mp3,"वो इंसान यह सोचे भी ना, women यह सोचे भी ना कि उनके साथ कुछ गलत हो रहा है। और जैसे ही ये सोच आए, तो perhaps the mind can directly go uh to the idea towards the idea कि मैं तो I'm like a goddess"
s3://label-studio-in/STT_Audio_Datasets/YouTube_Source/Chunks_Flat/Livein_seg053_1366.00_1388.00.mp3,I believe फिलहाल कुछ time पहले भी live in को लेके काफी discussion हुआ था because of the Uttarakhand UCC that was implemented. As as part of my research I was interviewing a few people about live in relationships and their situation in it. कुछ बहुत ही common observations थे that that in fact we can talk about.
s3://label-studio-in/STT_Audio_Datasets/YouTube_Source/Chunks_Flat/Livein_seg055_1406.54_1425.00.mp3,"And of course your parents may not agree but if they agree, वो willingness भी पूरा नहीं है because of course they would then want to uh ask you कि क्या हम अपने relatives को बोले कि you are about to be engaged या you will be engaged या you will get married."
s3://label-studio-in/STT_Audio_Datasets/YouTube_Source/Chunks_Flat/Livein_seg057_1450.00_1459.49.mp3,"जैसे आपने पढ़ाई की, आपने job लिया, you will get married, you will have children. अगर आप इससे deviate करते हो तो यह structural deviation है society में।"
s3://label-studio-in/STT_Audio_Datasets/YouTube_Source/Chunks_Flat/Livein_seg059_1459.46_1470.32.mp3,"And of course everybody has a certain role to perform. And the moment हम उस role को perform करने से कहीं चूक जाते हैं, तो of course there's criticism,"
s3://label-studio-in/STT_Audio_Datasets/YouTube_Source/Chunks_Flat/Livein_seg061_1508.72_1526.76.mp3,"other than your family members, there are third parties, brokers हैं, landlords हैं who come with their own biases. तो a lot of times brokers ही आपको बोलेंगे आप झूठ ही बोल दो ना कि आप engaged हो, क्या जा रहा है आपका? आपको भी घर मिल जाएगा, आपके landlord के लिए भी ठीक रहेगा।"
s3://label-studio-in/STT_Audio_Datasets/YouTube_Source/Chunks_Flat/Livein_seg063_1530.28_1563.51.mp3,"उसमें तो बहुत ही problems होते हैं. At times जब आपके landlord अगर कहीं और रहे, उस building में ना रहे तो it's better. But जब उस building में है तो they will constantly keep interfering with your daily life, कि ऐसा क्यों हो रहा है, वैसा क्यों हो रहा है? Or not just live in, I mean I'll I'll come back to it but even if you speak to a lot of women living let's say alone, single women living alone or single women living with each other as as flatmates, that is also frowned upon. Not many people want to rent them their places."
s3://label-studio-in/STT_Audio_Datasets/YouTube_Source/Chunks_Flat/Livein_seg065_1563.57_1580.58.mp3,"And when they do, वो अलग-अलग तरीकों से कई बार उन्हें परेशान करते हैं। I mean I'm not generalizing this but from my interviews this is what I have observed. उनको अगर ground floor का घर दिया तो ऊपर से कभी कुछ trash फेंक देना and to say कि बच्चे ने गलती से कर दिया।"
s3://label-studio-in/STT_Audio_Datasets/YouTube_Source/Chunks_Flat/Livein_seg067_1600.84_1623.03.mp3,"आप ensure करते हो in many cases than not कि एक ऐसा flat दिया जाए जिसमें कुछ problems हो, windows कम हो या particularly uh another important thing is कि जिसका entry बिल्कुल main entrance से ना हो, building के पीछे से हो। And this is politics of space. या सबसे ऊपर वाला कमरा देना। जहां पे lift ना हो।"
s3://label-studio-in/STT_Audio_Datasets/YouTube_Source/Chunks_Flat/Livein_seg069_1622.63_1633.57.mp3,"Lift ना हो, बहुत गर्मी हो। The idea being कि जो mainstream spaces हैं, ground floor, first floor, जो central spaces हैं, वो proper families को दिया जाए।"
s3://label-studio-in/STT_Audio_Datasets/YouTube_Source/Chunks_Flat/Livein_seg071_1644.43_1658.17.mp3,"But everything else is on the fringe. बाकी सब आप side में कहीं, it's almost as if you're trying to hide it. कि this is an imperfection of the society जिसको हम छुपा सकते हैं।"
s3://label-studio-in/STT_Audio_Datasets/YouTube_Source/Chunks_Flat/Livein_seg073_1804.00_1810.00.mp3,"तो जो भी legal age है marriage का, 18 and 21, that can be taken into account and few other things."
s3://label-studio-in/STT_Audio_Datasets/YouTube_Source/Chunks_Flat/Livein_seg075_1840.30_1857.01.mp3,"तो जब law से यह translate हो के हमारे minds में आता है, वहां पे भी there there's a lot of journey that has to be made. But that is not happening. क्योंकि law तो exist करता है और law guarantee भी करता है आपको वो protection."
s3://label-studio-in/STT_Audio_Datasets/YouTube_Source/Chunks_Flat/Livein_seg077_1873.00_1879.00.mp3,और यहां पे of course couple को किससे protection चाहिए? Not from some goons but from their own family members.
s3://label-studio-in/STT_Audio_Datasets/YouTube_Source/Chunks_Flat/Livein_seg079_1905.00_1922.00.mp3,"But according to the form, if either of the partners are below 21, उनके parents को बताना होगा. They'll have to seek permission from their parents. Parents के सारे details होने होंगे. Parents will have to give consent कि हां ठीक है we are allowing you to do that."
s3://label-studio-in/STT_Audio_Datasets/YouTube_Source/Chunks_Flat/Livein_seg081_1949.52_1962.41.mp3,अगर आप अपने boundaries transgress करोगे तो this is the consequence that you'll be met with. But we also fail to understand कि ये तो marriage relationships में भी हो रहा है। If you just look at the data
s3://label-studio-in/STT_Audio_Datasets/YouTube_Source/Chunks_Flat/Livein_seg083_1992.06_1998.52.mp3,कि marriage तो होगा ही but there's a hesitation in understanding कि नहीं भी हो सकता है।
s3://label-studio-in/STT_Audio_Datasets/YouTube_Source/Chunks_Flat/NaukriToUnicorn_seg001_681.59_691.59.mp3,"तो हमने डाल दिया कि 'We will do jobs.' क्योंकि हमको लगा कि सब, jobs are a high-interest category of information, लगा दो jobs यहां पे, लोग आ के पैसे देंगे।"
s3://label-studio-in/STT_Audio_Datasets/YouTube_Source/Chunks_Flat/NaukriToUnicorn_seg003_728.85_746.00.mp3,"हमने एक, you know, handwritten एक plan बनाया, which is now called screens and navigation, at that time there was no jargon for it that I knew of. But we said, पहले पेज पे ये होगा, फिर ये क्लिक करोगे तो यहां जाओगे, ये क्लिक करोगे तो यहां जाओगे, I built the whole tree, all that."
s3://label-studio-in/STT_Audio_Datasets/YouTube_Source/Chunks_Flat/NaukriToUnicorn_seg005_746.49_751.00.mp3,"See, job site है, we call it, इसका नाम हम रखेंगे Jobnet।"
s3://label-studio-in/STT_Audio_Datasets/YouTube_Source/Chunks_Flat/NaukriToUnicorn_seg007_763.00_784.00.mp3,"काम चालू हो गया। काम करते गए हम with those two programmers. You know, meetings हुईं, and thoda code-woad लिख लिया उन्होंने। तो, छह महीने बाद, एक और meeting हो गई। सब लोग आ गए, all the private information providers, and then they announced कि साहब, we're extremely sorry but the budget has been canceled, the project is off."
s3://label-studio-in/STT_Audio_Datasets/YouTube_Source/Chunks_Flat/NaukriToUnicorn_seg009_785.32_797.46.mp3,"93 में। But we had this whole thing ready, the plan, thought through in ‘93. No idea what to do with it, file में डाल दिया, file अलमारी में डाल दी, भूल गए।"
s3://label-studio-in/STT_Audio_Datasets/YouTube_Source/Chunks_Flat/NaukriToUnicorn_seg011_896.00_898.00.mp3,"I said, “email? ये क्या है बॉस?”"
s3://label-studio-in/STT_Audio_Datasets/YouTube_Source/Chunks_Flat/NaukriToUnicorn_seg013_1278.00_1292.69.mp3,"आपको, हमको, we had no money. But we didn't need to market because what happened was that, एक बारी किसीको पता चल गया, he would come back and he'd tell his friends about it. word-of-mouth बढ़ गया, viral हो गया।"
s3://label-studio-in/STT_Audio_Datasets/YouTube_Source/Chunks_Flat/NaukriToUnicorn_seg015_1316.00_1329.00.mp3,"...yes, अगर अख़बार में है हम free डालेंगे, अगर अख़बार में नहीं है तो हमें पैसे दो। See, we were charging 350 rupees a listing, अख़बार में it was much more expensive."
s3://label-studio-in/STT_Audio_Datasets/YouTube_Source/Chunks_Flat/NaukriToUnicorn_seg017_1473.00_1477.45.mp3,"मुझे याद है, in '97, '96 and early '97."
s3://label-studio-in/STT_Audio_Datasets/YouTube_Source/Chunks_Flat/NaukriToUnicorn_seg019_1530.00_1536.92.mp3,"अगर अख़बार में डाल सकते हो, यहां डाल सकते हो। अख़बार does not filter the application. Headhunter filters the application."
s3://label-studio-in/STT_Audio_Datasets/YouTube_Source/Chunks_Flat/NaukriToUnicorn_seg021_1542.00_1549.49.mp3,"यार उस जमाने में ज्यादा थे नहीं। Because, uh, उस ज़माने में, there weren't that many companies on the internet putting out jobs."
s3://label-studio-in/STT_Audio_Datasets/YouTube_Source/Chunks_Flat/NaukriToUnicorn_seg023_1673.00_1676.00.mp3,"2,35,000 से 18 लाख, Okay."